-- phpMyAdmin SQL Dump
-- version 4.5.1
-- http://www.phpmyadmin.net
--
-- Host: 127.0.0.1
-- Generation Time: 01 Nov 2016 pada 14.02
-- Versi Server: 10.1.10-MariaDB
-- PHP Version: 7.0.4

SET SQL_MODE = "NO_AUTO_VALUE_ON_ZERO";
SET time_zone = "+00:00";


/*!40101 SET @OLD_CHARACTER_SET_CLIENT=@@CHARACTER_SET_CLIENT */;
/*!40101 SET @OLD_CHARACTER_SET_RESULTS=@@CHARACTER_SET_RESULTS */;
/*!40101 SET @OLD_COLLATION_CONNECTION=@@COLLATION_CONNECTION */;
/*!40101 SET NAMES utf8mb4 */;

--
-- Database: `eventmanagement_db`
--

-- --------------------------------------------------------

--
-- Struktur dari tabel `ci_sessions`
--

CREATE TABLE `ci_sessions` (
  `id` varchar(40) NOT NULL,
  `ip_address` varchar(45) NOT NULL,
  `timestamp` int(10) UNSIGNED NOT NULL DEFAULT '0',
  `data` blob NOT NULL
) ENGINE=InnoDB DEFAULT CHARSET=latin1;

-- --------------------------------------------------------

--
-- Struktur dari tabel `em_activitiesuser`
--

CREATE TABLE `em_activitiesuser` (
  `id` int(11) NOT NULL,
  `id_user` varchar(256) NOT NULL,
  `description` varchar(256) NOT NULL,
  `item_id` varchar(256) DEFAULT NULL,
  `date` datetime NOT NULL,
  `ip_address` varchar(255) NOT NULL
) ENGINE=InnoDB DEFAULT CHARSET=latin1;

--
-- Dumping data untuk tabel `em_activitiesuser`
--

INSERT INTO `em_activitiesuser` (`id`, `id_user`, `description`, `item_id`, `date`, `ip_address`) VALUES
(7, '93190615', 'Tambah Cabang', 'jghjghrt', '2016-10-06 18:43:04', ''),
(8, '93190615', 'Tambah Cabang', 'bilangan', '2016-10-06 18:51:22', ''),
(10, '93190615', 'Edit Cabang', 'bilangan', '2016-10-06 19:11:01', ''),
(11, '93190615', 'Edit Cabang', 'bilangan', '2016-10-06 19:11:07', ''),
(12, '93190615', 'Edit Cabang', 'bilangan 123123', '2016-10-06 19:11:25', ''),
(13, '93190615', 'Tambah Cabang', 'werw4343', '2016-10-06 19:17:58', ''),
(14, '93190615', 'Edit Cabang', 'fasfaf', '2016-10-06 19:23:10', ''),
(15, '93190615', 'Edit Cabang', '123123', '2016-10-06 19:24:03', ''),
(16, '93190615', 'Edit Cabang', '123123', '2016-10-06 19:24:08', ''),
(17, '93190615', 'Edit Cabang', '123123 12313123', '2016-10-06 19:24:11', ''),
(18, '93190615', 'Edit Cabang', '123123 12313123', '2016-10-06 19:24:13', ''),
(19, '93190615', 'Edit Cabang', '123123 12313123', '2016-10-06 19:24:16', ''),
(20, '93190615', 'Edit Cabang', 'asdad', '2016-10-06 19:26:01', ''),
(21, '93190615', 'Edit Cabang', 'asdad', '2016-10-06 19:26:07', ''),
(22, '93190615', 'Edit Cabang', 'asdad tggggsd', '2016-10-06 19:27:16', ''),
(23, '93190615', 'Edit Cabang', 'asdad tggggsd ererer', '2016-10-06 19:27:20', ''),
(24, '93190615', 'Edit Cabang', 'asdad tggggsd ererer', '2016-10-06 19:27:24', ''),
(25, '93190615', 'Edit Cabang', 'asdad tggggsd ererer', '2016-10-06 19:27:27', ''),
(26, '93190615', 'Edit Cabang', 'asdad tggggsd ererer', '2016-10-06 19:27:30', ''),
(27, '93190615', 'Edit Cabang', 'asdad tggggsd ererer', '2016-10-06 19:27:32', ''),
(28, '93190615', 'Menghapus Cabang', 'asdad tggggsd ererer', '2016-10-06 19:47:30', ''),
(29, '93190615', 'Menghapus Cabang', 'fasfaf', '2016-10-06 19:53:04', ''),
(30, '93190615', 'Menghapus Cabang', 'fdgdfgd', '2016-10-06 19:54:48', ''),
(31, '93190615', 'Menghapus Cabang', 'jghjghrt', '2016-10-06 19:56:27', ''),
(32, '93190615', 'Menghapus Cabang', '123123 12313123', '2016-10-06 19:56:36', ''),
(33, '93190615', 'Tambah Cabang', 'coba lagi', '2016-10-06 19:58:13', ''),
(34, '93190615', 'Edit Cabang', 'afasfasfasfa', '2016-10-06 19:58:36', ''),
(35, '93190615', 'Menghapus Cabang', 'jghjghj', '2016-10-06 19:59:02', ''),
(36, '93190615', 'Menghapus Cabang', 'coba', '2016-10-06 20:02:27', ''),
(37, '93190615', 'Menghapus Cabang', 'coba lagi', '2016-10-06 20:02:33', ''),
(38, '93190615', 'Menghapus Cabang', 'coba satu dua', '2016-10-06 20:02:36', ''),
(39, '93190615', 'Edit Cabang', 'afasfasfasfa', '2016-10-06 20:03:57', ''),
(40, '93190615', 'Sign out', '', '2016-10-06 22:33:17', ''),
(41, '93190615', 'Sign in', '', '2016-10-06 22:33:24', ''),
(42, '93190615', 'Sign out', '', '2016-10-06 22:34:50', ''),
(43, '93190615', 'Sign in', '', '2016-10-06 22:35:04', ''),
(44, '93190615', 'Sign out', '', '2016-10-06 22:35:19', ''),
(45, '93190615', 'Sign in', '', '2016-10-06 22:35:24', ''),
(46, '93190615', 'Sign in', '', '2016-10-06 22:47:17', ''),
(47, '93190615', 'Sign out', '', '2016-10-06 22:47:26', ''),
(48, '890600', 'Sign in', '', '2016-10-06 22:47:32', ''),
(49, '890600', 'Sign out', '', '2016-10-06 22:47:57', ''),
(50, '96490815', 'Sign in', '', '2016-10-06 22:48:03', ''),
(51, '96490815', 'Sign in', '', '2016-10-07 09:26:14', '::1'),
(52, '96490815', 'Tambah Menu', 'User', '2016-10-07 09:28:19', '::1'),
(53, '96490815', 'Tambah Menu', 'User Group', '2016-10-07 09:28:40', '::1'),
(54, '96490815', 'Tambah Menu', 'Matriks Program & Anggaran', '2016-10-07 09:29:06', '::1'),
(55, '96490815', 'Tambah Menu', 'Trainer', '2016-10-07 09:29:24', '::1'),
(56, '96490815', 'Tambah Menu', 'Materi', '2016-10-07 09:29:53', '::1'),
(57, '96490815', 'Tambah Menu', 'Kategori Event', '2016-10-07 09:30:08', '::1'),
(58, '96490815', 'Tambah Menu', 'Tipe Pelatihan', '2016-10-07 09:30:28', '::1'),
(59, '96490815', 'Tambah Menu', 'Cabang', '2016-10-07 09:30:41', '::1'),
(60, '96490815', 'Tambah Menu', 'Divisi', '2016-10-07 09:31:00', '::1'),
(61, '96490815', 'Tambah Menu', 'Pengajuan Event', '2016-10-07 09:31:22', '::1'),
(62, '96490815', 'Tambah Menu', 'Persetujuan Memo Event', '2016-10-07 09:31:44', '::1'),
(63, '96490815', 'Tambah Menu', 'Data Validasi & Persetujuan Event', '2016-10-07 09:32:08', '::1'),
(64, '96490815', 'Tambah Menu', 'Realisasi Event', '2016-10-07 09:32:28', '::1'),
(65, '96490815', 'Tambah Menu', 'Persetujuan Pertanggung Jawaban', '2016-10-07 09:32:57', '::1'),
(66, '96490815', 'Tambah Menu', 'Verifikasi Pertanggung Jawaban', '2016-10-07 09:33:23', '::1'),
(67, '96490815', 'Tambah Menu', 'Kegiatan', '2016-10-07 09:33:51', '::1'),
(68, '96490815', 'Tambah Menu', 'Materi Feedback', '2016-10-07 09:34:50', '::1'),
(69, '96490815', 'Tambah Menu', 'Realisasi Event & RKAP', '2016-10-07 09:35:17', '::1'),
(70, '96490815', 'Tambah Menu', 'Feedback', '2016-10-07 09:35:31', '::1'),
(71, '96490815', 'Tambah Menu', 'Trainer s', '2016-10-07 09:45:39', '::1'),
(72, '96490815', 'Tambah Menu', 'Trainer s', '2016-10-07 09:47:30', '::1'),
(73, '96490815', 'Tambah Menu', 'Trainer suka', '2016-10-07 09:47:44', '::1'),
(74, '96490815', 'Tambah Menu', 'Hola', '2016-10-07 09:50:59', '::1'),
(75, '96490815', 'Tambah Menu', 'Hola', '2016-10-07 09:52:09', '::1'),
(76, '96490815', 'Menghapus menu', 'Hola', '2016-10-07 09:52:19', '::1'),
(77, '96490815', 'Tambah Menu', 'Trainer', '2016-10-07 09:54:01', '::1'),
(78, '96490815', 'Tambah Divisi', 'PPL', '2016-10-07 11:07:22', '::1'),
(79, '96490815', 'Tambah Divisi', 'PPI', '2016-10-07 11:07:31', '::1'),
(80, '96490815', 'Edit Divisi', 'PPL 1', '2016-10-07 11:10:24', '::1'),
(81, '96490815', 'Tambah Divisi', 'Coba 123', '2016-10-07 11:10:37', '::1'),
(82, '96490815', 'Menghapus divisi', 'Coba 123', '2016-10-07 11:11:13', '::1'),
(83, '96490815', 'Sign out', '', '2016-10-07 11:22:40', '::1'),
(84, '890600', 'Sign in', '', '2016-10-07 11:22:48', '::1'),
(85, '890600', 'Tambah Trainer', 'Trainer A', '2016-10-07 13:17:51', '::1'),
(86, '890600', 'Tambah Trainer', 'Joko Priambodo', '2016-10-07 13:33:59', '::1'),
(87, '890600', 'Edit Trainer', 'Joko Priambodo 1', '2016-10-07 13:36:17', '::1'),
(88, '890600', 'Edit Trainer', 'Joko Priambodo 1', '2016-10-07 13:36:30', '::1'),
(89, '890600', 'Edit Trainer', 'Joko Priambodo', '2016-10-07 13:36:44', '::1'),
(90, '890600', 'Edit Trainer', 'Joko Priambodo', '2016-10-07 13:39:02', '::1'),
(91, '890600', 'Edit Trainer', 'Joko Priambodo', '2016-10-07 13:41:50', '::1'),
(92, '890600', 'Edit Trainer', 'Joko Priambodo', '2016-10-07 13:41:54', '::1'),
(93, '890600', 'Edit Trainer', 'Joko Priambodo 1', '2016-10-07 13:42:00', '::1'),
(94, '890600', 'Tambah Trainer', 'Joko Priambodo', '2016-10-07 13:43:21', '::1'),
(95, '890600', 'Edit Trainer', 'Joko Priambodo 1', '2016-10-07 13:43:52', '::1'),
(96, '890600', 'Edit Trainer', 'Joko Priambodo 123', '2016-10-07 13:44:45', '::1'),
(97, '890600', 'Edit Trainer', 'Joko Priambodo 123', '2016-10-07 13:44:48', '::1'),
(98, '890600', 'Tambah Trainer', 'Lisa Maruntu', '2016-10-07 13:49:20', '::1'),
(99, '890600', 'Menghapus trainer', 'Joko Priambodo 123', '2016-10-07 13:49:33', '::1'),
(100, '890600', 'Edit Cabang', 'Pekanbaru', '2016-10-07 13:50:32', '::1'),
(101, '890600', 'Edit Cabang', 'Riau', '2016-10-07 13:50:54', '::1'),
(102, '890600', 'Edit Cabang', 'Balikpapan', '2016-10-07 13:51:18', '::1'),
(103, '890600', 'Edit Cabang', 'Bandung', '2016-10-07 13:51:48', '::1'),
(104, '890600', 'Tambah Divisi', 'IT', '2016-10-07 13:52:12', '::1'),
(105, '890600', 'Tambah klasifikasi', 'Materi Public Speaking', '2016-10-07 14:10:27', '::1'),
(106, '890600', 'Edit klasifikasi', 'Materi Public Speaking 1', '2016-10-07 14:10:54', '::1'),
(107, '890600', 'Edit klasifikasi', 'Materi Public Speaking 1', '2016-10-07 14:10:56', '::1'),
(108, '890600', 'Tambah klasifikasi', 'Materi Untuk Dihapus', '2016-10-07 14:11:11', '::1'),
(109, '890600', 'Menghapus klasifikasi', 'Materi Untuk Dihapus', '2016-10-07 14:11:18', '::1'),
(110, '890600', 'Edit Divisi', 'IT', '2016-10-07 14:35:00', '::1'),
(111, '890600', 'Tambah materi', 'Materi Pengantar Seminar', '2016-10-07 14:38:48', '::1'),
(112, '890600', 'Tambah materi', 'Contoh Materi', '2016-10-07 14:52:26', '::1'),
(113, '890600', 'Tambah materi', 'Inner Beauty', '2016-10-07 14:52:55', '::1'),
(115, '890600', 'Edit materi', 'Materi Pengantar Seminar', '2016-10-07 14:57:29', '::1'),
(116, '890600', 'Edit materi', 'Contoh Materi', '2016-10-07 14:59:35', '::1'),
(117, '890600', 'Menghapus materi', 'Inner Beauty', '2016-10-07 15:05:27', '::1'),
(121, '890600', 'Tambah Tipe Pelatihan', 'asdasdasdsadsa', '2016-10-07 15:34:33', '::1'),
(122, '890600', 'Tambah Tipe Pelatihan', 'asdasdasdsadsa', '2016-10-07 15:36:16', '::1'),
(123, '890600', 'Tambah Tipe Pelatihan', 'asdasdasdsadsa', '2016-10-07 15:36:29', '::1'),
(125, '890600', 'Tambah Tipe Pelatihan', 'External Training', '2016-10-07 15:37:56', '::1'),
(126, '890600', 'Tambah Tipe Pelatihan', 'Pelatihan Mekar', '2016-10-07 15:45:56', '::1'),
(127, '890600', 'Tambah Tipe Pelatihan', 'sertifikasi', '2016-10-07 15:46:17', '::1'),
(128, '890600', 'Tambah Tipe Pelatihan', 'Knowledge Sharing', '2016-10-07 15:46:45', '::1'),
(134, '890600', 'Edit tipe pelatihan', 'Knowledge Sharing', '2016-10-07 15:48:03', '::1'),
(135, '890600', 'Edit tipe pelatihan', 'Knowledge Sharing', '2016-10-07 15:48:09', '::1'),
(136, '890600', 'Edit tipe pelatihan', 'Knowledge Sharing', '2016-10-07 15:48:16', '::1'),
(137, '890600', 'Tambah Tipe Pelatihan', 'Sembarang', '2016-10-07 15:48:48', '::1'),
(138, '890600', 'Edit tipe pelatihan', 'Sembarang', '2016-10-07 15:48:56', '::1'),
(139, '890600', 'Menghapus tipe_pelatihan', 'Sembarang', '2016-10-07 15:49:05', '::1'),
(140, '890600', 'Tambah Tipe Pelatihan', 'Percobaan', '2016-10-07 15:49:54', '::1'),
(141, '890600', 'Menghapus tipe_pelatihan', 'Percobaan', '2016-10-07 15:50:03', '::1'),
(142, '93190615', 'Sign in', '', '2016-10-07 16:48:19', '61.247.37.155'),
(143, '93190615', 'Sign out', '', '2016-10-07 16:48:28', '61.247.37.155'),
(144, '93190615', 'Sign in', '', '2016-10-07 16:50:39', '61.247.37.155'),
(145, '93190615', 'Sign out', '', '2016-10-07 16:50:43', '61.247.37.155'),
(146, '93190615', 'Sign in', '', '2016-10-07 16:51:06', '61.247.37.155'),
(147, '93190615', 'Tambah Divisi', 'Coba 123', '2016-10-07 16:51:25', '61.247.37.155'),
(148, '93190615', 'Menghapus divisi', 'Coba 123', '2016-10-07 16:51:30', '61.247.37.155'),
(149, '93190615', 'Sign out', '', '2016-10-07 16:51:57', '61.247.37.155'),
(150, '93190615', 'Sign in', '', '2016-10-07 18:49:39', '139.0.26.59'),
(151, '93190615', 'Sign out', '', '2016-10-07 18:50:11', '139.0.26.59'),
(152, '83521114', 'Sign in', '', '2016-10-07 18:50:35', '139.0.26.59'),
(153, '83521114', 'Tambah Divisi', 'Coba divisi', '2016-10-07 18:53:45', '139.0.26.59'),
(154, '83521114', 'Edit Divisi', 'Coba divisi 1', '2016-10-07 18:54:13', '139.0.26.59'),
(155, '83521114', 'Tambah Cabang', 'test nama cabang', '2016-10-07 18:54:51', '139.0.26.59'),
(156, '83521114', 'Tambah Tipe Pelatihan', 'coba tipe pelatihan', '2016-10-07 18:56:14', '139.0.26.59'),
(157, '83521114', 'Menghapus tipe_pelatihan', 'coba tipe pelatihan', '2016-10-07 18:56:27', '139.0.26.59'),
(158, '83521114', 'Tambah Trainer', 'yudhi', '2016-10-07 19:01:23', '139.0.26.59'),
(159, '83521114', 'Sign out', '', '2016-10-07 19:17:04', '139.0.26.59'),
(160, '93190615', 'Sign in', '', '2016-10-07 21:43:12', '180.251.220.90'),
(161, '93190615', 'Sign in', '', '2016-10-07 21:49:13', '64.233.173.4'),
(162, '93190615', 'Sign out', '', '2016-10-07 21:49:28', '64.233.173.8'),
(163, '93190615', 'Tambah Tipe Pelatihan', 'On Class Training Call Center', '2016-10-07 21:50:58', '180.251.220.90'),
(164, '93190615', 'Sign out', '', '2016-10-11 13:44:49', '::1'),
(165, '93190615', 'Sign in', '', '2016-10-11 13:44:57', '::1'),
(166, '93190615', 'Sign out', '', '2016-10-11 13:45:01', '::1'),
(167, '93190615', 'Sign in', '', '2016-10-11 13:45:20', '::1'),
(168, '                         ECD2FD56BAAA7D522748DB3BA18CB79B', 'Sign in', '', '2016-10-11 19:11:15', '::1'),
(169, '                         ECD2FD56BAAA7D522748DB3BA18CB79B', 'Sign in', '', '2016-10-11 19:11:26', '::1'),
(170, '00000000002', 'Sign in', '', '2016-10-11 19:14:11', '::1'),
(171, '00000000002', 'Sign in', '', '2016-10-12 11:39:45', '::1'),
(172, '00000000002', 'Sign in', '', '2016-10-13 14:36:58', '::1'),
(173, '00000000002', 'Tambah User Group', 'test user group matrix', '2016-10-13 14:39:04', '::1'),
(174, '00000000002', 'Tambah User Group', 'test user group matrix', '2016-10-13 15:06:32', '::1'),
(175, '00000000002', 'Tambah User Group', 'test user group matrix', '2016-10-13 15:07:29', '::1'),
(176, '00000000002', 'Tambah User Group', 'test user group matrix', '2016-10-13 15:08:16', '::1'),
(177, '00000000002', 'Edit User Group', 'test user group matrix1', '2016-10-13 17:15:32', '::1'),
(178, '00000000002', 'Tambah User Group', 'test untuk hapus', '2016-10-13 17:16:44', '::1'),
(179, '00000000002', 'Edit User Group', 'kepala_divisi', '2016-10-13 17:44:42', '::1'),
(180, '00000000002', 'Edit User Group', 'kepala_divisi', '2016-10-13 17:45:49', '::1'),
(181, '00000000002', 'Edit User Group', 'test untuk hapus', '2016-10-13 17:45:58', '::1'),
(182, '00000000002', 'Edit User Group', 'kepala_divisi', '2016-10-13 17:46:19', '::1'),
(183, '00000000002', 'Edit User Group', 'kepala_divisi', '2016-10-13 18:04:05', '::1'),
(184, '00000000002', 'Edit User Group', 'test user group matrix1', '2016-10-13 18:06:55', '::1'),
(185, '00000000002', 'Sign out', '', '2016-10-14 09:21:45', '::1'),
(186, '00000000002', 'Sign in', '', '2016-10-14 09:32:11', '::1'),
(187, '00000000002', 'Tambah User', 'Hario Nur Agung Wicaksono', '2016-10-14 09:57:23', '::1'),
(188, '00000000002', 'Sign out', '', '2016-10-14 09:57:45', '::1'),
(189, '00000000011', 'Sign in', '', '2016-10-14 09:57:50', '::1'),
(190, '00000000011', 'Menghapus user', 'Ilham Hidayat', '2016-10-14 09:57:57', '::1'),
(191, '00000000011', 'Tambah User', 'Ilham Hidayat', '2016-10-14 09:58:10', '::1'),
(192, '00000000011', 'Edit User', 'Ilham Hidayat', '2016-10-14 09:58:20', '::1'),
(193, '00000000011', 'Sign out', '', '2016-10-14 09:58:26', '::1'),
(194, '00000000011', 'Sign in', '', '2016-10-14 09:59:09', '::1'),
(195, '00000000011', 'Tambah Event', '', '2016-10-14 13:48:26', '::1'),
(196, '00000000011', 'Tambah Event', '', '2016-10-14 13:58:06', '::1'),
(197, '00000000011', 'Sign in', '', '2016-10-14 13:59:31', '::1'),
(198, '00000000011', 'Tambah Event', 'Coba', '2016-10-14 14:04:40', '::1'),
(199, '00000000011', 'Tambah Event', 'Coba', '2016-10-14 14:04:51', '::1'),
(200, '00000000011', 'Tambah Event', '', '2016-10-14 14:04:55', '::1'),
(201, '00000000011', 'Tambah Event', 'Learning by Doing', '2016-10-14 14:06:38', '::1'),
(202, '00000000011', 'Tambah Event', '', '2016-10-14 14:06:52', '::1'),
(203, '00000000011', 'Tambah Event', 'dsfsdfsd', '2016-10-14 14:08:34', '::1'),
(204, '00000000011', 'Tambah Event', '', '2016-10-14 14:12:13', '::1'),
(205, '00000000011', 'Tambah Event', 'sfdsdfdsgfd', '2016-10-14 14:12:47', '::1'),
(206, '00000000011', 'Tambah Event', 'sfdhghfgh', '2016-10-14 14:14:08', '::1'),
(207, '00000000011', 'Tambah Event', '', '2016-10-14 14:14:14', '::1'),
(208, '00000000011', 'Tambah Event', 'sdfdfgdfgfd', '2016-10-14 14:16:06', '::1'),
(209, '00000000011', 'Tambah Event', '', '2016-10-14 14:18:13', '::1'),
(210, '00000000011', 'Tambah Event', 'sdfsdfsd', '2016-10-14 14:22:08', '::1'),
(211, '00000000011', 'Tambah Event', '', '2016-10-14 14:22:20', '::1'),
(212, '00000000011', 'Tambah Event', 'fdgdfhgjghs sdfsdfs', '2016-10-14 14:24:46', '::1'),
(213, '00000000011', 'Tambah Event', 'sfsdfsdfsdfsdfsdf', '2016-10-14 14:25:42', '::1'),
(214, '00000000011', 'Tambah Event', '', '2016-10-14 14:28:48', '::1'),
(215, '00000000011', 'Tambah Event', 'COBA EVENT', '2016-10-14 14:33:26', '::1'),
(216, '00000000011', 'Tambah Event', 'Event Oracle', '2016-10-14 14:51:30', '::1'),
(217, '00000000011', 'Tambah Event', 'TEST EVENT', '2016-10-14 15:09:45', '::1'),
(218, '00000000011', 'Sign out', '', '2016-10-14 15:10:03', '::1'),
(219, '00000000011', 'Sign in', '', '2016-10-14 15:15:08', '::1'),
(220, '00000000011', 'Tambah Trainer Eksternal', 'Hola Test', '2016-10-14 15:18:43', '::1'),
(221, '00000000011', 'Tambah User Group', 'test ug2', '2016-10-14 15:24:30', '::1'),
(222, '00000000002', 'Sign in', '', '2016-10-18 11:44:27', '::1'),
(223, '00000000002', 'Tambah Event', '', '2016-10-18 12:40:10', '::1'),
(224, '00000000002', 'Tambah Event', '', '2016-10-18 13:58:59', '::1'),
(225, '00000000002', 'Tambah Event', '', '2016-10-18 13:59:15', '::1'),
(226, '00000000002', 'Tambah Event', '', '2016-10-18 14:00:11', '::1'),
(227, '00000000002', 'Tambah Event', '', '2016-10-18 14:01:19', '::1'),
(228, '00000000002', 'Tambah Event', '', '2016-10-18 14:01:25', '::1'),
(229, '00000000002', 'Tambah Event', '', '2016-10-18 14:03:04', '::1'),
(230, '00000000002', 'Tambah Event', '', '2016-10-18 14:04:01', '::1'),
(231, '00000000002', 'Tambah Event', '', '2016-10-18 14:04:33', '::1'),
(232, '00000000002', 'Tambah Event', '', '2016-10-18 14:04:37', '::1'),
(233, '00000000002', 'Tambah Event', '', '2016-10-18 14:12:43', '::1'),
(234, '00000000002', 'Tambah Event', '', '2016-10-18 14:13:56', '::1'),
(235, '00000000002', 'Tambah Event', '', '2016-10-18 14:15:22', '::1'),
(236, '00000000002', 'Tambah Event', '', '2016-10-18 14:15:25', '::1'),
(237, '00000000002', 'Tambah Event', 'asdasdasd', '2016-10-18 14:18:49', '::1'),
(238, '00000000002', 'Tambah Event', 'asdasdasd', '2016-10-18 14:21:20', '::1'),
(239, '00000000002', 'Tambah Event', 'asdasdasd', '2016-10-18 14:31:34', '::1'),
(240, '00000000002', 'Tambah Event', 'asdasdasd', '2016-10-18 14:35:50', '::1'),
(241, '00000000002', 'Tambah Event', 'asdasdas', '2016-10-18 14:40:02', '::1'),
(242, '00000000002', 'Tambah Event', 'asdasdas', '2016-10-18 14:41:00', '::1'),
(243, '00000000002', 'Tambah Event', 'asdasdas', '2016-10-18 14:41:42', '::1'),
(244, '00000000002', 'Tambah Event', 'asdasdas', '2016-10-18 14:43:36', '::1'),
(245, '00000000002', 'Tambah Event', 'asdasdas', '2016-10-18 14:43:37', '::1'),
(246, '00000000002', 'Tambah Event', 'asdasdas', '2016-10-18 14:43:51', '::1'),
(247, '00000000002', 'Tambah Event', 'asdasdas', '2016-10-18 14:44:03', '::1'),
(248, '00000000002', 'Tambah Event', 'asdasdas', '2016-10-18 14:44:09', '::1'),
(249, '00000000002', 'Tambah Event', 'asdasdas', '2016-10-18 14:44:10', '::1'),
(250, '00000000002', 'Tambah Event', 'asdasdas', '2016-10-18 14:44:30', '::1'),
(251, '00000000002', 'Tambah Event', 'asdasdas', '2016-10-18 14:44:49', '::1'),
(252, '00000000002', 'Tambah Event', 'asdasdas', '2016-10-18 14:45:10', '::1'),
(253, '00000000002', 'Tambah Event', 'asdasdas', '2016-10-18 14:45:40', '::1'),
(254, '00000000002', 'Tambah Event', 'asdasdas', '2016-10-18 14:45:55', '::1'),
(255, '00000000002', 'Tambah Event', 'asdasdas', '2016-10-18 14:46:06', '::1'),
(256, '00000000002', 'Tambah Event', 'asdasdas', '2016-10-18 14:46:52', '::1'),
(257, '00000000002', 'Tambah Event', 'asdasdas', '2016-10-18 14:47:23', '::1'),
(258, '00000000002', 'Tambah Event', 'asdasdas', '2016-10-18 14:47:32', '::1'),
(259, '00000000002', 'Tambah Event', 'asdasdas', '2016-10-18 14:48:34', '::1'),
(260, '00000000002', 'Tambah Event', 'asdasdas', '2016-10-18 14:49:38', '::1'),
(261, '00000000002', 'Tambah Event', 'asdasdas', '2016-10-18 14:49:52', '::1'),
(262, '00000000002', 'Tambah Event', 'asdasdas', '2016-10-18 14:50:15', '::1'),
(263, '00000000002', 'Tambah Event', 'asdasdas', '2016-10-18 14:51:05', '::1'),
(264, '00000000002', 'Tambah Event', 'asdasdas', '2016-10-18 14:51:06', '::1'),
(265, '00000000002', 'Tambah Event', 'asdasdas', '2016-10-18 14:52:16', '::1'),
(266, '00000000002', 'Tambah Event', 'asdasdas', '2016-10-18 14:52:32', '::1'),
(267, '00000000002', 'Tambah Event', 'asdasdas', '2016-10-18 14:52:46', '::1'),
(268, '00000000002', 'Tambah Event', 'asdasdas', '2016-10-18 14:52:53', '::1'),
(269, '00000000002', 'Tambah Event', 'asdasdas', '2016-10-18 14:53:20', '::1'),
(270, '00000000002', 'Tambah Event', 'asdasdas', '2016-10-18 14:53:27', '::1'),
(271, '00000000002', 'Tambah Event', 'asdasdas', '2016-10-18 14:53:46', '::1'),
(272, '00000000002', 'Tambah Event', 'asdasdas', '2016-10-18 14:54:12', '::1'),
(273, '00000000002', 'Tambah Event', 'asdasdas', '2016-10-18 14:55:16', '::1'),
(274, '00000000002', 'Tambah Event', 'asdasdas', '2016-10-18 14:55:29', '::1'),
(275, '00000000002', 'Tambah Event', 'asdasdas', '2016-10-18 14:55:40', '::1'),
(276, '00000000002', 'Tambah Event', 'asdasdas', '2016-10-18 14:55:57', '::1'),
(277, '00000000002', 'Tambah Event', 'asdasdas', '2016-10-18 14:58:37', '::1'),
(278, '00000000002', 'Tambah Event', 'asdasdas', '2016-10-18 14:59:55', '::1'),
(279, '00000000002', 'Tambah Event', 'asdasdas', '2016-10-18 15:02:12', '::1'),
(280, '00000000002', 'Tambah Event', 'asdasdas', '2016-10-18 15:02:40', '::1'),
(281, '00000000002', 'Tambah Event', '', '2016-10-18 15:07:04', '::1'),
(282, '00000000002', 'Tambah Event', '', '2016-10-18 15:07:15', '::1'),
(283, '00000000002', 'Tambah Event', '', '2016-10-18 15:07:56', '::1'),
(284, '00000000002', 'Tambah Event', '', '2016-10-18 15:08:49', '::1'),
(285, '00000000002', 'Tambah Event', '', '2016-10-18 15:09:26', '::1'),
(286, '00000000002', 'Tambah Event', '', '2016-10-18 15:09:51', '::1'),
(287, '00000000002', 'Tambah Event', '', '2016-10-18 15:10:05', '::1'),
(288, '00000000002', 'Tambah Event', '', '2016-10-18 15:10:32', '::1'),
(289, '00000000002', 'Tambah Event', '', '2016-10-18 15:10:33', '::1'),
(290, '00000000002', 'Tambah Event', '', '2016-10-18 15:10:42', '::1'),
(291, '00000000002', 'Tambah Event', '', '2016-10-18 15:11:04', '::1'),
(292, '00000000002', 'Tambah Event', '', '2016-10-18 15:12:19', '::1'),
(293, '00000000002', 'Tambah Event', '', '2016-10-18 15:12:24', '::1'),
(294, '00000000002', 'Tambah Event', '', '2016-10-18 15:12:28', '::1'),
(295, '00000000002', 'Tambah Event', '', '2016-10-18 15:16:14', '::1'),
(296, '00000000002', 'Tambah Event', '', '2016-10-18 15:17:07', '::1'),
(297, '00000000002', 'Tambah Event', '', '2016-10-18 15:17:10', '::1'),
(298, '00000000002', 'Tambah Event', '', '2016-10-18 15:17:14', '::1'),
(299, '00000000002', 'Tambah Event', '', '2016-10-18 15:17:18', '::1'),
(300, '00000000002', 'Tambah Event', '', '2016-10-18 15:20:20', '::1'),
(301, '00000000002', 'Tambah Event', '', '2016-10-18 15:20:28', '::1'),
(302, '00000000002', 'Tambah Event', '', '2016-10-18 15:20:32', '::1'),
(303, '00000000002', 'Tambah Event', '', '2016-10-18 15:21:46', '::1'),
(304, '00000000002', 'Tambah Event', '', '2016-10-18 15:23:19', '::1'),
(305, '00000000002', 'Tambah Event', '', '2016-10-18 15:23:29', '::1'),
(306, '00000000002', 'Tambah Event', '', '2016-10-18 15:23:57', '::1'),
(307, '00000000002', 'Tambah Event', '', '2016-10-18 15:25:09', '::1'),
(308, '00000000002', 'Tambah Event', '', '2016-10-18 15:25:45', '::1'),
(309, '00000000002', 'Tambah Event', '', '2016-10-18 15:26:40', '::1'),
(310, '00000000002', 'Tambah Event', '', '2016-10-18 15:27:09', '::1'),
(311, '00000000002', 'Tambah Event', '', '2016-10-18 15:27:58', '::1'),
(312, '00000000002', 'Tambah Event', '', '2016-10-18 15:28:46', '::1'),
(313, '00000000002', 'Tambah Event', '', '2016-10-18 15:28:52', '::1'),
(314, '00000000002', 'Tambah Event', '', '2016-10-18 15:29:55', '::1'),
(315, '00000000002', 'Tambah Event', '', '2016-10-18 15:30:16', '::1'),
(316, '00000000002', 'Tambah Event', '', '2016-10-18 15:32:02', '::1'),
(317, '00000000002', 'Tambah Event', '', '2016-10-18 15:32:38', '::1'),
(318, '00000000002', 'Tambah Event', 'sfdsfsdfs', '2016-10-18 15:32:59', '::1'),
(319, '00000000002', 'Tambah Event', '', '2016-10-18 15:33:02', '::1'),
(320, '00000000002', 'Tambah Event', '', '2016-10-18 15:33:12', '::1'),
(321, '00000000002', 'Tambah Event', 'sfdsfsdfs', '2016-10-18 15:33:30', '::1'),
(322, '00000000002', 'Tambah Event', '', '2016-10-18 15:33:33', '::1'),
(323, '00000000002', 'Tambah Event', 'sfdsfsdfs', '2016-10-18 15:34:09', '::1'),
(324, '00000000002', 'Tambah Event', '', '2016-10-18 15:34:17', '::1'),
(325, '00000000002', 'Tambah Event', '', '2016-10-18 15:34:24', '::1'),
(326, '00000000002', 'Tambah Event', 'sfdsfsdfs', '2016-10-18 15:34:45', '::1'),
(327, '00000000002', 'Tambah Event', '', '2016-10-18 15:35:10', '::1'),
(328, '00000000002', 'Tambah Event', '', '2016-10-18 15:35:49', '::1'),
(329, '00000000002', 'Tambah Event', '', '2016-10-18 15:36:00', '::1'),
(330, '00000000002', 'Tambah Event', '', '2016-10-18 15:36:07', '::1'),
(331, '00000000002', 'Tambah Event', '', '2016-10-18 15:36:25', '::1'),
(332, '00000000002', 'Tambah Event', 'sfdsfsdfs', '2016-10-18 15:36:31', '::1'),
(333, '00000000002', 'Tambah Event', '', '2016-10-18 15:37:30', '::1'),
(334, '00000000002', 'Tambah Event', '', '2016-10-18 15:37:40', '::1'),
(335, '00000000002', 'Tambah Event', 'sfdsfsdfs', '2016-10-18 15:39:11', '::1'),
(336, '00000000002', 'Tambah Event', '', '2016-10-18 15:43:13', '::1'),
(337, '00000000002', 'Tambah Event', '', '2016-10-18 15:47:09', '::1'),
(338, '00000000002', 'Tambah Event', '', '2016-10-18 15:48:34', '::1'),
(339, '00000000002', 'Tambah Event', '', '2016-10-18 15:48:50', '::1'),
(340, '00000000002', 'Tambah Event', '', '2016-10-18 15:53:11', '::1'),
(341, '00000000002', 'Tambah Event', 'asdasdsa', '2016-10-18 15:54:57', '::1'),
(342, '00000000002', 'Tambah Event', 'COBACOBA', '2016-10-18 15:56:38', '::1'),
(343, '00000000002', 'Tambah Event', 'Nama Event A', '2016-10-18 17:35:46', '::1'),
(344, '00000000002', 'Tambah Event', 'Event Dasawarsa', '2016-10-18 17:44:16', '::1'),
(345, '00000000002', 'Tambah Event', 'Event Alakadarnya', '2016-10-18 17:47:38', '::1'),
(346, '00000000002', 'Sign in', '', '2016-10-19 13:05:33', '::1'),
(347, '00000000002', 'Sign in', '', '2016-10-20 14:54:12', '::1'),
(348, '00000000002', 'Sign in', '', '2016-10-20 14:56:12', '::1'),
(349, '00000000002', 'Sign in', '', '2016-10-20 18:31:22', '::1'),
(350, '00000000002', 'Sign in', '', '2016-10-26 14:49:09', '::1'),
(351, '00000000002', 'Tambah Trainer', 'Achmad Barlian', '2016-10-26 14:49:54', '::1'),
(352, '00000000002', 'Menghapus user', 'Ilham Hidayat', '2016-10-26 14:51:53', '::1'),
(353, '00000000002', 'Tambah User', 'Ilham Hidayat', '2016-10-26 14:52:07', '::1'),
(354, '00000000013', 'Sign in', '', '2016-10-27 11:48:45', '::1'),
(355, '00000000013', 'Tambah Event', 'asdasfas', '2016-10-27 12:04:10', '::1'),
(356, '00000000013', 'Tambah Event', 'yyyyy erterte tfdgdfgdg', '2016-10-27 12:14:38', '::1'),
(357, '00000000013', 'Tambah Event', 'vbnvnvbnvbn', '2016-10-27 12:26:05', '::1'),
(358, '00000000013', 'Tambah Event', 'event a', '2016-10-27 12:50:16', '::1'),
(359, '00000000013', 'Tambah Event', '546456456456', '2016-10-27 12:54:30', '::1'),
(360, '00000000013', 'Tambah Event', 'gfhbfghfghfgh', '2016-10-27 13:03:36', '::1'),
(361, '00000000013', 'Tambah Event', 'gfhbfghfghfgh', '2016-10-27 13:08:10', '::1'),
(362, '00000000013', 'Tambah Event', 'gfhbfghfghfgh', '2016-10-27 13:08:29', '::1'),
(363, '00000000013', 'Tambah Event', 'gfhbfghfghfgh', '2016-10-27 13:10:01', '::1'),
(364, '00000000013', 'Tambah Event', 'sdfsdfggfhfg', '2016-10-27 13:11:12', '::1'),
(365, '00000000013', 'Tambah Event', 'dfgbdfbgnfgntre th rtetgyfdg', '2016-10-27 13:14:20', '::1'),
(366, '00000000013', 'Tambah Event', 'dgdgdfg', '2016-10-27 13:16:34', '::1'),
(367, '00000000013', 'Tambah Event', 'dgdgdfg', '2016-10-27 13:17:30', '::1'),
(368, '00000000013', 'Tambah Event', 'gfhgfhgfhfgh', '2016-10-27 13:20:19', '::1'),
(369, '00000000013', 'Tambah Event', 'dfgdfgjtj rthuyru7567', '2016-10-27 13:22:49', '::1'),
(370, '00000000013', 'Tambah Event', 'fdgdfgdfg', '2016-10-27 13:28:08', '::1'),
(371, '00000000013', 'Tambah Event', 'fdsdfsfsdfgtgn bv nvb dfgd g 57u865', '2016-10-27 13:31:32', '::1'),
(372, '00000000013', 'Tambah Event', 'sfsdfs', '2016-10-27 13:35:11', '::1'),
(373, '00000000013', 'Tambah Event', 'sdfsdf', '2016-10-27 13:38:39', '::1'),
(374, '00000000013', 'Tambah Event', 'sdgsdgsdf sdfsd fsdf sfsd fs fsf sfsdf sdf sf', '2016-10-27 13:43:47', '::1'),
(375, '00000000013', 'Tambah Event', 'sdfsdfsdf dsfsd fwerwer wer', '2016-10-27 13:46:26', '::1'),
(376, '00000000013', 'Tambah Event', 'sdfsgsdg sd vcb c rw', '2016-10-27 14:00:16', '::1'),
(377, '00000000013', 'Tambah Event', 'Event versi lengkap', '2016-10-27 18:13:55', '::1'),
(378, '00000000013', 'Tambah Event', 'Gathering 2016', '2016-10-27 18:19:28', '::1'),
(379, '00000000013', 'Tambah Event', 'Outbound Road to Sukabumi', '2016-10-27 18:25:36', '::1'),
(380, '00000000013', 'Tambah Event', 'Training Character Building', '2016-10-27 18:29:47', '::1'),
(381, '00000000013', 'Tambah Event', 'Event Turoning', '2016-10-27 18:42:22', '::1'),
(382, '00000000013', 'Sign in', '', '2016-10-28 09:57:37', '::1'),
(383, '00000000013', 'Tambah Event', 'Event Hari Jumat', '2016-10-28 10:36:01', '::1'),
(384, '00000000013', 'Tambah Event', 'Event ABCD', '2016-10-28 10:40:08', '::1'),
(385, '00000000013', 'Tambah Event', '546456456456', '2016-10-28 10:43:19', '::1'),
(386, '00000000013', 'Tambah Event', 'Gathering ABCD', '2016-10-28 10:50:04', '::1'),
(387, '00000000013', 'Tambah Event', 'Event ABCD', '2016-10-28 10:54:53', '::1'),
(388, '00000000011', 'Tambah Event', 'Test 1 DBN', '2016-10-28 11:47:05', '::1'),
(389, '00000000011', 'Tambah Event', 'test baru', '2016-10-28 12:33:09', '::1'),
(390, '00000000011', 'Tambah Event', 'bachjdfgg', '2016-10-28 12:42:26', '::1'),
(391, '00000000011', 'Tambah Event', 'Nama Event Contoh', '2016-10-28 12:48:41', '::1'),
(392, '00000000011', 'Proses Approval Event Nama Event Contoh dengan no.memo', 'No. Memo 123', '2016-10-28 13:31:08', '::1'),
(393, '00000000011', 'Tambah Event', 'Nama Event XYZ', '2016-10-28 14:01:58', '::1'),
(394, '00000000011', 'Proses Approval Event Nama Event XYZ dengan no.memo', 'A-123/PNM-ABC/AF/1233', '2016-10-28 14:02:58', '::1'),
(395, '00000000011', 'Proses Approval Event Nama Event XYZ dengan no.memo', 'A-123/PNM-ABC/AF/1233', '2016-10-28 14:03:25', '::1'),
(396, '00000000011', 'Proses Approval Event Nama Event XYZ dengan no.memo', 'A-123/PNM-ABC/AF/1233', '2016-10-28 14:04:08', '::1'),
(397, '00000000011', 'Proses Approval Event Nama Event XYZ dengan no.memo', 'A-123/PNM-ABC/AF/1233', '2016-10-28 14:09:04', '::1'),
(398, '00000000011', 'Tambah materi', 'Materi Nama', '2016-10-28 14:38:46', '::1'),
(399, '00000000011', 'Tambah Matriks Program & Anggaran (lv1)', 'Test Parent 3', '2016-10-28 14:39:31', '::1'),
(400, '00000000011', 'Sign out', '', '2016-10-28 15:49:30', '::1'),
(401, '00000000013', 'Sign in', '', '2016-10-28 15:57:09', '::1'),
(402, '00000000013', 'Tambah Matriks Program & Anggaran (lv1)', 'bisnis unit level 1', '2016-10-28 15:58:31', '::1'),
(403, '00000000013', 'Tambah Matriks Program & Anggaran (lv2)', 'bisnis unit level 2 (dari level 1)', '2016-10-28 15:59:10', '::1'),
(404, '00000000013', 'Tambah Event', 'Event Test ABCD', '2016-10-28 16:06:18', '::1'),
(405, '00000000013', 'Tambah Event', 'EVENT COBA', '2016-10-28 16:12:42', '::1'),
(406, '00000000013', 'Proses Approval Event Event Test ABCD dengan no.memo', 'A-222/PNM-PPP/XI/2016', '2016-10-28 16:18:08', '::1'),
(407, '00000000013', 'Proses Approval Event Event Test ABCD dengan no.memo', 'A-222/PNM-PPP/XI/2016', '2016-10-28 16:20:38', '::1'),
(408, '00000000013', 'Sign in', '', '2016-10-31 12:46:53', '::1'),
(409, '00000000013', 'Tambah Event', 'sdf', '2016-10-31 12:50:44', '::1'),
(410, '00000000013', 'Tambah Event', 'ewrwerwerwer', '2016-10-31 12:56:55', '::1'),
(411, '00000000013', 'Tambah Event', 'rtyrtyr', '2016-10-31 12:58:38', '::1'),
(412, '00000000013', 'Sign in', '', '2016-10-31 13:01:34', '::1'),
(413, '00000000013', 'Sign in', '', '2016-10-31 15:49:33', '::1'),
(414, '00000000013', 'Tambah Event', 'ass', '2016-10-31 15:50:24', '::1'),
(415, '00000000013', 'Tambah Event', 'sdf', '2016-10-31 16:22:49', '::1'),
(416, '00000000013', 'Tambah Event', 'wwww', '2016-10-31 16:25:53', '::1'),
(417, '00000000013', 'Tambah Event', '22', '2016-10-31 16:35:17', '::1'),
(418, '00000000013', 'Tambah Event', 'gergege', '2016-10-31 16:35:43', '::1'),
(419, '00000000013', 'Tambah Event', 'fdgdg', '2016-10-31 16:42:11', '::1'),
(420, '00000000013', 'Tambah Event', 'bbb', '2016-10-31 16:42:45', '::1'),
(421, '00000000013', 'Tambah Event', 'sfsdf', '2016-10-31 16:45:34', '::1'),
(422, '00000000013', 'Tambah Event', 'gfhfh', '2016-10-31 16:49:44', '::1'),
(423, '00000000013', 'Tambah Event', 'efg234', '2016-10-31 16:56:05', '::1'),
(424, '00000000013', 'Tambah Event', 'sdfsf', '2016-10-31 17:01:14', '::1'),
(425, '00000000013', 'Tambah Event', 'dfsdf', '2016-10-31 17:30:32', '::1'),
(426, '00000000013', 'Tambah Event', 'ada', '2016-10-31 17:30:55', '::1'),
(427, '00000000013', 'Sign in', '', '2016-10-31 17:48:18', '::1'),
(428, '00000000013', 'Tambah Event', 'sdfsdf', '2016-10-31 18:08:35', '::1'),
(429, '00000000013', 'Tambah Event', 'sdfsdfsd', '2016-10-31 18:10:43', '::1'),
(430, '00000000013', 'Tambah Event', 'dfsf', '2016-10-31 19:01:17', '::1'),
(431, '00000000013', 'Tambah Event', 'sf', '2016-10-31 19:03:33', '::1'),
(432, '00000000013', 'Tambah Event', 'sf', '2016-10-31 19:07:42', '::1'),
(433, '00000000013', 'Tambah Event', 'sdf', '2016-10-31 19:08:23', '::1'),
(434, '00000000013', 'Tambah Event', 'sdf12', '2016-10-31 19:25:02', '::1'),
(435, '00000000013', 'Tambah Event', 'sf', '2016-10-31 19:25:36', '::1'),
(436, '00000000013', 'Tambah Event', 'ad123', '2016-10-31 19:46:36', '::1'),
(437, '00000000013', 'Tambah Event', '123ad123', '2016-10-31 19:46:58', '::1'),
(438, '00000000013', 'Tambah Event', 'Event Abcd', '2016-10-31 22:21:02', '::1'),
(439, '00000000013', 'Tambah Event', 'Event Submitted', '2016-10-31 22:23:53', '::1'),
(440, '00000000013', 'Tambah Event', 'Coba Yang Lain', '2016-11-01 00:00:14', '::1'),
(441, '00000000013', 'Sign in', '', '2016-11-01 10:32:16', '::1'),
(442, '00000000013', 'Tambah Event', 'EVENT ABCD', '2016-11-01 10:34:11', '::1'),
(443, '00000000013', 'Tambah Event', 'Event abcd okok', '2016-11-01 10:59:31', '::1'),
(444, '00000000013', 'Tambah Event', 'event dengan rundown', '2016-11-01 11:30:52', '::1'),
(445, '00000000013', 'Menghapus event', 'Coba Yang Lain', '2016-11-01 16:03:39', '::1'),
(446, '00000000013', 'Proses Approval Event Event Submitted dengan no.memo', 'B-232/PNM-PPI/XI/2016', '2016-11-01 17:03:36', '::1'),
(447, '00000000013', 'Proses Approval Event Event Submitted dengan no.memo', 'B-232/PNM-PPI/XI/2016', '2016-11-01 17:04:24', '::1'),
(448, '00000000013', 'Edit Event', 'EVENT ABCD', '2016-11-01 17:13:36', '::1'),
(449, '00000000013', 'Edit Event', 'EVENT ABCD', '2016-11-01 17:20:32', '::1'),
(450, '00000000013', 'Edit Event', 'EVENT ABCD', '2016-11-01 17:22:24', '::1'),
(451, '00000000013', 'Edit Event', 'EVENT ABCD', '2016-11-01 17:24:41', '::1'),
(452, '00000000013', 'Edit Event', 'EVENT ABCD', '2016-11-01 17:25:56', '::1'),
(453, '00000000013', 'Edit Event', 'EVENT ABCD 123', '2016-11-01 17:26:05', '::1'),
(454, '00000000013', 'Edit Event', 'Event abcd okok', '2016-11-01 17:57:44', '::1'),
(455, '00000000013', 'Edit Event', 'event dengan rundown', '2016-11-01 18:10:43', '::1'),
(456, '00000000013', 'Edit Event', 'event dengan rundown', '2016-11-01 18:12:33', '::1'),
(457, '00000000013', 'Edit Event', 'event dengan rundown', '2016-11-01 18:13:14', '::1'),
(458, '00000000013', 'Edit Event', 'event dengan rundown', '2016-11-01 18:15:08', '::1'),
(459, '00000000013', 'Edit Event', 'event dengan rundown', '2016-11-01 18:20:16', '::1'),
(460, '00000000013', 'Edit Event', 'event dengan rundown', '2016-11-01 18:25:14', '::1'),
(461, '00000000013', 'Edit Event', 'event dengan rundown', '2016-11-01 18:26:44', '::1'),
(462, '00000000013', 'Edit Event', '', '2016-11-01 18:28:15', '::1'),
(463, '00000000013', 'Edit Event', 'EVENT ABCD 123', '2016-11-01 18:29:09', '::1'),
(464, '00000000013', 'Edit Event', 'EVENT ABCD 123', '2016-11-01 18:35:15', '::1'),
(465, '00000000013', 'Edit Event', 'EVENT ABCD 123', '2016-11-01 18:35:38', '::1'),
(466, '00000000013', 'Edit Event', 'EVENT ABCD 123', '2016-11-01 18:36:58', '::1'),
(467, '00000000013', 'Edit Event', 'EVENT ABCD 123', '2016-11-01 18:38:00', '::1'),
(468, '00000000013', 'Edit Event', 'EVENT ABCD 123', '2016-11-01 18:41:26', '::1'),
(469, '00000000013', 'Edit Event', 'EVENT ABCD 123', '2016-11-01 18:47:39', '::1'),
(470, '00000000013', 'Edit Event', 'EVENT ABCD 123', '2016-11-01 19:03:40', '::1'),
(471, '00000000013', 'Edit Event', 'EVENT ABCD 123', '2016-11-01 19:04:02', '::1'),
(472, '00000000013', 'Change date event', 'EVENT ABCD 123', '2016-11-01 19:23:44', '::1'),
(473, '00000000013', 'Change date event', 'EVENT ABCD 123', '2016-11-01 19:24:39', '::1'),
(474, '00000000013', 'Change date event', 'EVENT ABCD 123', '2016-11-01 19:34:54', '::1'),
(475, '00000000013', 'Edit Event', 'Event Abcd', '2016-11-01 19:39:12', '::1'),
(476, '00000000013', 'Change date event', 'Event abcd okok', '2016-11-01 19:53:00', '::1');

-- --------------------------------------------------------

--
-- Struktur dari tabel `em_bisnis_unit`
--

CREATE TABLE `em_bisnis_unit` (
  `id` int(11) UNSIGNED ZEROFILL NOT NULL,
  `deskripsi` varchar(256) NOT NULL,
  `is_active` enum('active','disabled','deleted') NOT NULL,
  `created_by` int(11) UNSIGNED ZEROFILL NOT NULL,
  `created_date` datetime NOT NULL,
  `modified_by` int(11) UNSIGNED ZEROFILL DEFAULT NULL,
  `modified_date` datetime DEFAULT NULL
) ENGINE=InnoDB DEFAULT CHARSET=latin1;

--
-- Dumping data untuk tabel `em_bisnis_unit`
--

INSERT INTO `em_bisnis_unit` (`id`, `deskripsi`, `is_active`, `created_by`, `created_date`, `modified_by`, `modified_date`) VALUES
(00000000001, 'test bisnis unit 1', 'active', 00000000011, '2016-10-26 15:24:08', NULL, NULL),
(00000000002, 'test bisnis unit 2', 'active', 00000000011, '2016-10-26 15:26:45', NULL, NULL),
(00000000003, 'test bisnis unit 3', 'deleted', 00000000011, '2016-10-26 15:33:18', 00000000011, '2016-10-26 18:19:09');

-- --------------------------------------------------------

--
-- Struktur dari tabel `em_bisnis_unit_jabatan`
--

CREATE TABLE `em_bisnis_unit_jabatan` (
  `id` int(11) NOT NULL,
  `id_bisnis_unit` int(11) UNSIGNED ZEROFILL NOT NULL,
  `nama_jabatan` varchar(256) NOT NULL,
  `is_active` enum('active','disabled','deleted') NOT NULL,
  `created_by` int(11) UNSIGNED ZEROFILL NOT NULL,
  `created_date` datetime NOT NULL,
  `modified_by` int(11) UNSIGNED ZEROFILL DEFAULT NULL,
  `modified_date` datetime DEFAULT NULL
) ENGINE=InnoDB DEFAULT CHARSET=latin1;

--
-- Dumping data untuk tabel `em_bisnis_unit_jabatan`
--

INSERT INTO `em_bisnis_unit_jabatan` (`id`, `id_bisnis_unit`, `nama_jabatan`, `is_active`, `created_by`, `created_date`, `modified_by`, `modified_date`) VALUES
(1, 00000000001, 'test jabatan 1.1', 'active', 00000000011, '2016-10-26 15:26:05', NULL, NULL),
(2, 00000000001, 'test jabatan 1.2', 'active', 00000000011, '2016-10-26 15:26:36', NULL, NULL),
(3, 00000000003, 'test jabatan 2.1awdasd', 'deleted', 00000000011, '2016-10-26 15:26:58', 00000000011, '2016-10-26 18:19:09'),
(4, 00000000002, 'test jabatan 2.2', 'deleted', 00000000011, '2016-10-26 15:33:41', 00000000011, '2016-10-26 18:19:15');

-- --------------------------------------------------------

--
-- Struktur dari tabel `em_cabang`
--

CREATE TABLE `em_cabang` (
  `id` int(10) UNSIGNED ZEROFILL NOT NULL,
  `nama_cabang` varchar(256) NOT NULL,
  `alamat_cabang` text NOT NULL,
  `no_telp` varchar(25) NOT NULL,
  `wilayah` enum('kantor pusat','wilayah barat','wilayah timur') NOT NULL,
  `is_active` enum('active','disabled','deleted') NOT NULL,
  `created_by` int(11) UNSIGNED ZEROFILL NOT NULL,
  `created_date` datetime NOT NULL,
  `modified_by` int(11) UNSIGNED ZEROFILL DEFAULT NULL,
  `modified_date` datetime DEFAULT NULL
) ENGINE=InnoDB DEFAULT CHARSET=latin1;

--
-- Dumping data untuk tabel `em_cabang`
--

INSERT INTO `em_cabang` (`id`, `nama_cabang`, `alamat_cabang`, `no_telp`, `wilayah`, `is_active`, `created_by`, `created_date`, `modified_by`, `modified_date`) VALUES
(0000000003, 'coba', 'datacoba', '123123', 'kantor pusat', 'deleted', 00093190615, '2016-10-06 17:57:36', 00093190615, '2016-10-06 20:02:27'),
(0000000004, 'asdad tggggsd ererer', 'asdasd', '1231323323', 'kantor pusat', 'deleted', 00093190615, '2016-10-06 17:59:05', 00093190615, '2016-10-06 19:47:30'),
(0000000005, 'Pekanbaru', 'Jalan Sawangan Raya no.5', '123123', 'wilayah timur', 'active', 00093190615, '2016-10-06 18:01:17', 00000890600, '2016-10-07 13:50:32'),
(0000000006, 'Riau', 'Jalan Riau Estate ', '55522133', 'wilayah barat', 'active', 00093190615, '2016-10-06 18:01:59', 00000890600, '2016-10-07 13:50:54'),
(0000000007, 'fdgdfgd', 'asdasd', '213123', 'kantor pusat', 'deleted', 00093190615, '2016-10-06 18:02:50', 00093190615, '2016-10-06 19:54:47'),
(0000000008, '123123 12313123', 'adasdasd  asdasd sdfsdfs', '1123', 'wilayah barat', 'deleted', 00093190615, '2016-10-06 18:07:16', 00093190615, '2016-10-06 19:56:36'),
(0000000009, 'fasfaf', 'asdsad', '123123', 'wilayah timur', 'deleted', 00093190615, '2016-10-06 18:07:41', 00093190615, '2016-10-06 19:53:04'),
(0000000010, 'jghjghj', 'asdasd', '123123', 'wilayah barat', 'deleted', 00093190615, '2016-10-06 18:14:23', 00093190615, '2016-10-06 19:59:02'),
(0000000011, 'coba satu dua', '123123', '123123', 'wilayah barat', 'deleted', 00093190615, '2016-10-06 18:40:49', 00093190615, '2016-10-06 20:02:36'),
(0000000012, 'jghjghrt', 'dad', '123123', 'wilayah timur', 'deleted', 00093190615, '2016-10-06 18:43:04', 00093190615, '2016-10-06 19:56:27'),
(0000000013, 'Bandung', 'Jl. Setiabudi No.2', '66299212', 'wilayah timur', 'active', 00093190615, '2016-10-06 18:51:22', 00000890600, '2016-10-07 13:51:48'),
(0000000014, 'Balikpapan', 'Jalan Balikpapan Raya no.24', '8833234', 'wilayah barat', 'disabled', 00093190615, '2016-10-06 19:17:58', 00000890600, '2016-10-07 13:51:18'),
(0000000015, 'coba lagi', '1231231', '123123', 'wilayah timur', 'deleted', 00093190615, '2016-10-06 19:58:13', 00093190615, '2016-10-06 20:02:33'),
(0000000016, 'test nama cabang', 'jalan', '12313123123', 'wilayah barat', 'active', 00083521114, '2016-10-07 18:54:51', NULL, NULL);

-- --------------------------------------------------------

--
-- Struktur dari tabel `em_divisi`
--

CREATE TABLE `em_divisi` (
  `id` int(11) NOT NULL,
  `nama_divisi` varchar(256) NOT NULL,
  `is_active` enum('active','disabled','deleted') NOT NULL,
  `created_by` int(11) UNSIGNED ZEROFILL NOT NULL,
  `created_date` datetime NOT NULL,
  `modified_by` int(11) UNSIGNED ZEROFILL DEFAULT NULL,
  `modified_date` datetime DEFAULT NULL
) ENGINE=InnoDB DEFAULT CHARSET=latin1;

--
-- Dumping data untuk tabel `em_divisi`
--

INSERT INTO `em_divisi` (`id`, `nama_divisi`, `is_active`, `created_by`, `created_date`, `modified_by`, `modified_date`) VALUES
(1, 'PPL 1', 'active', 00096490815, '2016-10-07 11:07:21', 00096490815, '2016-10-07 11:10:23'),
(2, 'PPI', 'active', 00096490815, '2016-10-07 11:07:31', NULL, NULL),
(3, 'Coba 123', 'deleted', 00096490815, '2016-10-07 11:10:36', 00096490815, '2016-10-07 11:11:13'),
(4, 'IT', 'disabled', 00000890600, '2016-10-07 13:52:12', 00000890600, '2016-10-07 14:35:00'),
(5, 'Coba 123', 'deleted', 00093190615, '2016-10-07 16:51:25', 00093190615, '2016-10-07 16:51:30'),
(6, 'Coba divisi 1', 'active', 00083521114, '2016-10-07 18:53:45', 00083521114, '2016-10-07 18:54:13');

-- --------------------------------------------------------

--
-- Struktur dari tabel `em_email_template`
--

CREATE TABLE `em_email_template` (
  `id` int(11) NOT NULL,
  `judul` varchar(256) NOT NULL,
  `tipe` enum('temp_feedback') NOT NULL,
  `email_subject` varchar(256) NOT NULL,
  `email_body` text NOT NULL,
  `is_active` enum('active','disabled','deleted') NOT NULL,
  `created_by` int(10) UNSIGNED ZEROFILL NOT NULL,
  `created_date` datetime NOT NULL,
  `modified_by` int(10) UNSIGNED ZEROFILL DEFAULT NULL,
  `modified_date` datetime DEFAULT NULL
) ENGINE=InnoDB DEFAULT CHARSET=latin1;

--
-- Dumping data untuk tabel `em_email_template`
--

INSERT INTO `em_email_template` (`id`, `judul`, `tipe`, `email_subject`, `email_body`, `is_active`, `created_by`, `created_date`, `modified_by`, `modified_date`) VALUES
(1, 'Title Email Feedback', 'temp_feedback', 'Subject Email Feedback', '<p>Keterangan Nama: {fullname}</p>												<br>										<p>Keterangan Event: {event}</p>														<br>										<p>Keterangan URL Feedback: {url}</p>', 'active', 0000000001, '2016-10-22 00:00:00', NULL, NULL);

-- --------------------------------------------------------

--
-- Struktur dari tabel `em_event`
--

CREATE TABLE `em_event` (
  `id` int(10) UNSIGNED ZEROFILL NOT NULL,
  `id_event` varchar(256) NOT NULL,
  `nomor_memo` varchar(256) NOT NULL,
  `nama_event` varchar(256) NOT NULL,
  `topik_event` varchar(256) NOT NULL,
  `lokasi_kerja` varchar(256) DEFAULT NULL,
  `mulai_tanggal_pelaksanaan` date NOT NULL,
  `selesai_tanggal_pelaksanaan` date NOT NULL,
  `id_kategori_tempat_pelaksanaan` int(10) UNSIGNED ZEROFILL NOT NULL COMMENT 'kategori tempat pelaksanaannya. seperti hotel, dsb.',
  `nama_tempat` text NOT NULL COMMENT 'nama tempat pelaksanaannya',
  `latitude` varchar(256) DEFAULT NULL,
  `longitude` varchar(256) DEFAULT NULL,
  `target_sasaran` varchar(256) NOT NULL,
  `id_kategori_event` int(10) UNSIGNED ZEROFILL NOT NULL COMMENT 'jenis event yang ingin diajukan. contoh : exam/training/dsb.',
  `id_tipe_pelatihan` int(10) UNSIGNED ZEROFILL DEFAULT NULL COMMENT 'tipe pelatihan apabila memilih event kategori training',
  `dengan_exam` varchar(10) DEFAULT NULL COMMENT 'jika memilih event training, menggunakan exam atau tidak',
  `jumlah_peserta` int(11) DEFAULT NULL,
  `uang_muka` bigint(20) DEFAULT NULL,
  `total_rab` bigint(20) DEFAULT NULL,
  `is_active` enum('active','deleted') NOT NULL,
  `created_by` int(11) NOT NULL,
  `created_date` datetime NOT NULL,
  `modified_by` int(11) DEFAULT NULL,
  `modified_date` datetime DEFAULT NULL,
  `status_event` enum('draft','submitted','cancelled by user','approved_atasan','aprroved_valid','approved_pusat','rejected_atasan','rejected_valid','rejected_pusat') NOT NULL
) ENGINE=InnoDB DEFAULT CHARSET=latin1;

--
-- Dumping data untuk tabel `em_event`
--

INSERT INTO `em_event` (`id`, `id_event`, `nomor_memo`, `nama_event`, `topik_event`, `lokasi_kerja`, `mulai_tanggal_pelaksanaan`, `selesai_tanggal_pelaksanaan`, `id_kategori_tempat_pelaksanaan`, `nama_tempat`, `latitude`, `longitude`, `target_sasaran`, `id_kategori_event`, `id_tipe_pelatihan`, `dengan_exam`, `jumlah_peserta`, `uang_muka`, `total_rab`, `is_active`, `created_by`, `created_date`, `modified_by`, `modified_date`, `status_event`) VALUES
(0000000013, 'Z8HTF6A7VQ1477846800', 'A-232/PNM-ASD/ss/2323', 'Event Abcd', 'Abcd Topik', '', '2016-11-04', '2016-11-05', 0000000003, 'villa nusa indah', '-6.3160152', '106.97242559999995', 'MKU', 0000000002, 0000000000, '', 2, 0, 0, 'active', 13, '2016-10-31 22:21:02', NULL, NULL, 'draft'),
(0000000014, 'N7IJKMHTBJ1477846800', 'B-232/PNM-PPI/XI/2016', 'Event Submitted', 'Submit Topic', '', '2016-11-08', '2016-11-10', 0000000002, 'Indonesia', '-0.789275', '113.92132700000002', 'MKU', 0000000002, 0000000000, '', 77, 0, 0, 'active', 13, '2016-10-31 22:23:49', 13, '2016-11-01 17:04:24', 'approved_pusat'),
(0000000015, '4DDQPTWK0L1477933200', 'A-232/PNM-SSS/XW/2016', 'Coba Yang Lain', 'Topik Yang Lain', '', '2016-11-04', '2016-11-10', 0000000002, 'Indonesia', '-0.789275', '113.92132700000002', 'MKU', 0000000001, 0000000001, 'tidak', 3, 0, 23422, 'deleted', 13, '2016-11-01 00:00:14', 13, '2016-11-01 16:03:38', 'draft'),
(0000000016, 'HYMBTODQSW1477933200', 'A-231/PNM-asd/XX/2016', 'EVENT ABCD 123', 'TOPIK ABCD', '', '2016-11-09', '2016-11-10', 0000000003, 'Indonesia', '-0.789275', '113.92132700000002', 'MKU', 0000000001, 0000000004, 'tidak', 3, 0, 300800, 'active', 13, '2016-11-01 10:34:11', 13, '2016-11-01 19:34:54', 'submitted'),
(0000000017, 'ERKG728LAN1477933200', 'A-232/PNM-AXS/XX/2016', 'Event abcd okok', 'event okokok', '', '2016-09-06', '2016-09-08', 0000000002, 'Indonesia', '-0.789275', '113.92132700000002', 'mku', 0000000004, 0000000001, '', 3, 0, 3000000, 'active', 13, '2016-11-01 10:59:31', 13, '2016-11-01 19:53:00', 'submitted');

-- --------------------------------------------------------

--
-- Struktur dari tabel `em_event_approval`
--

CREATE TABLE `em_event_approval` (
  `id` int(11) NOT NULL,
  `id_approval` varchar(255) DEFAULT NULL,
  `id_event` varchar(255) NOT NULL,
  `tingkat_approval` enum('atasan','pusat') NOT NULL,
  `rab_disetujui` bigint(20) DEFAULT NULL,
  `catatan` text NOT NULL,
  `persetujuan` enum('approved','rejected') NOT NULL,
  `is_active` enum('active','disabled','deleted') NOT NULL,
  `created_by` int(10) UNSIGNED ZEROFILL NOT NULL,
  `created_date` datetime NOT NULL,
  `modified_by` int(10) UNSIGNED ZEROFILL DEFAULT NULL,
  `modified_date` datetime DEFAULT NULL
) ENGINE=InnoDB DEFAULT CHARSET=latin1;

--
-- Dumping data untuk tabel `em_event_approval`
--

INSERT INTO `em_event_approval` (`id`, `id_approval`, `id_event`, `tingkat_approval`, `rab_disetujui`, `catatan`, `persetujuan`, `is_active`, `created_by`, `created_date`, `modified_by`, `modified_date`) VALUES
(1, 'N7IJKMHTBJ1477846800ap-1', 'N7IJKMHTBJ1477846800', 'atasan', NULL, '<p>test</p>\r\n', 'approved', 'active', 0000000013, '2016-11-01 17:03:36', NULL, NULL),
(2, 'N7IJKMHTBJ1477846800ap-2', 'N7IJKMHTBJ1477846800', 'pusat', 21000000, '<p>test pusat</p>\r\n', '', 'active', 0000000013, '2016-11-01 17:04:24', NULL, NULL);

-- --------------------------------------------------------

--
-- Struktur dari tabel `em_event_approval_files`
--

CREATE TABLE `em_event_approval_files` (
  `id` int(11) NOT NULL,
  `id_event_approval` varchar(255) NOT NULL,
  `nama_file` varchar(255) NOT NULL,
  `jenis_file` varchar(100) NOT NULL,
  `created_by` int(10) UNSIGNED ZEROFILL NOT NULL,
  `created_date` datetime NOT NULL,
  `modified_by` int(10) UNSIGNED ZEROFILL DEFAULT NULL,
  `modified_date` datetime DEFAULT NULL,
  `is_active` enum('active','disabled','deleted') NOT NULL
) ENGINE=InnoDB DEFAULT CHARSET=latin1;

--
-- Dumping data untuk tabel `em_event_approval_files`
--

INSERT INTO `em_event_approval_files` (`id`, `id_event_approval`, `nama_file`, `jenis_file`, `created_by`, `created_date`, `modified_by`, `modified_date`, `is_active`) VALUES
(1, 'N7IJKMHTBJ1477846800ap-2', 'N7IJKMHTBJ1477846800ap-2_20161101at170424_Logo-BSM-baru-21.jpg', 'image/jpeg', 0000000013, '2016-11-01 17:04:24', NULL, NULL, 'active');

-- --------------------------------------------------------

--
-- Struktur dari tabel `em_event_changedate`
--

CREATE TABLE `em_event_changedate` (
  `id` int(11) NOT NULL,
  `id_event` varchar(255) NOT NULL,
  `start_date` date NOT NULL,
  `end_date` date NOT NULL,
  `change_start_date` date NOT NULL,
  `change_end_date` date NOT NULL,
  `times` int(11) NOT NULL COMMENT 'counting change time',
  `created_by` int(11) UNSIGNED ZEROFILL NOT NULL,
  `created_date` datetime NOT NULL,
  `modified_by` int(11) DEFAULT NULL,
  `modified_date` datetime DEFAULT NULL,
  `is_active` enum('active','disabled','deleted') NOT NULL
) ENGINE=InnoDB DEFAULT CHARSET=latin1;

--
-- Dumping data untuk tabel `em_event_changedate`
--

INSERT INTO `em_event_changedate` (`id`, `id_event`, `start_date`, `end_date`, `change_start_date`, `change_end_date`, `times`, `created_by`, `created_date`, `modified_by`, `modified_date`, `is_active`) VALUES
(4, 'HYMBTODQSW1477933200', '2016-08-28', '2016-09-02', '2016-11-09', '2016-11-10', 0, 00000000013, '2016-11-01 19:24:39', NULL, NULL, 'active'),
(5, 'HYMBTODQSW1477933200', '2016-11-09', '2016-11-10', '2016-11-09', '2016-11-10', 0, 00000000013, '2016-11-01 19:34:54', NULL, NULL, 'active'),
(6, 'ERKG728LAN1477933200', '2016-11-05', '2016-11-11', '2016-09-06', '2016-09-08', 0, 00000000013, '2016-11-01 19:53:00', NULL, NULL, 'active');

-- --------------------------------------------------------

--
-- Struktur dari tabel `em_event_exam`
--

CREATE TABLE `em_event_exam` (
  `id` int(11) NOT NULL,
  `id_event` varchar(255) NOT NULL,
  `id_exam` int(11) NOT NULL,
  `tipe_exam` varchar(100) DEFAULT NULL,
  `id_jadwal_exam` int(11) NOT NULL,
  `judul_exam` varchar(255) NOT NULL,
  `kategori_exam` varchar(255) NOT NULL,
  `is_active` enum('active','disabled','deleted') NOT NULL,
  `created_by` int(11) NOT NULL,
  `created_date` datetime NOT NULL,
  `modified_by` int(11) DEFAULT NULL,
  `modified_date` datetime DEFAULT NULL
) ENGINE=InnoDB DEFAULT CHARSET=latin1;

--
-- Dumping data untuk tabel `em_event_exam`
--

INSERT INTO `em_event_exam` (`id`, `id_event`, `id_exam`, `tipe_exam`, `id_jadwal_exam`, `judul_exam`, `kategori_exam`, `is_active`, `created_by`, `created_date`, `modified_by`, `modified_date`) VALUES
(1, 'Z8HTF6A7VQ1477846800', 1, 'post test|pre test', 4, 'Marketing Basic', 'Private', 'active', 13, '2016-10-31 22:21:02', NULL, NULL),
(2, 'N7IJKMHTBJ1477846800', 1007, 'pre test|', 1008, '[Pre Test] Training Kepala Supervisi Basic', 'Private', 'active', 13, '2016-10-31 22:23:49', NULL, NULL),
(3, '', 1, 'post test|pre test', 4, 'Marketing Basic', 'Private', 'active', 13, '2016-11-01 19:39:12', NULL, NULL);

-- --------------------------------------------------------

--
-- Struktur dari tabel `em_event_listpeserta`
--

CREATE TABLE `em_event_listpeserta` (
  `id` int(10) UNSIGNED ZEROFILL NOT NULL,
  `id_event` varchar(256) NOT NULL,
  `idsdm` varchar(256) NOT NULL,
  `nik` varchar(256) NOT NULL,
  `nama` varchar(256) NOT NULL,
  `posisi` varchar(256) NOT NULL,
  `created_by` int(10) UNSIGNED ZEROFILL NOT NULL,
  `created_date` date NOT NULL,
  `modified_by` int(10) UNSIGNED ZEROFILL DEFAULT NULL,
  `modified_date` date DEFAULT NULL,
  `is_active` enum('active','disabled','deleted') NOT NULL
) ENGINE=InnoDB DEFAULT CHARSET=latin1;

--
-- Dumping data untuk tabel `em_event_listpeserta`
--

INSERT INTO `em_event_listpeserta` (`id`, `id_event`, `idsdm`, `nik`, `nama`, `posisi`, `created_by`, `created_date`, `modified_by`, `modified_date`, `is_active`) VALUES
(0000000024, 'Z8HTF6A7VQ1477846800', '38B636D94B1CA3B1F2532DB740DA446C', '9649.08.15', 'Andika Permana Putra Purba', 'Officer Aplication Developer', 0000000013, '2016-10-31', NULL, NULL, 'active'),
(0000000025, 'Z8HTF6A7VQ1477846800', 'ECD2FD56BAAA7D522748DB3BA18CB79B', '9319.06.15', 'Ilham Hidayat', 'Officer IT Development', 0000000013, '2016-10-31', NULL, NULL, 'active'),
(0000000026, 'N7IJKMHTBJ1477846800', 'C5CBD240F3BE16EDBCAC905E333EC0DB', '2548.10.10', 'Endang Suryana', 'Kepala Remedial Cabang', 0000000013, '2016-10-31', NULL, NULL, 'active'),
(0000000027, 'N7IJKMHTBJ1477846800', '12D93F48CE55CEFB78D1098867A15E9B', '1825.07.09', 'A A Raka Erna Dwajayanti', 'Kepala Supervisi Cabang Denpasar', 0000000013, '2016-10-31', NULL, NULL, 'active'),
(0000000028, 'N7IJKMHTBJ1477846800', 'B57F9F169D5563E8563EE3566BE69D48', '1820.06.09', 'Afria Donal', 'PIC Kepala Supervisi Cabang Palembang', 0000000013, '2016-10-31', NULL, NULL, 'active'),
(0000000029, 'N7IJKMHTBJ1477846800', '75B434CD4CBFB04916AEDFBC552D8E0D', '4171.01.12', 'Ahmad Taufik Nugroho', 'PIC Kepala Supervisi Cabang Palu', 0000000013, '2016-10-31', NULL, NULL, 'active'),
(0000000030, 'N7IJKMHTBJ1477846800', '0A003BC6EA5EC1D6C8B97C1FEE97705B', '2912.01.11', 'Alwansyah', 'Pj. Kepala Supervisi Cabang Bandar Jaya', 0000000013, '2016-10-31', NULL, NULL, 'active'),
(0000000031, 'N7IJKMHTBJ1477846800', 'A5E9C452546A2B19925E6EDC8D067822', '2258.04.10', 'Anggi Pratihansya', 'PIC Kepala Supervisi Cabang Cimahi', 0000000013, '2016-10-31', NULL, NULL, 'active'),
(0000000032, 'N7IJKMHTBJ1477846800', '90CFE1490C03F06242BD0BAED8276B83', '4019.01.12', 'Annisa Devia Sandhy', 'PIC Kepala Supervisi Cabang Cirebon', 0000000013, '2016-10-31', NULL, NULL, 'active'),
(0000000033, 'N7IJKMHTBJ1477846800', 'ABDBC1C66346CD014C649DBD28067A12', '5962.04.13', 'Ari Brahmania', 'PIC Kepala Supervisi Cabang Bekasi', 0000000013, '2016-10-31', NULL, NULL, 'active'),
(0000000034, 'N7IJKMHTBJ1477846800', '5769A1C86FEC8856BD41C89460945805', '7523.05.14', 'Ary Riswadi', 'PIC Kepala Supervisi Cabang Purwokerto', 0000000013, '2016-10-31', NULL, NULL, 'active'),
(0000000035, 'N7IJKMHTBJ1477846800', '833BB0D92F5B5342C0F7CC8E8AA64657', '3762.11.11', 'Asyadi Satjadiprana', 'Kepala Supervisi Cabang Tasikmalaya', 0000000013, '2016-10-31', NULL, NULL, 'active'),
(0000000036, 'N7IJKMHTBJ1477846800', '67211D122A795906E542553B1553E731', '2033.02.10', 'Betsy Aprianti Jonas', 'PIC Kepala Supervisi Cabang Kendari', 0000000013, '2016-10-31', NULL, NULL, 'active'),
(0000000037, 'N7IJKMHTBJ1477846800', '7C7398BDF23651062A1794E303FB55CC', '7800.06.14', 'Christian Karundeng', 'Staf Supervisi Cabang Manado', 0000000013, '2016-10-31', NULL, NULL, 'active'),
(0000000038, 'N7IJKMHTBJ1477846800', '427368B19D5385876D8389B278AFED76', '1670.05.09', 'Dana Apriana', 'PIC Kepala Supervisi Cabang Senen', 0000000013, '2016-10-31', NULL, NULL, 'active'),
(0000000039, 'N7IJKMHTBJ1477846800', '2CF1D75B62686FEAEADA76506B81D402', '4365.02.12', 'Danny Kurniawan', 'PIC Kepala Supervisi Cabang Solo', 0000000013, '2016-10-31', NULL, NULL, 'active'),
(0000000040, 'N7IJKMHTBJ1477846800', 'A976179ED5DF18E033B774302F0F09AB', '10645.12.15', 'Doni Romdoni', 'Staf Supervisi Cabang Bekasi', 0000000013, '2016-10-31', NULL, NULL, 'active'),
(0000000041, 'N7IJKMHTBJ1477846800', '24FFB41C342ADF89914C5E696A6B93C1', '194.11.01', 'Dwinda Rouly', 'Kepala Supervisi Cabang Pekanbaru', 0000000013, '2016-10-31', NULL, NULL, 'active'),
(0000000042, 'N7IJKMHTBJ1477846800', '058A64AFFE4062924C9E79F109E3AF11', '637.02.09', 'Edwarivel', 'Reviewer dan Support Supervisi Wiayah Barat', 0000000013, '2016-10-31', NULL, NULL, 'active'),
(0000000043, 'N7IJKMHTBJ1477846800', '29F4B362FB2C26406F9A8E4BECAE65BE', '5637.02.13', 'Erik Nanulaitta', 'PIC Kepala Supervisi Cabang Ambon', 0000000013, '2016-10-31', NULL, NULL, 'active'),
(0000000044, 'N7IJKMHTBJ1477846800', 'FD74013561A2CDDBADE8B8DF52B0FE8E', '1833.08.09', 'Erwan Robiansyah', 'PIC Kepala Supervisi Cabang Tangerang', 0000000013, '2016-10-31', NULL, NULL, 'active'),
(0000000045, 'N7IJKMHTBJ1477846800', '2D2E4F52BA48A478CCA31F3598005E83', '364.10.04', 'Hadi Susilo', 'Kepala Supervisi Cabang Pontianak', 0000000013, '2016-10-31', NULL, NULL, 'active'),
(0000000046, 'N7IJKMHTBJ1477846800', '51C8C8CD3CD613337B55A09F259B0036', '509.03.08', 'Hari Susanto', 'Pj. Kepala Supervisi Cabang Pulau Punjung', 0000000013, '2016-10-31', NULL, NULL, 'active'),
(0000000047, 'N7IJKMHTBJ1477846800', '00A15C24F05EEAA69C2E701F365741F0', '9945.09.15', 'Hario Nur Agung Wicaksono', 'Staf Supervisi Cabang Yogyakarta', 0000000013, '2016-10-31', NULL, NULL, 'active'),
(0000000048, 'N7IJKMHTBJ1477846800', '282C60CC4C91A1AF9351C589295AB737', '795.08.10', 'Hendra Kuswandi', 'PIC Kepala Supervisi Cabang Blitar', 0000000013, '2016-10-31', NULL, NULL, 'active'),
(0000000049, 'N7IJKMHTBJ1477846800', 'E6156E26F5EB740579F45B39EEB192BA', '7474.05.14', 'Henny Herawaty', 'PIC Kepala Bagian Support & Services', 0000000013, '2016-10-31', NULL, NULL, 'active'),
(0000000050, 'N7IJKMHTBJ1477846800', '88FF0C8271667B22775915B3BFE0E18B', '1638.04.09', 'Imron Jauhari', 'Kepala Supervisi Cabang Subang', 0000000013, '2016-10-31', NULL, NULL, 'active'),
(0000000051, 'N7IJKMHTBJ1477846800', 'BC1BAE6388F0B1C7CCF16B134F160BB5', '238.04.02', 'Inarfita', 'Kepala Supervisi Cabang Semarang', 0000000013, '2016-10-31', NULL, NULL, 'active'),
(0000000052, 'N7IJKMHTBJ1477846800', 'BA9F45A634D0ECD374C7166D28501278', '6984.01.14', 'Indrasta Ady Wibowo', 'PIC Kepala Supervisi Cabang Banjarnegara', 0000000013, '2016-10-31', NULL, NULL, 'active'),
(0000000053, 'N7IJKMHTBJ1477846800', 'C092294C216642BDADDA26EDE78F9172', '4358.02.12', 'Irvan Reza', 'PIC Kepala Supervisi Cabang Sintang', 0000000013, '2016-10-31', NULL, NULL, 'active'),
(0000000054, 'N7IJKMHTBJ1477846800', 'CFA419BB875BE1D335A0A560625B49F8', '5772.03.13', 'Isma Wardah Lubis', 'PIC Kepala Supervisi Cabang Pematang Siantar', 0000000013, '2016-10-31', NULL, NULL, 'active'),
(0000000055, 'N7IJKMHTBJ1477846800', 'A255257D4108EC154CFA775699D761F5', '3418.05.11', 'Ismul Aliyyoes', 'Pj. Kepala Supervisi Cabang Padang', 0000000013, '2016-10-31', NULL, NULL, 'active'),
(0000000056, 'N7IJKMHTBJ1477846800', 'FBD5B4B9D027814024FB9F533F42562E', '2840.01.11', 'Iwan Pamra', 'PIC Kepala Supervisi Cabang Jambi', 0000000013, '2016-10-31', NULL, NULL, 'active'),
(0000000057, 'N7IJKMHTBJ1477846800', '38F2E60A80EB7B79F22402BC2E8F230D', '6571.09.13', 'Juli Mardiana', 'PIC Kepala Supervisi Cabang Bojonegoro', 0000000013, '2016-10-31', NULL, NULL, 'active'),
(0000000058, 'N7IJKMHTBJ1477846800', 'BEBFA590F6E9CCFFC830FE6EA8CD6EAF', '1576.03.09', 'Komang Riska Yulia Utami', 'PIC Kepala Supervisi Cabang Singaraja', 0000000013, '2016-10-31', NULL, NULL, 'active'),
(0000000059, 'N7IJKMHTBJ1477846800', '5B9CC2029129B956CB36D26F21BB6179', '1100.01.09', 'Kristina Septaviani', 'PIC Kepala Supervisi Cabang Mojokerto', 0000000013, '2016-10-31', NULL, NULL, 'active'),
(0000000060, 'N7IJKMHTBJ1477846800', 'BE65ED56E68C5DBF2240555F57A10E3C', '5329.01.13', 'Kukuh Kalis Rubedo', 'PIC Kepala Supervisi Cabang Jember', 0000000013, '2016-10-31', NULL, NULL, 'active'),
(0000000061, 'N7IJKMHTBJ1477846800', 'C8E989552C33947563256CD60B1EEA2F', '1911.01.10', 'Lifa Kartika Wijaya', 'PIC Kepala Supervisi Cabang Surabaya', 0000000013, '2016-10-31', NULL, NULL, 'active'),
(0000000062, 'N7IJKMHTBJ1477846800', 'B6E184F23FAD076F74FC5A78823D7D58', '7454.04.14', 'Lina Budiarti', 'PIC Kepala Supervisi Cabang Depok', 0000000013, '2016-10-31', NULL, NULL, 'active'),
(0000000063, 'N7IJKMHTBJ1477846800', '73C007BB7C4A4C219EF2B872F0592156', '1662.05.09', 'Lukman', 'Officer Supervisi Cabang Palopo', 0000000013, '2016-10-31', NULL, NULL, 'active'),
(0000000064, 'N7IJKMHTBJ1477846800', 'BCFC3F7D6847BFEC29DD333737F83788', '2281.04.10', 'M Husni Thamrin', 'PIC Kepala Supervisi Cabang Sidikalang', 0000000013, '2016-10-31', NULL, NULL, 'active'),
(0000000065, 'N7IJKMHTBJ1477846800', 'A9A1BFC20FE5D00A0EDDF93FE1E35E65', '181.09.01', 'Mochammad Soleh', 'Kepala Supervisi Cabang Malang', 0000000013, '2016-10-31', NULL, NULL, 'active'),
(0000000066, 'N7IJKMHTBJ1477846800', 'E21E28C2DFF2AD1A36D3F594AB91737D', '5788.03.13', 'Muchamad Balya Indarto', 'PIC Kepala Supervisi Cabang Madiun', 0000000013, '2016-10-31', NULL, NULL, 'active'),
(0000000067, 'N7IJKMHTBJ1477846800', 'BDFAAC8D8060292968E1A7BD4518AC0E', '4179.02.12', 'Muh Riyad AM Pettawali', 'PIC Kepala Supervisi Cabang Mamuju', 0000000013, '2016-10-31', NULL, NULL, 'active'),
(0000000068, 'N7IJKMHTBJ1477846800', '298727A0BE7DAEAE37385512C81CC8FC', '827.10.10', 'Muhammad Arifin Toyib', 'Pj. Kepala Supervisi Cabang Magelang', 0000000013, '2016-10-31', NULL, NULL, 'active'),
(0000000069, 'N7IJKMHTBJ1477846800', 'F5FCE06F3ED601A423DDFA0C56B41A23', '188.10.01', 'Muhammad Faqih Suta', 'Kepala Supervisi Cabang Bogor', 0000000013, '2016-10-31', NULL, NULL, 'active'),
(0000000070, 'N7IJKMHTBJ1477846800', 'F879EE48293189555CC60A9AD46EACCD', '4164.02.12', 'Mukhamad Distiar Firmansyah', 'PIC Kepala Supervisi Cabang Indramayu', 0000000013, '2016-10-31', NULL, NULL, 'active'),
(0000000071, 'N7IJKMHTBJ1477846800', 'D1209866AB5FD61EC566DC326A67C176', '2059.02.10', 'Nobert Tibe Pabiang', 'PIC Kepala Supervisi Cabang Samarinda', 0000000013, '2016-10-31', NULL, NULL, 'active'),
(0000000072, 'N7IJKMHTBJ1477846800', 'E858A8724188075EBA6991BF5B7C6BEA', '4089.01.12', 'Noval Gobel', 'PIC Kepala Supervisi Cabang Gorontalo', 0000000013, '2016-10-31', NULL, NULL, 'active'),
(0000000073, 'N7IJKMHTBJ1477846800', 'CA2CA5474C5F14DEF0D9CD502036223A', '4778.08.12', 'Novrizon', 'PIC Kepala Supervisi Cabang Bangko', 0000000013, '2016-10-31', NULL, NULL, 'active'),
(0000000074, 'N7IJKMHTBJ1477846800', '56DB722D7561E237B9FE504A19DAA220', '3850.12.11', 'Nurkholis Jauhari', 'PIC Kepala Supervisi Cabang Mataram', 0000000013, '2016-10-31', NULL, NULL, 'active'),
(0000000075, 'N7IJKMHTBJ1477846800', 'A5168A241E41C162092DF3E636C0DA08', '4096.02.12', 'Padli Ary Sugianto', 'Kepala Supervisi Cabang Balikpapan', 0000000013, '2016-10-31', NULL, NULL, 'active'),
(0000000076, 'N7IJKMHTBJ1477846800', 'DF2814C16960589D89EEC1924621F09B', '4237.02.12', 'Pompy Harja', 'PIC Kepala Supervisi Cabang Rantau Prapat', 0000000013, '2016-10-31', NULL, NULL, 'active'),
(0000000077, 'N7IJKMHTBJ1477846800', '8B676A0B0F8CD0427691091FC060DCFB', '1768.05.09', 'Priagoeng Heroe Sinatrio', 'PIC Kepala Supervisi Cabang Probolinggo', 0000000013, '2016-10-31', NULL, NULL, 'active'),
(0000000078, 'N7IJKMHTBJ1477846800', 'FB433C2C4F9310020541B1CE3012977E', '10495.11.15', 'Primasari Abrar', 'Staf Supervisi Cabang Tangerang', 0000000013, '2016-10-31', NULL, NULL, 'active'),
(0000000079, 'N7IJKMHTBJ1477846800', '6985710AF5ABB1B33DCD78DB81F6B4DA', '3989.01.12', 'R Teti Farida', 'PIC Kepala Supervisi Cabang Garut', 0000000013, '2016-10-31', NULL, NULL, 'active'),
(0000000080, 'N7IJKMHTBJ1477846800', '3F916FE686A6518C4F76999663FDC09D', '7692.05.14', 'Ratna Dewi', 'Staf Supervisi Cabang Duri', 0000000013, '2016-10-31', NULL, NULL, 'active'),
(0000000081, 'N7IJKMHTBJ1477846800', '29C4AE93129529DC04EB9FDE3551B7C8', '360.07.04', 'Rendra Permana', 'Kepala Supervisi Cabang Tegal', 0000000013, '2016-10-31', NULL, NULL, 'active'),
(0000000082, 'N7IJKMHTBJ1477846800', '9A75BF5832EFF4DF152A45632BCC4D70', '6216.05.13', 'Rengga Fitriyani', 'PIC Kepala Supervisi Cabang Pasar Minggu', 0000000013, '2016-10-31', NULL, NULL, 'active'),
(0000000083, 'N7IJKMHTBJ1477846800', 'A0FB7DEEAB10D310F1A3BE390802374D', '8509.01.15', 'Reynol Ilham Saputra', 'Staf Supervisi Cabang Tangerang', 0000000013, '2016-10-31', NULL, NULL, 'active'),
(0000000084, 'N7IJKMHTBJ1477846800', '97621A20030B6C75A4F1FC65618AB73B', '2678.01.11', 'Risyad Ibnu Ali', 'PIC Kepala Supervisi Cabang Pacitan', 0000000013, '2016-10-31', NULL, NULL, 'active'),
(0000000085, 'N7IJKMHTBJ1477846800', 'DFE450BF38E26CA2E9ECFBA6395CDF5C', '1271.02.09', 'Rofik Untardi', 'PIC Kepala Supervisi Cabang Kediri', 0000000013, '2016-10-31', NULL, NULL, 'active'),
(0000000086, 'N7IJKMHTBJ1477846800', 'FBE4F70F4DA44EEDECCDFF87D80DC305', '4755.08.12', 'Runita Oktaviani', 'PIC Kepala Supervisi Cabang Sukabumi', 0000000013, '2016-10-31', NULL, NULL, 'active'),
(0000000087, 'N7IJKMHTBJ1477846800', '0D2626C8A503A820231EBB6E06894AA9', '1652.05.09', 'Salmani', 'Pj. Kepala Supervisi Cabang Banjarmasin', 0000000013, '2016-10-31', NULL, NULL, 'active'),
(0000000088, 'N7IJKMHTBJ1477846800', '708101761EC27CAC249AD16AE9C4441C', '1125.01.09', 'Samuel Utomo Darwanto', 'PIC Kepala Supervisi Cabang Wonogiri', 0000000013, '2016-10-31', NULL, NULL, 'active'),
(0000000089, 'N7IJKMHTBJ1477846800', '47454F3CD07212ABE966C1B038E51059', '5347.01.13', 'Seli Erviani', 'PIC Kepala Supervisi Cabang Lampung', 0000000013, '2016-10-31', NULL, NULL, 'active'),
(0000000090, 'N7IJKMHTBJ1477846800', 'B8EF6D8D492AD13C64441FA1A36FB0D2', '4638.06.12', 'Sugeng Triyono Herdianto', 'Staf Supervisi Cabang Bekasi', 0000000013, '2016-10-31', NULL, NULL, 'active'),
(0000000091, 'N7IJKMHTBJ1477846800', '5F29F076CF34DF7736F78B9133A5F9CA', '2093.02.10', 'Sugito', 'Kepala Supervisi Cabang Bau-Bau', 0000000013, '2016-10-31', NULL, NULL, 'active'),
(0000000092, 'N7IJKMHTBJ1477846800', '53FC63A137FE80743BD1FBE766EEA327', '5771.03.13', 'Suryani Safithri Br Lubis', 'PIC Kepala Supervisi Cabang Padang Sidempuan', 0000000013, '2016-10-31', NULL, NULL, 'active'),
(0000000093, 'N7IJKMHTBJ1477846800', '49FA01EC5157F09C81C2DF79EF7D5B48', '6424.08.13', 'Suryo Zuniar', 'PIC Kepala Bagian Pengembangan Program', 0000000013, '2016-10-31', NULL, NULL, 'active'),
(0000000094, 'N7IJKMHTBJ1477846800', '21546D5BC64F8AA099EB1E0CA61ED6A3', '224.04.02', 'Titin Melinda', 'Kepala Supervisi Cabang Yogyakarta', 0000000013, '2016-10-31', NULL, NULL, 'active'),
(0000000095, 'N7IJKMHTBJ1477846800', '698D59C5ED6C958F0F16475210E84C4A', '1523.03.09', 'Trisno Martopo Hadi', 'PIC Kepala Supervisi Cabang Pati', 0000000013, '2016-10-31', NULL, NULL, 'active'),
(0000000096, 'N7IJKMHTBJ1477846800', 'F9D96BB86CDFD6E1A99B8EE9DC7B2189', '1470.03.09', 'Wendy Citra Uttoyo', 'Kepala Supervisi Cabang Lamongan', 0000000013, '2016-10-31', NULL, NULL, 'active'),
(0000000097, 'N7IJKMHTBJ1477846800', '590EFDBA1E248C8D0B7F4E41406F5B54', '1285.02.09', 'Wisnu Prihandoyo', 'Officer Bisnis dan Portofolio Cabang', 0000000013, '2016-10-31', NULL, NULL, 'active'),
(0000000098, 'N7IJKMHTBJ1477846800', '2A134D34EB444037CB9ABB119EF58881', '3219.04.11', 'Yogas Firmansyah', 'PIC Kepala Supervisi Cabang Bandung', 0000000013, '2016-10-31', NULL, NULL, 'active'),
(0000000099, 'N7IJKMHTBJ1477846800', 'B50A8A16B9E276F276C8FCEDE6EA6D88', '2002.02.10', 'Yoyok Erwan Setiono', 'PIC Kepala Supervisi Cabang Tulungagung', 0000000013, '2016-10-31', NULL, NULL, 'active'),
(0000000100, 'N7IJKMHTBJ1477846800', 'E415E612710056DAC590382D2AC6E090', '710.09.09', 'Yuni Ade Wina', 'PIC Kepala Supervisi Cabang Medan', 0000000013, '2016-10-31', NULL, NULL, 'active'),
(0000000101, 'N7IJKMHTBJ1477846800', 'DA1EAD5185916B9A048D8DB2C596AF93', '1419.03.09', 'Zoelfan Azmir', 'Kepala Supervisi Cabang Aceh', 0000000013, '2016-10-31', NULL, NULL, 'active'),
(0000000102, 'N7IJKMHTBJ1477846800', '37DA89007B05E5A72E27EC6A0F410A85', '1225.01.09', 'Zulkarnain Nurdin', 'PIC Kepala Supervisi Cabang Makassar', 0000000013, '2016-10-31', NULL, NULL, 'active'),
(0000000103, '4DDQPTWK0L1477933200', '5C01CFFB6A1C2D4C14C66BE1AAEAB2A6', 'MKR1442.05.16', 'IRMA DAMAYANTI', 'Auditor Area Cimahi Padalarang', 0000000013, '2016-11-01', 0000000013, '2016-11-01', 'deleted'),
(0000000104, '4DDQPTWK0L1477933200', '20D6EB8F2A2C270F51A28297FEC61440', 'MKR0050.01.16', 'IRWAN ZACKY', 'Auditor Area Jawa Barat', 0000000013, '2016-11-01', 0000000013, '2016-11-01', 'deleted'),
(0000000105, '4DDQPTWK0L1477933200', 'EE6C13783F449DB5489DCABC60436E2F', 'MKR0043.01.16', 'YAYANG IQBAL', 'Area Manager Bogor - Cianjur', 0000000013, '2016-11-01', 0000000013, '2016-11-01', 'deleted'),
(0000000108, 'ERKG728LAN1477933200', 'DA272D7FCB7ADEFF251E1C52760506C7', 'MKR0032.01.16', 'SOVENDA SEPTA HASTOYO', 'Area Manager Solo', 0000000013, '2016-11-01', 0000000013, '2016-11-01', 'active'),
(0000000109, 'ERKG728LAN1477933200', 'DA272D7FCB7ADEFF251E1C52760506C7', 'MKR0032.01.16', 'SOVENDA SEPTA HASTOYO', 'Area Manager Solo', 0000000013, '2016-11-01', 0000000013, '2016-11-01', 'active'),
(0000000110, 'ERKG728LAN1477933200', 'DA272D7FCB7ADEFF251E1C52760506C7', 'MKR0032.01.16', 'SOVENDA SEPTA HASTOYO', 'Area Manager Solo', 0000000013, '2016-11-01', 0000000013, '2016-11-01', 'active'),
(0000000111, '8GIUJLYE4B1477933200', '08379D4E957B887E2368C69951D396AB', 'MKR0025.12.15', 'ADI SETIA HARMAWAN', 'Area Manager Kediri - Blitar - Tulungagung', 0000000013, '2016-11-01', 0000000013, '2016-11-01', 'active'),
(0000000112, '8GIUJLYE4B1477933200', '08379D4E957B887E2368C69951D396AB', 'MKR0025.12.15', 'ADI SETIA HARMAWAN', 'Area Manager Kediri - Blitar - Tulungagung', 0000000013, '2016-11-01', 0000000013, '2016-11-01', 'active'),
(0000000113, '8GIUJLYE4B1477933200', '08379D4E957B887E2368C69951D396AB', 'MKR0025.12.15', 'ADI SETIA HARMAWAN', 'Area Manager Kediri - Blitar - Tulungagung', 0000000013, '2016-11-01', 0000000013, '2016-11-01', 'active'),
(0000000120, 'HYMBTODQSW1477933200', '20B37F32C6A0403D219F9641E6287ACB', 'MKR2294.08.16', 'YULLY YULYAWATI', 'Auditor Tasikmalaya-Ciamis', 0000000013, '2016-11-01', NULL, NULL, 'active'),
(0000000121, 'HYMBTODQSW1477933200', '5C01CFFB6A1C2D4C14C66BE1AAEAB2A6', 'MKR1442.05.16', 'IRMA DAMAYANTI', 'Auditor Area Cimahi Padalarang', 0000000013, '2016-11-01', NULL, NULL, 'active'),
(0000000122, 'HYMBTODQSW1477933200', '20D6EB8F2A2C270F51A28297FEC61440', 'MKR0050.01.16', 'IRWAN ZACKY', 'Auditor Area Jawa Barat', 0000000013, '2016-11-01', NULL, NULL, 'active'),
(0000000123, '', '38B636D94B1CA3B1F2532DB740DA446C', '9649.08.15', 'Andika Permana Putra Purba', 'Officer Aplication Developer', 0000000013, '2016-11-01', NULL, NULL, 'active'),
(0000000124, '', 'ECD2FD56BAAA7D522748DB3BA18CB79B', '9319.06.15', 'Ilham Hidayat', 'Officer IT Development', 0000000013, '2016-11-01', NULL, NULL, 'active');

-- --------------------------------------------------------

--
-- Struktur dari tabel `em_event_materikm`
--

CREATE TABLE `em_event_materikm` (
  `id` int(11) NOT NULL,
  `id_event` varchar(256) NOT NULL,
  `nama_file` varchar(256) NOT NULL,
  `tipe_file` varchar(50) NOT NULL,
  `is_active` enum('active','disabled','deleted') NOT NULL,
  `created_by` int(10) UNSIGNED ZEROFILL NOT NULL,
  `created_date` datetime NOT NULL,
  `modified_by` int(10) UNSIGNED ZEROFILL DEFAULT NULL,
  `modified_date` datetime DEFAULT NULL
) ENGINE=InnoDB DEFAULT CHARSET=latin1;

--
-- Dumping data untuk tabel `em_event_materikm`
--

INSERT INTO `em_event_materikm` (`id`, `id_event`, `nama_file`, `tipe_file`, `is_active`, `created_by`, `created_date`, `modified_by`, `modified_date`) VALUES
(1, '4DDQPTWK0L1477933200', '4DDQPTWK0L1477933200_20161101at000013_Invoice Baby Natazha (30 Oct 2016)-110916.pdf', 'application/pdf', 'deleted', 0000000013, '2016-11-01 00:00:13', 0000000013, '2016-11-01 16:03:38'),
(2, '8GIUJLYE4B1477933200', '8GIUJLYE4B1477933200_20161101at113052_getsso_aplikasi_terkait.jpg', 'image/jpeg', 'active', 0000000013, '2016-11-01 11:30:52', NULL, NULL);

-- --------------------------------------------------------

--
-- Struktur dari tabel `em_event_pic`
--

CREATE TABLE `em_event_pic` (
  `id` int(11) NOT NULL,
  `id_event` varchar(255) NOT NULL,
  `id_karyawan` varchar(255) DEFAULT NULL,
  `nama_pic` varchar(255) NOT NULL,
  `created_by` int(10) UNSIGNED ZEROFILL NOT NULL,
  `created_date` datetime NOT NULL,
  `modified_by` int(11) DEFAULT NULL,
  `modified_date` int(11) DEFAULT NULL,
  `is_active` enum('active','disabled','deleted') NOT NULL
) ENGINE=InnoDB DEFAULT CHARSET=latin1;

--
-- Dumping data untuk tabel `em_event_pic`
--

INSERT INTO `em_event_pic` (`id`, `id_event`, `id_karyawan`, `nama_pic`, `created_by`, `created_date`, `modified_by`, `modified_date`, `is_active`) VALUES
(6, '4DDQPTWK0L1477933200', 'MKR0032.01.16', 'SOVENDA SEPTA HASTOYO', 0000000013, '2016-11-01 00:00:13', 13, 2016, 'deleted'),
(7, '4DDQPTWK0L1477933200', 'MKR0043.01.16', 'YAYANG IQBAL', 0000000013, '2016-11-01 00:00:13', 13, 2016, 'deleted'),
(8, '4DDQPTWK0L1477933200', 'MKR0050.01.16', 'IRWAN ZACKY', 0000000013, '2016-11-01 00:00:13', 13, 2016, 'deleted'),
(11, 'ERKG728LAN1477933200', 'MKR0032.01.16', 'SOVENDA SEPTA HASTOYO', 0000000013, '2016-11-01 10:59:30', 13, 2016, 'active'),
(12, 'ERKG728LAN1477933200', 'MKR0032.01.16', 'SOVENDA SEPTA HASTOYO', 0000000013, '2016-11-01 10:59:30', 13, 2016, 'active'),
(13, 'ERKG728LAN1477933200', 'MKR0032.01.16', 'SOVENDA SEPTA HASTOYO', 0000000013, '2016-11-01 10:59:30', 13, 2016, 'active'),
(14, '8GIUJLYE4B1477933200', 'MKR0044.01.16', 'DESI HARTATI', 0000000013, '2016-11-01 11:30:51', 13, 2016, 'active'),
(15, '8GIUJLYE4B1477933200', 'MKR0044.01.16', 'DESI HARTATI', 0000000013, '2016-11-01 11:30:51', 13, 2016, 'active'),
(22, 'HYMBTODQSW1477933200', '2423.08.10', 'Muhammad Asyidin', 0000000013, '2016-11-01 19:04:01', NULL, NULL, 'active'),
(23, 'HYMBTODQSW1477933200', '10849.02.16', 'Fuji Teguh Winalwan', 0000000013, '2016-11-01 19:04:01', NULL, NULL, 'active'),
(24, 'HYMBTODQSW1477933200', '11906.07.16', 'Dainty Ambarina', 0000000013, '2016-11-01 19:04:01', NULL, NULL, 'active'),
(25, 'HYMBTODQSW1477933200', '11772.05.16', 'Hilmiah', 0000000013, '2016-11-01 19:04:01', NULL, NULL, 'active'),
(26, 'HYMBTODQSW1477933200', '10776.02.16', 'Lilik Fauziyah', 0000000013, '2016-11-01 19:04:01', NULL, NULL, 'active'),
(27, 'HYMBTODQSW1477933200', '11106.03.16', 'Dian Anggraini', 0000000013, '2016-11-01 19:04:01', NULL, NULL, 'active');

-- --------------------------------------------------------

--
-- Struktur dari tabel `em_event_rab`
--

CREATE TABLE `em_event_rab` (
  `id` int(11) NOT NULL,
  `id_event` varchar(256) NOT NULL,
  `id_rab` int(11) NOT NULL,
  `id_rab_parent` int(11) DEFAULT NULL,
  `jumlah` bigint(20) DEFAULT NULL,
  `qty` int(11) DEFAULT NULL,
  `unit_cost` bigint(20) DEFAULT NULL,
  `total` bigint(20) DEFAULT NULL,
  `created_by` int(11) NOT NULL,
  `created_date` datetime NOT NULL,
  `modified_by` int(11) DEFAULT NULL,
  `modified_date` datetime DEFAULT NULL,
  `is_active` enum('active','disabled','deleted') NOT NULL
) ENGINE=InnoDB DEFAULT CHARSET=latin1;

--
-- Dumping data untuk tabel `em_event_rab`
--

INSERT INTO `em_event_rab` (`id`, `id_event`, `id_rab`, `id_rab_parent`, `jumlah`, `qty`, `unit_cost`, `total`, `created_by`, `created_date`, `modified_by`, `modified_date`, `is_active`) VALUES
(7, '4DDQPTWK0L1477933200', 5, NULL, NULL, NULL, NULL, 22200, 13, '2016-11-01 00:00:13', 13, '2016-11-01 16:03:38', 'deleted'),
(8, '4DDQPTWK0L1477933200', 12, 5, 10, 20, 111, 22200, 13, '2016-11-01 00:00:14', 13, '2016-11-01 16:03:38', 'deleted'),
(9, '4DDQPTWK0L1477933200', 13, NULL, NULL, NULL, NULL, 1222, 13, '2016-11-01 00:00:14', 13, '2016-11-01 16:03:38', 'deleted'),
(10, '4DDQPTWK0L1477933200', 16, 13, 1, 1, 1222, 1222, 13, '2016-11-01 00:00:14', 13, '2016-11-01 16:03:38', 'deleted'),
(13, 'ERKG728LAN1477933200', 9, 5, 200, 1, 15000, 3000000, 13, '2016-11-01 10:59:31', 13, '2016-11-01 17:57:44', 'active'),
(14, 'ERKG728LAN1477933200', 9, 5, 200, 1, 15000, 3000000, 13, '2016-11-01 10:59:31', 13, '2016-11-01 17:57:44', 'active'),
(15, '8GIUJLYE4B1477933200', 17, 13, 1, 1, 20000, 20000, 13, '2016-11-01 11:30:52', 13, '2016-11-01 18:26:43', 'active'),
(16, '8GIUJLYE4B1477933200', 17, 13, 1, 1, 20000, 20000, 13, '2016-11-01 11:30:52', 13, '2016-11-01 18:26:43', 'active'),
(23, 'HYMBTODQSW1477933200', 5, NULL, NULL, NULL, NULL, 800, 13, '2016-11-01 19:04:01', NULL, NULL, 'active'),
(24, 'HYMBTODQSW1477933200', 12, 5, 2, 2, 200, 800, 13, '2016-11-01 19:04:01', NULL, NULL, 'active'),
(25, 'HYMBTODQSW1477933200', 1, NULL, NULL, NULL, NULL, 100000, 13, '2016-11-01 19:04:01', NULL, NULL, 'active'),
(26, 'HYMBTODQSW1477933200', 3, 1, 1, 2, 50000, 100000, 13, '2016-11-01 19:04:02', NULL, NULL, 'active'),
(27, 'HYMBTODQSW1477933200', 13, NULL, NULL, NULL, NULL, 200000, 13, '2016-11-01 19:04:02', NULL, NULL, 'active'),
(28, 'HYMBTODQSW1477933200', 17, 13, 2, 1, 100000, 200000, 13, '2016-11-01 19:04:02', NULL, NULL, 'active');

-- --------------------------------------------------------

--
-- Struktur dari tabel `em_event_rundown`
--

CREATE TABLE `em_event_rundown` (
  `id` int(11) NOT NULL,
  `id_event` varchar(256) NOT NULL,
  `nama_file` varchar(256) NOT NULL,
  `tipe_file` varchar(50) NOT NULL,
  `is_active` enum('active','disabled','deleted') NOT NULL,
  `created_by` int(10) UNSIGNED ZEROFILL NOT NULL,
  `created_date` datetime NOT NULL,
  `modified_by` int(10) UNSIGNED ZEROFILL DEFAULT NULL,
  `modified_date` datetime DEFAULT NULL
) ENGINE=InnoDB DEFAULT CHARSET=latin1;

--
-- Dumping data untuk tabel `em_event_rundown`
--

INSERT INTO `em_event_rundown` (`id`, `id_event`, `nama_file`, `tipe_file`, `is_active`, `created_by`, `created_date`, `modified_by`, `modified_date`) VALUES
(1, '4DDQPTWK0L1477933200', '4DDQPTWK0L1477933200_20161101at000013_Invoice Cameriz.xlsx', 'application/vnd.openxmlformats-officedocument.spre', 'deleted', 0000000013, '2016-11-01 00:00:13', 0000000013, '2016-11-01 16:03:38'),
(2, '8GIUJLYE4B1477933200', '8GIUJLYE4B1477933200_20161101at113051_untukcoba.xlsx', 'application/vnd.openxmlformats-officedocument.spre', 'active', 0000000013, '2016-11-01 11:30:52', NULL, NULL);

-- --------------------------------------------------------

--
-- Struktur dari tabel `em_event_trainer`
--

CREATE TABLE `em_event_trainer` (
  `id` int(11) NOT NULL,
  `id_event` varchar(255) NOT NULL,
  `kategori_trainer` enum('internal','eksternal') NOT NULL,
  `id_kategori_trainer` int(11) NOT NULL,
  `is_active` enum('active','disabled','deleted') NOT NULL,
  `created_by` int(11) NOT NULL,
  `created_date` datetime NOT NULL,
  `modified_by` int(11) DEFAULT NULL,
  `modified_date` datetime DEFAULT NULL
) ENGINE=InnoDB DEFAULT CHARSET=latin1;

--
-- Dumping data untuk tabel `em_event_trainer`
--

INSERT INTO `em_event_trainer` (`id`, `id_event`, `kategori_trainer`, `id_kategori_trainer`, `is_active`, `created_by`, `created_date`, `modified_by`, `modified_date`) VALUES
(5, '4DDQPTWK0L1477933200', 'internal', 7, 'deleted', 13, '2016-11-01 00:00:13', 13, '2016-11-01 16:03:38'),
(7, 'ERKG728LAN1477933200', 'internal', 1, 'active', 13, '2016-11-01 10:59:30', 13, '2016-11-01 17:57:44'),
(8, '8GIUJLYE4B1477933200', 'internal', 8, 'active', 13, '2016-11-01 11:30:51', 13, '2016-11-01 18:28:15'),
(10, 'HYMBTODQSW1477933200', 'internal', 1, 'active', 13, '2016-11-01 19:04:01', NULL, NULL);

-- --------------------------------------------------------

--
-- Struktur dari tabel `em_feedback`
--

CREATE TABLE `em_feedback` (
  `id` int(11) NOT NULL,
  `id_event` varchar(256) NOT NULL,
  `url_feedback` varchar(255) NOT NULL,
  `is_active` enum('active','disabled','deleted') NOT NULL,
  `created_by` int(10) UNSIGNED ZEROFILL NOT NULL,
  `created_date` datetime NOT NULL,
  `modified_by` int(10) UNSIGNED ZEROFILL DEFAULT NULL,
  `modified_date` datetime DEFAULT NULL
) ENGINE=InnoDB DEFAULT CHARSET=latin1;

--
-- Dumping data untuk tabel `em_feedback`
--

INSERT INTO `em_feedback` (`id`, `id_event`, `url_feedback`, `is_active`, `created_by`, `created_date`, `modified_by`, `modified_date`) VALUES
(5, '9NZ8Z2HRK01477587600', 'http://pnm.co.id', 'active', 0000000000, '2016-10-28 14:45:05', NULL, NULL);

-- --------------------------------------------------------

--
-- Struktur dari tabel `em_feedback_detail`
--

CREATE TABLE `em_feedback_detail` (
  `id` int(11) NOT NULL,
  `id_feedback` int(11) NOT NULL,
  `idsdm` varchar(256) NOT NULL,
  `nik` varchar(256) NOT NULL,
  `nama` varchar(256) NOT NULL,
  `email` varchar(256) NOT NULL,
  `status` enum('success','failed') NOT NULL,
  `sent_datetime` datetime NOT NULL
) ENGINE=InnoDB DEFAULT CHARSET=latin1;

--
-- Dumping data untuk tabel `em_feedback_detail`
--

INSERT INTO `em_feedback_detail` (`id`, `id_feedback`, `idsdm`, `nik`, `nama`, `email`, `status`, `sent_datetime`) VALUES
(1, 1, '4F4D5D8D6F769359B5421A939A4214C7', '4F4D5D8D6F769359B5421A939A4214C7', 'FITRIANI SULAEMAN', 'deby.natazha@yahoo.co.id', 'success', '2016-10-22 22:53:38'),
(2, 1, '20D6EB8F2A2C270F51A28297FEC61440', '20D6EB8F2A2C270F51A28297FEC61440', 'IRWAN ZACKY', 'deby.natazha@yahoo.co.id', 'success', '2016-10-22 22:53:38'),
(3, 1, 'EE6C13783F449DB5489DCABC60436E2F', 'EE6C13783F449DB5489DCABC60436E2F', 'YAYANG IQBAL', 'deby.natazha@yahoo.co.id', 'success', '2016-10-22 22:53:39'),
(4, 2, '08379D4E957B887E2368C69951D396AB', '08379D4E957B887E2368C69951D396AB', 'ADI SETIA HARMAWAN', 'deby.natazha@yahoo.co.id', 'success', '2016-10-22 22:56:03'),
(5, 2, '38B636D94B1CA3B1F2532DB740DA446C', '38B636D94B1CA3B1F2532DB740DA446C', 'Andika Permana Putra Purba', 'deby.natazha@yahoo.co.id', 'success', '2016-10-22 22:56:03'),
(6, 2, 'C0A40529E71FAB0CF898BE05EFAEF8B8', 'C0A40529E71FAB0CF898BE05EFAEF8B8', 'Cecem Taufik', 'deby.natazha@yahoo.co.id', 'success', '2016-10-22 22:56:03'),
(7, 2, '847D05E1340EDFA68E01B450D299B878', '847D05E1340EDFA68E01B450D299B878', 'Dwi Retno Sari', 'deby.natazha@yahoo.co.id', 'success', '2016-10-22 22:56:04'),
(8, 2, '4F4D5D8D6F769359B5421A939A4214C7', '4F4D5D8D6F769359B5421A939A4214C7', 'FITRIANI SULAEMAN', 'deby.natazha@yahoo.co.id', 'success', '2016-10-22 22:56:04'),
(9, 2, 'ECD2FD56BAAA7D522748DB3BA18CB79B', 'ECD2FD56BAAA7D522748DB3BA18CB79B', 'Ilham Hidayat', 'deby.natazha@yahoo.co.id', 'success', '2016-10-22 22:56:04'),
(10, 2, '20D6EB8F2A2C270F51A28297FEC61440', '20D6EB8F2A2C270F51A28297FEC61440', 'IRWAN ZACKY', 'deby.natazha@yahoo.co.id', 'success', '2016-10-22 22:56:05'),
(11, 2, '48BD28C62468F88CE63FA6C09AE53EBF', '48BD28C62468F88CE63FA6C09AE53EBF', 'Risky Handayani', 'deby.natazha@yahoo.co.id', 'success', '2016-10-22 22:56:05'),
(12, 2, '256EC73DA11A6F7EF3309C2B98888D56', '256EC73DA11A6F7EF3309C2B98888D56', 'Shany Cindy Riana', 'deby.natazha@yahoo.co.id', 'success', '2016-10-22 22:56:05'),
(13, 2, 'DA272D7FCB7ADEFF251E1C52760506C7', 'DA272D7FCB7ADEFF251E1C52760506C7', 'SOVENDA SEPTA HASTOYO', 'deby.natazha@yahoo.co.id', 'success', '2016-10-22 22:56:05'),
(14, 2, 'EE6C13783F449DB5489DCABC60436E2F', 'EE6C13783F449DB5489DCABC60436E2F', 'YAYANG IQBAL', 'deby.natazha@yahoo.co.id', 'success', '2016-10-22 22:56:05'),
(15, 3, '847D05E1340EDFA68E01B450D299B878', '847D05E1340EDFA68E01B450D299B878', 'Dwi Retno Sari', 'deby.natazha@yahoo.co.id', 'success', '2016-10-22 23:02:53'),
(16, 3, '256EC73DA11A6F7EF3309C2B98888D56', '256EC73DA11A6F7EF3309C2B98888D56', 'Shany Cindy Riana', 'deby.natazha@yahoo.co.id', 'success', '2016-10-22 23:02:53'),
(17, 4, '38B636D94B1CA3B1F2532DB740DA446C', '38B636D94B1CA3B1F2532DB740DA446C', 'Andika Permana Putra Purba', 'deby.natazha@yahoo.co.id', 'success', '2016-10-22 23:05:14'),
(18, 4, 'ECD2FD56BAAA7D522748DB3BA18CB79B', 'ECD2FD56BAAA7D522748DB3BA18CB79B', 'Ilham Hidayat', 'deby.natazha@yahoo.co.id', 'success', '2016-10-22 23:05:14'),
(19, 5, '08379D4E957B887E2368C69951D396AB', '08379D4E957B887E2368C69951D396AB', 'ADI SETIA HARMAWAN', 'deby.natazha@yahoo.co.id', 'success', '2016-10-28 14:45:06'),
(20, 5, '38B636D94B1CA3B1F2532DB740DA446C', '38B636D94B1CA3B1F2532DB740DA446C', 'Andika Permana Putra Purba', 'deby.natazha@yahoo.co.id', 'success', '2016-10-28 14:45:06'),
(21, 5, 'C0A40529E71FAB0CF898BE05EFAEF8B8', 'C0A40529E71FAB0CF898BE05EFAEF8B8', 'Cecem Taufik', 'deby.natazha@yahoo.co.id', 'success', '2016-10-28 14:45:06');

-- --------------------------------------------------------

--
-- Struktur dari tabel `em_kategori_event`
--

CREATE TABLE `em_kategori_event` (
  `id` int(10) UNSIGNED ZEROFILL NOT NULL,
  `kategori_event` varchar(256) NOT NULL,
  `created_by` int(11) UNSIGNED ZEROFILL NOT NULL,
  `created_date` datetime NOT NULL,
  `modified_by` int(11) UNSIGNED ZEROFILL DEFAULT NULL,
  `modified_date` datetime DEFAULT NULL,
  `is_active` enum('active','disabled','deleted') NOT NULL
) ENGINE=InnoDB DEFAULT CHARSET=latin1;

--
-- Dumping data untuk tabel `em_kategori_event`
--

INSERT INTO `em_kategori_event` (`id`, `kategori_event`, `created_by`, `created_date`, `modified_by`, `modified_date`, `is_active`) VALUES
(0000000001, 'Training', 00000000001, '0000-00-00 00:00:00', 00000000002, '2016-10-12 13:56:02', 'active'),
(0000000002, 'Exam', 00000000001, '0000-00-00 00:00:00', NULL, NULL, 'active'),
(0000000004, 'others', 00000000002, '2016-10-12 13:36:06', NULL, NULL, 'active'),
(0000000005, 'asd', 00000000002, '2016-10-12 13:37:09', NULL, '2016-10-12 13:45:16', 'deleted'),
(0000000006, 'Coba event', 00000000002, '2016-10-12 13:45:54', NULL, '2016-10-12 13:45:58', 'deleted'),
(0000000007, 'asda', 00000000002, '2016-10-12 13:47:36', NULL, '2016-10-12 13:47:41', 'deleted'),
(0000000008, 'gggg', 00000000002, '2016-10-12 13:49:24', 00000000002, '2016-10-12 13:49:27', 'deleted'),
(0000000009, 'asdasd', 00000000002, '2016-10-12 16:51:42', 00000000002, '2016-10-12 17:50:39', 'deleted'),
(0000000010, 'adasd', 00000000002, '2016-10-12 17:08:21', 00000000002, '2016-10-12 17:50:34', 'deleted'),
(0000000011, 'sfff', 00000000002, '2016-10-12 17:23:13', 00000000002, '2016-10-12 17:51:20', 'disabled'),
(0000000012, 'kta', 00000000002, '2016-10-12 17:27:07', 00000000002, '2016-10-12 17:50:44', 'deleted'),
(0000000013, 'coba kategori 1', 00000000002, '2016-10-12 17:50:52', 00000000002, '2016-10-12 17:51:11', 'disabled'),
(0000000014, 'asdasd', 00000000002, '2016-10-12 17:57:10', NULL, NULL, 'disabled');

-- --------------------------------------------------------

--
-- Struktur dari tabel `em_kategori_rab`
--

CREATE TABLE `em_kategori_rab` (
  `id` int(11) NOT NULL,
  `id_parent` int(11) DEFAULT NULL COMMENT 'Diisi jika merupakan judul, jika bukan maka kosongkan',
  `deskripsi` varchar(255) NOT NULL,
  `jumlah_unit` varchar(20) DEFAULT NULL,
  `frekwensi` varchar(20) DEFAULT NULL,
  `is_active` enum('active','disabled','deleted') NOT NULL,
  `created_by` int(10) UNSIGNED ZEROFILL NOT NULL,
  `created_date` datetime NOT NULL,
  `modified_by` int(10) UNSIGNED ZEROFILL DEFAULT NULL,
  `modified_date` datetime DEFAULT NULL
) ENGINE=InnoDB DEFAULT CHARSET=latin1;

--
-- Dumping data untuk tabel `em_kategori_rab`
--

INSERT INTO `em_kategori_rab` (`id`, `id_parent`, `deskripsi`, `jumlah_unit`, `frekwensi`, `is_active`, `created_by`, `created_date`, `modified_by`, `modified_date`) VALUES
(1, NULL, 'Honor', '', '', 'active', 0000000001, '2016-10-07 09:28:19', NULL, NULL),
(2, 1, 'Pelatih Internal', 'jam', 'hari', 'active', 0000000001, '2016-10-07 09:28:19', NULL, NULL),
(3, 1, 'Pelatih Eksternal', 'kali', 'hari', 'active', 0000000001, '2016-10-07 09:28:19', NULL, NULL),
(4, 1, 'Vendor (EO)', 'event', 'kali', 'active', 0000000001, '2016-10-07 09:28:19', NULL, NULL),
(5, NULL, 'Akomodasi dan Konsumsi', '', '', 'active', 0000000001, '2016-10-07 09:28:19', NULL, NULL),
(6, 5, 'Peserta', 'pax', 'hari', 'active', 0000000001, '2016-10-07 09:28:19', NULL, NULL),
(7, 5, 'PIC Training', 'pax', 'hari', 'active', 0000000001, '2016-10-07 09:28:19', NULL, NULL),
(8, 5, 'Trainer', 'pax', 'hari', 'active', 0000000001, '2016-10-07 09:28:19', NULL, NULL),
(9, 5, 'Laundry', 'pax', 'hari', 'active', 0000000001, '2016-10-07 09:28:19', NULL, NULL),
(10, 5, 'Konsumsi Lain-lain', 'pax', 'hari', 'active', 0000000001, '2016-10-07 09:28:19', NULL, NULL),
(11, 5, 'Ruang Meeting', 'unit', 'hari', 'active', 0000000001, '2016-10-07 09:28:19', NULL, NULL),
(12, 5, 'Hotel', 'unit', 'hari', 'active', 0000000001, '2016-10-07 09:28:19', NULL, NULL),
(13, NULL, 'Transportasi', '', '', 'active', 0000000001, '2016-10-07 09:28:19', NULL, NULL),
(14, 13, 'SPD Peserta', 'pax', '', 'active', 0000000001, '2016-10-07 09:28:19', NULL, NULL),
(15, 13, 'SPD PIC dan Trainer', 'pcs', '', 'active', 0000000001, '2016-10-07 09:28:19', NULL, NULL),
(16, 13, 'Tiket PP', 'pcs', '', 'active', 0000000001, '2016-10-07 09:28:19', NULL, NULL),
(17, 13, 'Transportasi Utama', 'unit', '', 'active', 0000000001, '2016-10-07 09:28:19', NULL, NULL),
(18, NULL, 'Perlengkapan', '', '', 'active', 0000000001, '2016-10-07 09:28:19', NULL, NULL),
(19, 18, 'Fotocopy Materi', 'pax', 'kali', 'active', 0000000001, '2016-10-07 09:28:19', NULL, NULL),
(20, 18, 'Spanduk/Banner', 'pcs', 'kali', 'active', 0000000001, '2016-10-07 09:28:19', NULL, NULL),
(21, 18, 'ATK/Training Kit', 'pcs', 'kali', 'active', 0000000001, '2016-10-07 09:28:19', NULL, NULL),
(22, 18, 'Bus', 'unit', 'kali', 'active', 0000000001, '2016-10-07 09:28:19', NULL, NULL),
(23, 18, 'Kaos', 'pcs', 'kali', 'active', 0000000001, '2016-10-07 09:28:19', NULL, NULL),
(24, 18, 'Obat-obatan', 'pcs', 'kali', 'active', 0000000001, '2016-10-07 09:28:19', NULL, NULL),
(25, 18, 'Extra Bed', 'unit', 'hari', 'active', 0000000001, '2016-10-07 09:28:19', NULL, NULL),
(26, NULL, 'Uang Muka', '', '', 'deleted', 0000000001, '2016-10-07 09:28:19', NULL, '2016-10-21 11:30:52'),
(27, NULL, 'test kategori rab', '', '', 'deleted', 0000000011, '2016-10-18 16:07:17', NULL, '2016-10-21 13:38:10'),
(28, 27, 'test child dari test kategori awal', '', '', 'deleted', 0000000011, '2016-10-18 16:08:34', NULL, '2016-10-21 13:38:10');

-- --------------------------------------------------------

--
-- Struktur dari tabel `em_kategori_tempat`
--

CREATE TABLE `em_kategori_tempat` (
  `id` int(11) NOT NULL,
  `kategori_tempat` varchar(256) NOT NULL,
  `created_by` int(11) NOT NULL,
  `created_date` datetime NOT NULL,
  `modified_by` int(11) UNSIGNED ZEROFILL DEFAULT NULL,
  `modified_date` datetime DEFAULT NULL,
  `is_active` enum('active','disabled','deleted') NOT NULL
) ENGINE=InnoDB DEFAULT CHARSET=latin1;

--
-- Dumping data untuk tabel `em_kategori_tempat`
--

INSERT INTO `em_kategori_tempat` (`id`, `kategori_tempat`, `created_by`, `created_date`, `modified_by`, `modified_date`, `is_active`) VALUES
(2, 'Hotel', 99450915, '2016-10-11 19:27:18', NULL, NULL, 'active'),
(3, 'Villa', 99450915, '2016-10-11 19:27:52', NULL, NULL, 'active'),
(4, 'coba tempat kategori a', 99450915, '2016-10-11 19:29:42', 00000000002, '2016-10-12 18:31:26', 'deleted'),
(5, 'coba lagi a', 99450915, '2016-10-11 19:30:46', 00000000002, '2016-10-12 18:31:15', 'deleted'),
(6, 'coba tempat kategor sadi', 2, '2016-10-12 16:55:55', 00000000002, '2016-10-12 17:00:00', 'deleted'),
(7, '', 2, '2016-10-12 17:01:12', 00000000002, '2016-10-12 17:03:14', 'deleted'),
(8, 'coba tempat kategori', 2, '2016-10-12 17:02:39', 00000000002, '2016-10-12 18:31:30', 'deleted'),
(9, 'asd sda', 2, '2016-10-12 17:03:21', 00000000002, '2016-10-12 18:31:10', 'deleted'),
(10, '', 2, '2016-10-12 17:04:05', 00000000002, '2016-10-12 17:07:00', 'deleted'),
(11, 'coba tempat kategori asdasdsa', 2, '2016-10-12 17:07:12', 00000000002, '2016-10-12 18:31:03', 'deleted'),
(12, '', 2, '2016-10-12 17:07:18', 00000000011, '2016-10-12 17:11:20', 'deleted'),
(13, 'coba tempat kategor sadi', 11, '2016-10-12 17:11:27', 00000000002, '2016-10-12 18:31:33', 'deleted'),
(14, 'coba tempat kategor sadi hgfjgjh', 11, '2016-10-12 17:13:03', 00000000002, '2016-10-12 18:31:13', 'deleted'),
(15, '', 11, '2016-10-12 17:13:09', 00000000011, '2016-10-12 17:19:41', 'deleted'),
(16, 'hahaha', 11, '2016-10-12 17:20:08', 00000000002, '2016-10-12 18:31:18', 'deleted'),
(17, 'coba html', 2, '2016-10-12 17:23:37', 00000000002, '2016-10-12 18:31:07', 'deleted'),
(18, 'kategori magrib', 2, '2016-10-12 17:53:35', 00000000002, '2016-10-12 18:31:37', 'deleted');

-- --------------------------------------------------------

--
-- Struktur dari tabel `em_klasifikasimateri`
--

CREATE TABLE `em_klasifikasimateri` (
  `id` int(10) UNSIGNED ZEROFILL NOT NULL,
  `nama_klasifikasi` varchar(256) NOT NULL,
  `is_active` enum('active','disabled','deleted') NOT NULL,
  `created_by` int(11) UNSIGNED ZEROFILL NOT NULL,
  `created_date` datetime NOT NULL,
  `modified_by` int(11) UNSIGNED ZEROFILL DEFAULT NULL,
  `modified_date` datetime DEFAULT NULL
) ENGINE=InnoDB DEFAULT CHARSET=latin1;

--
-- Dumping data untuk tabel `em_klasifikasimateri`
--

INSERT INTO `em_klasifikasimateri` (`id`, `nama_klasifikasi`, `is_active`, `created_by`, `created_date`, `modified_by`, `modified_date`) VALUES
(0000000001, 'materi pengantar', 'active', 00000000001, '2016-10-05 00:00:00', NULL, NULL),
(0000000002, 'materi pokok', 'active', 00000000001, '2016-10-05 00:00:00', NULL, NULL),
(0000000003, 'Materi Public Speaking 1', 'disabled', 00000890600, '2016-10-07 14:10:27', 00000890600, '2016-10-07 14:10:56'),
(0000000004, 'Materi Untuk Dihapus', 'deleted', 00000890600, '2016-10-07 14:11:11', 00000890600, '2016-10-07 14:11:18');

-- --------------------------------------------------------

--
-- Struktur dari tabel `em_materi`
--

CREATE TABLE `em_materi` (
  `id` int(11) UNSIGNED ZEROFILL NOT NULL,
  `id_materi` varchar(255) NOT NULL,
  `nama_materi` varchar(255) NOT NULL,
  `id_klasifikasi_materi` int(11) UNSIGNED ZEROFILL NOT NULL,
  `is_active` enum('active','disabled','deleted') NOT NULL,
  `created_by` int(11) UNSIGNED ZEROFILL NOT NULL,
  `created_date` datetime NOT NULL,
  `modified_by` int(11) UNSIGNED ZEROFILL DEFAULT NULL,
  `modified_date` datetime DEFAULT NULL
) ENGINE=InnoDB DEFAULT CHARSET=latin1;

--
-- Dumping data untuk tabel `em_materi`
--

INSERT INTO `em_materi` (`id`, `id_materi`, `nama_materi`, `id_klasifikasi_materi`, `is_active`, `created_by`, `created_date`, `modified_by`, `modified_date`) VALUES
(00000000001, 'md2a-23', 'Materi Pengantar Seminar', 00000000001, 'disabled', 00000890600, '2016-10-07 14:38:48', 00000890600, '2016-10-07 14:57:29'),
(00000000002, 'aa9x-23', 'Contoh Materi', 00000000002, 'active', 00000890600, '2016-10-07 14:52:26', 00000890600, '2016-10-07 14:59:35'),
(00000000003, 'ss9c-00', 'Inner Beauty', 00000000002, 'deleted', 00000890600, '2016-10-07 14:52:55', 00000890600, '2016-10-07 15:05:27'),
(00000000004, 'AB1C-20', 'Materi Nama', 00000000001, 'active', 00000000011, '2016-10-28 14:38:46', NULL, NULL);

-- --------------------------------------------------------

--
-- Struktur dari tabel `em_navigationmenu`
--

CREATE TABLE `em_navigationmenu` (
  `id` int(11) NOT NULL,
  `id_parent` int(11) DEFAULT NULL COMMENT 'Jika di merupakan sub-menu dari menu lain. Jika bukan, kosongkan',
  `id_systemactive` int(11) NOT NULL COMMENT 'Penanda menubar aktif di sistem yang mana (relasi ke DB em_systemactive)',
  `icon_menu` varchar(255) DEFAULT NULL COMMENT 'Class untuk icon yang digunakan di menu parent dan di munculkan di menubar',
  `nama_menu` varchar(255) NOT NULL,
  `nama_modul` varchar(255) DEFAULT NULL COMMENT 'link tujuan',
  `modul_homepage` tinyint(4) NOT NULL COMMENT '1=link redirect to home ; 0=link to modul',
  `is_displayed` tinyint(4) NOT NULL COMMENT '1=muncul di user group matrix; 0=tidak muncul',
  `sort_parent` tinyint(4) DEFAULT NULL COMMENT 'Urutan parent menu',
  `sort_child` tinyint(4) DEFAULT NULL COMMENT 'Urutan sub-menu (dan jika ada ada sub dari sub-menu tsb, dst.)',
  `is_active` enum('active','disabled','deleted') NOT NULL,
  `created_by` int(11) UNSIGNED ZEROFILL NOT NULL,
  `created_date` datetime NOT NULL,
  `modified_by` int(11) UNSIGNED ZEROFILL DEFAULT NULL,
  `modified_date` datetime DEFAULT NULL
) ENGINE=InnoDB DEFAULT CHARSET=latin1;

--
-- Dumping data untuk tabel `em_navigationmenu`
--

INSERT INTO `em_navigationmenu` (`id`, `id_parent`, `id_systemactive`, `icon_menu`, `nama_menu`, `nama_modul`, `modul_homepage`, `is_displayed`, `sort_parent`, `sort_child`, `is_active`, `created_by`, `created_date`, `modified_by`, `modified_date`) VALUES
(1, NULL, 1, 'zmdi zmdi-view-dashboard', 'Dashboard', NULL, 1, 0, 1, NULL, 'active', 00000000001, '2016-10-07 09:28:19', NULL, NULL),
(2, NULL, 1, 'zmdi zmdi-collection-text', 'Privilege', NULL, 0, 1, 2, NULL, 'active', 00000000001, '2016-10-07 09:28:19', NULL, NULL),
(3, 2, 1, NULL, 'User', 'users', 0, 1, NULL, 1, 'active', 00000000001, '2016-10-07 09:28:19', NULL, NULL),
(4, 2, 1, NULL, 'User Group', 'user-group', 0, 1, NULL, 2, 'active', 00000000001, '2016-10-07 09:28:40', NULL, NULL),
(5, NULL, 1, 'zmdi zmdi-collection-text', 'Master Data', NULL, 0, 1, 3, NULL, 'active', 00000000001, '2016-10-07 09:28:19', NULL, NULL),
(6, 5, 1, NULL, 'Matriks Program & Anggaran', 'matriks-program-anggaran', 0, 1, NULL, 1, 'active', 00000000001, '2016-10-07 09:29:06', NULL, NULL),
(7, 5, 1, NULL, 'Trainer', 'trainer', 0, 1, NULL, 2, 'active', 00000000001, '2016-10-07 09:29:24', 00000000001, '2016-10-07 09:47:44'),
(8, 5, 1, NULL, 'Materi', 'materi', 0, 1, NULL, 5, 'active', 00000000001, '2016-10-07 09:29:53', NULL, NULL),
(9, 5, 1, NULL, 'Kategori Event', 'kategori-event', 0, 1, NULL, 6, 'active', 00000000001, '2016-10-07 09:30:08', NULL, NULL),
(10, 5, 1, NULL, 'Tipe Pelatihan', 'tipe-pelatihan', 0, 1, NULL, 10, 'active', 00000000001, '2016-10-07 09:30:28', NULL, NULL),
(11, 5, 1, NULL, 'Cabang', 'cabang', 0, 0, NULL, 12, 'disabled', 00000000001, '2016-10-07 09:30:40', NULL, NULL),
(12, 5, 1, NULL, 'Divisi', 'divisi', 0, 0, NULL, 13, 'disabled', 00000000001, '2016-10-07 09:31:00', NULL, NULL),
(13, 5, 1, NULL, 'Klasifikasi Materi', 'klasifikasi-materi', 0, 1, NULL, 4, 'active', 00000000001, '2016-10-07 09:35:31', 00000000001, '2016-10-07 09:54:00'),
(14, NULL, 1, 'zmdi zmdi-collection-text', 'Event', NULL, 0, 1, 4, NULL, 'active', 00000000001, '2016-10-07 09:31:22', NULL, NULL),
(15, 14, 1, NULL, 'Pengajuan Event', 'pengajuan-event', 0, 1, NULL, 1, 'active', 00000000001, '2016-10-07 09:31:22', NULL, NULL),
(16, 14, 1, NULL, 'Persetujuan Memo Event', 'pengajuan-event/list-approval-atasan', 0, 1, NULL, 2, 'active', 00000000001, '2016-10-07 09:31:44', NULL, NULL),
(17, 14, 1, NULL, 'Data Validasi & Persetujuan Event', 'pengajuan-event/list-approval-pusat', 0, 1, NULL, 3, 'active', 00000000001, '2016-10-07 09:32:08', NULL, NULL),
(18, NULL, 1, 'zmdi zmdi-format-list-bulleted', 'Realisasi', NULL, 0, 1, 5, NULL, 'active', 00000000001, '2016-10-07 09:32:08', NULL, NULL),
(19, 18, 1, NULL, 'Realisasi Event', 'realisasi-event', 0, 1, NULL, 1, 'active', 00000000001, '2016-10-07 09:32:28', NULL, NULL),
(20, 18, 1, NULL, 'Persetujuan Pertanggung Jawaban', 'persetujuan-pertanggungjawaban', 0, 1, NULL, 2, 'active', 00000000001, '2016-10-07 09:32:56', NULL, NULL),
(21, 18, 1, NULL, 'Verifikasi Pertanggung Jawaban', 'verifikasi-pertanggungjawaban', 0, 1, NULL, 3, 'active', 00000000001, '2016-10-07 09:33:23', NULL, NULL),
(22, NULL, 1, 'zmdi zmdi-chart', 'Feedback', NULL, 0, 1, 6, NULL, 'active', 00000000001, '2016-10-07 09:33:23', NULL, NULL),
(23, 22, 1, NULL, 'Kirim Feedback', 'kirim-feedback', 0, 1, NULL, 1, 'active', 00000000001, '2016-10-07 09:33:51', NULL, NULL),
(24, 22, 1, NULL, 'List Feedback', 'list-feedback', 0, 1, NULL, 2, 'active', 00000000001, '2016-10-07 09:34:50', NULL, NULL),
(27, NULL, 1, 'zmdi zmdi-collection-item', 'Audit Trail', 'audit-trail', 0, 0, 7, NULL, 'active', 00000000001, '2016-10-07 09:35:31', NULL, NULL),
(28, NULL, 2, 'zmdi zmdi-collection-text', 'Registrasi Event', 'registrasi-event', 1, 1, 0, NULL, 'active', 00000000001, '2016-10-07 09:35:31', NULL, NULL),
(29, 5, 1, NULL, 'Tipe Exam', 'tipe-exam', 0, 1, NULL, 9, 'active', 00000000001, '2016-10-14 09:45:45', NULL, NULL),
(30, 5, 1, NULL, 'Kategori Tempat Event', 'kategori-tempat', 0, 1, NULL, 7, 'active', 00000000001, '2016-10-14 11:33:49', NULL, NULL),
(31, 5, 1, NULL, 'Trainer Eksternal', 'trainer-eksternal', 0, 1, NULL, 3, 'active', 00000000001, '2016-10-07 09:29:24', 00000000001, '2016-10-07 09:47:44'),
(32, 14, 1, NULL, 'List Event', 'event', 0, 1, NULL, 4, 'active', 00000000001, '2016-10-07 09:31:22', NULL, NULL),
(33, 5, 1, NULL, 'Kategori RAB', 'kategori-rab', 0, 1, NULL, 8, 'active', 00000000001, '2016-10-07 09:29:24', 00000000001, '2016-10-07 09:47:44'),
(35, NULL, 2, 'zmdi zmdi-collection-item', 'List Peserta Event', 'list-peserta-event', 0, 0, 2, NULL, 'active', 00000000001, '2016-10-07 09:35:31', NULL, NULL),
(36, 5, 1, NULL, 'Bisnis Unit & Jabatan', 'bisnis-unit-jabatan', 0, 1, NULL, 11, 'active', 00000000001, '2016-10-07 09:30:28', NULL, NULL);

-- --------------------------------------------------------

--
-- Struktur dari tabel `em_program_anggaran`
--

CREATE TABLE `em_program_anggaran` (
  `id` int(11) NOT NULL,
  `id_root` int(11) DEFAULT NULL COMMENT 'Its parent root ID, if NULL then it is a root',
  `id_parent` int(11) DEFAULT NULL COMMENT 'Jika NULL, maka dia root nya (setelah RKAP)',
  `level` int(11) NOT NULL COMMENT '1=bisnis unit;2=kategori program;3=program',
  `deskripsi` varchar(256) NOT NULL,
  `budget` varchar(50) DEFAULT NULL,
  `is_active` enum('active','disabled','deleted') NOT NULL,
  `created_by` int(10) UNSIGNED ZEROFILL NOT NULL,
  `created_date` datetime NOT NULL,
  `modified_by` int(10) UNSIGNED ZEROFILL DEFAULT NULL,
  `modified_date` datetime DEFAULT NULL
) ENGINE=InnoDB DEFAULT CHARSET=latin1;

--
-- Dumping data untuk tabel `em_program_anggaran`
--

INSERT INTO `em_program_anggaran` (`id`, `id_root`, `id_parent`, `level`, `deskripsi`, `budget`, `is_active`, `created_by`, `created_date`, `modified_by`, `modified_date`) VALUES
(1, NULL, NULL, 1, 'Test Parent 1aa', '1314', 'active', 0000000011, '2016-10-27 20:04:23', 0000000011, '2016-10-28 06:58:35'),
(2, 8, 8, 2, 'Test Child 1.1aaaa', '25445', 'deleted', 0000000011, '2016-10-27 20:04:55', 0000000011, '2016-10-28 08:39:27'),
(3, 1, 7, 3, 'Test Child 1.1.1 bbbbb', NULL, 'deleted', 0000000011, '2016-10-27 20:05:11', 0000000011, '2016-10-28 08:39:10'),
(7, 1, 1, 2, 'Test Child 1.2', NULL, 'active', 0000000011, '2016-10-27 20:04:55', NULL, NULL),
(8, NULL, NULL, 1, 'Test Parent 2', '23131232', 'deleted', 0000000011, '2016-10-28 01:56:33', 0000000011, '2016-10-28 08:39:27'),
(9, NULL, 8, 2, 'Test Child 2.1', '35234324', 'active', 0000000011, '2016-10-28 01:59:52', NULL, NULL),
(10, 8, 8, 2, 'Test Child 2.2', NULL, 'deleted', 0000000011, '2016-10-28 02:02:06', 0000000011, '2016-10-28 08:39:27'),
(11, 1, 2, 3, 'Test Child 1.1.1', NULL, 'deleted', 0000000011, '2016-10-28 02:03:13', 0000000011, '2016-10-28 08:39:19'),
(12, 8, 9, 3, 'Test Child 2.1.1', NULL, 'deleted', 0000000011, '2016-10-28 02:03:54', 0000000011, '2016-10-28 08:39:27'),
(13, NULL, NULL, 1, 'Test Parent 3', '7654363', 'active', 0000000011, '2016-10-28 14:39:31', NULL, NULL),
(14, NULL, NULL, 1, 'bisnis unit level 1', '300000000', 'active', 0000000013, '2016-10-28 15:58:31', NULL, NULL),
(15, 14, 14, 2, 'bisnis unit level 2 (dari level 1)', NULL, 'active', 0000000013, '2016-10-28 15:59:10', NULL, NULL);

-- --------------------------------------------------------

--
-- Struktur dari tabel `em_registrasi`
--

CREATE TABLE `em_registrasi` (
  `id` int(10) UNSIGNED ZEROFILL NOT NULL,
  `id_event` varchar(256) NOT NULL,
  `idsdm` varchar(256) NOT NULL,
  `nik` varchar(256) NOT NULL,
  `nama` varchar(256) NOT NULL,
  `email` varchar(256) NOT NULL,
  `idsdm_replaced` varchar(256) DEFAULT NULL,
  `nik_replaced` varchar(256) DEFAULT NULL,
  `nama_replaced` varchar(256) DEFAULT NULL,
  `email_replaced` varchar(256) DEFAULT NULL,
  `alasan_replaced` text,
  `created_by` int(10) UNSIGNED ZEROFILL NOT NULL,
  `created_date` datetime NOT NULL,
  `modified_by` int(10) UNSIGNED ZEROFILL DEFAULT NULL,
  `modified_date` datetime DEFAULT NULL
) ENGINE=InnoDB DEFAULT CHARSET=latin1;

--
-- Dumping data untuk tabel `em_registrasi`
--

INSERT INTO `em_registrasi` (`id`, `id_event`, `idsdm`, `nik`, `nama`, `email`, `idsdm_replaced`, `nik_replaced`, `nama_replaced`, `email_replaced`, `alasan_replaced`, `created_by`, `created_date`, `modified_by`, `modified_date`) VALUES
(0000000001, '9NZ8Z2HRK01477587600', '20D6EB8F2A2C270F51A28297FEC61440', '20D6EB8F2A2C270F51A28297FEC61440', 'IRWAN ZACKY', 'deby.natazha@yahoo.co.id', NULL, NULL, NULL, NULL, NULL, 0000000002, '2016-10-18 17:44:15', NULL, NULL),
(0000000002, '9NZ8Z2HRK01477587600', 'EE6C13783F449DB5489DCABC60436E2F', 'EE6C13783F449DB5489DCABC60436E2F', 'YAYANG IQBAL', 'deby.natazha@yahoo.co.id', NULL, NULL, NULL, NULL, NULL, 0000000002, '2016-10-19 17:44:15', NULL, NULL),
(0000000003, '9NZ8Z2HRK01477587600', 'DA272D7FCB7ADEFF251E1C52760506C7', 'DA272D7FCB7ADEFF251E1C52760506C7', 'SOVENDA SEPTA HASTOYO', 'deby.natazha@yahoo.co.id', NULL, NULL, NULL, NULL, NULL, 0000000002, '2016-10-20 17:44:15', NULL, NULL),
(0000000004, '9NZ8Z2HRK01477587600', '4F4D5D8D6F769359B5421A939A4214C7', '4F4D5D8D6F769359B5421A939A4214C7', 'FITRIANI SULAEMAN', 'deby.natazha@yahoo.co.id', NULL, NULL, NULL, NULL, NULL, 0000000002, '2016-10-21 17:44:15', NULL, NULL),
(0000000005, '9NZ8Z2HRK01477587600', '08379D4E957B887E2368C69951D396AB', '08379D4E957B887E2368C69951D396AB', 'ADI SETIA HARMAWAN', 'deby.natazha@yahoo.co.id', NULL, NULL, NULL, NULL, NULL, 0000000002, '2016-10-22 17:44:15', NULL, NULL),
(0000000006, '9NZ8Z2HRK01477587600', '48BD28C62468F88CE63FA6C09AE53EBF', '48BD28C62468F88CE63FA6C09AE53EBF', 'Risky Handayani', 'deby.natazha@yahoo.co.id', NULL, NULL, NULL, NULL, NULL, 0000000002, '2016-10-23 17:44:15', NULL, NULL),
(0000000007, '9NZ8Z2HRK01477587600', 'C0A40529E71FAB0CF898BE05EFAEF8B8', 'C0A40529E71FAB0CF898BE05EFAEF8B8', 'Cecem Taufik', 'deby.natazha@yahoo.co.id', NULL, NULL, NULL, NULL, NULL, 0000000002, '2016-10-24 17:44:15', NULL, NULL),
(0000000008, '9NZ8Z2HRK01477587600', '847D05E1340EDFA68E01B450D299B878', '847D05E1340EDFA68E01B450D299B878', 'Dwi Retno Sari', 'deby.natazha@yahoo.co.id', NULL, NULL, NULL, NULL, NULL, 0000000002, '2016-10-25 17:44:15', NULL, NULL),
(0000000009, '9NZ8Z2HRK01477587600', '256EC73DA11A6F7EF3309C2B98888D56', '256EC73DA11A6F7EF3309C2B98888D56', 'Shany Cindy Riana', 'deby.natazha@yahoo.co.id', NULL, NULL, NULL, NULL, NULL, 0000000002, '2016-10-26 17:44:15', NULL, NULL),
(0000000010, '9NZ8Z2HRK01477587600', '38B636D94B1CA3B1F2532DB740DA446C', '38B636D94B1CA3B1F2532DB740DA446C', 'Andika Permana Putra Purba', 'deby.natazha@yahoo.co.id', NULL, NULL, NULL, NULL, NULL, 0000000002, '2016-10-27 17:44:15', NULL, NULL),
(0000000011, '9NZ8Z2HRK01477587600', 'ECD2FD56BAAA7D522748DB3BA18CB79B', 'ECD2FD56BAAA7D522748DB3BA18CB79B', 'Ilham Hidayat', 'deby.natazha@yahoo.co.id', NULL, NULL, NULL, NULL, NULL, 0000000002, '2016-10-28 17:44:15', NULL, NULL);

-- --------------------------------------------------------

--
-- Struktur dari tabel `em_settings`
--

CREATE TABLE `em_settings` (
  `id` int(11) NOT NULL,
  `tipe` enum('email_from_address','email_from_description') NOT NULL,
  `konten` text NOT NULL,
  `is_active` enum('active','disabled','deleted') NOT NULL,
  `created_by` int(11) UNSIGNED ZEROFILL NOT NULL,
  `created_date` datetime NOT NULL,
  `modified_by` int(11) UNSIGNED ZEROFILL DEFAULT NULL,
  `modified_date` datetime DEFAULT NULL
) ENGINE=InnoDB DEFAULT CHARSET=latin1;

--
-- Dumping data untuk tabel `em_settings`
--

INSERT INTO `em_settings` (`id`, `tipe`, `konten`, `is_active`, `created_by`, `created_date`, `modified_by`, `modified_date`) VALUES
(1, 'email_from_address', 'no-reply@pnm.co.id', 'active', 00000000001, '2016-10-22 03:07:07', NULL, NULL),
(2, 'email_from_description', 'PNM Event Management System', 'active', 00000000001, '2016-10-22 04:10:10', NULL, NULL);

-- --------------------------------------------------------

--
-- Struktur dari tabel `em_systemactive`
--

CREATE TABLE `em_systemactive` (
  `id` int(11) NOT NULL,
  `definisi` varchar(255) NOT NULL,
  `sort` tinyint(4) NOT NULL,
  `login_only` tinyint(4) NOT NULL COMMENT '1=hanya akses login(tidak ada CRUD di usergroup privilege);0=ada CRUD di usergroup privilege',
  `is_displayed` tinyint(4) NOT NULL COMMENT '1=ditampilkan di usergroup privilege;0=tidak ditampilkan',
  `is_active` enum('active','disabled','deleted') NOT NULL,
  `created_by` int(10) UNSIGNED ZEROFILL NOT NULL,
  `created_date` datetime NOT NULL,
  `modified_by` int(10) UNSIGNED ZEROFILL DEFAULT NULL,
  `modified_date` datetime DEFAULT NULL
) ENGINE=InnoDB DEFAULT CHARSET=latin1;

--
-- Dumping data untuk tabel `em_systemactive`
--

INSERT INTO `em_systemactive` (`id`, `definisi`, `sort`, `login_only`, `is_displayed`, `is_active`, `created_by`, `created_date`, `modified_by`, `modified_date`) VALUES
(1, 'Sistem Utama', 1, 0, 1, 'active', 0000000001, '2016-10-12 10:00:00', NULL, NULL),
(2, 'Sistem Registrasi Event', 2, 1, 1, 'active', 0000000001, '2016-10-12 10:00:00', NULL, NULL),
(3, 'Sistem Registrasi User', 3, 1, 0, 'active', 0000000001, '2016-10-12 10:00:00', NULL, NULL);

-- --------------------------------------------------------

--
-- Struktur dari tabel `em_tipepelatihan`
--

CREATE TABLE `em_tipepelatihan` (
  `id` int(10) UNSIGNED ZEROFILL NOT NULL,
  `tipe_pelatihan` varchar(255) NOT NULL,
  `inisial_pelatihan` varchar(20) NOT NULL,
  `deskripsi` text NOT NULL,
  `is_active` enum('active','disabled','deleted') NOT NULL,
  `created_by` int(11) UNSIGNED ZEROFILL NOT NULL,
  `created_date` datetime NOT NULL,
  `modified_by` int(11) UNSIGNED ZEROFILL DEFAULT NULL,
  `modified_date` datetime DEFAULT NULL
) ENGINE=InnoDB DEFAULT CHARSET=latin1;

--
-- Dumping data untuk tabel `em_tipepelatihan`
--

INSERT INTO `em_tipepelatihan` (`id`, `tipe_pelatihan`, `inisial_pelatihan`, `deskripsi`, `is_active`, `created_by`, `created_date`, `modified_by`, `modified_date`) VALUES
(0000000001, 'External Training', 'External Cabang', 'Pelatihan dari pihak external', 'active', 00000890600, '2016-10-07 15:37:56', NULL, NULL),
(0000000002, 'Pelatihan Mekar', 'Mekar', 'Mekar', 'active', 00000890600, '2016-10-07 15:45:56', NULL, NULL),
(0000000003, 'sertifikasi', 'sertifikasi', 'penjelasan mengenai sertifikasi', 'disabled', 00000890600, '2016-10-07 15:46:17', NULL, NULL),
(0000000004, 'Knowledge Sharing', 'KS Kantor Pusat', 'penjelasan KS Kantor Pusat 1', 'active', 00000890600, '2016-10-07 15:46:45', 00000890600, '2016-10-07 15:48:16'),
(0000000005, 'Sembarang', 'Sembarang Berita', 'Penjelsan mengenai sembarang berita', 'deleted', 00000890600, '2016-10-07 15:48:48', 00000890600, '2016-10-07 15:49:05'),
(0000000006, 'Percobaan', 'percobaan Inisial', 'sedang dicoba', 'deleted', 00000890600, '2016-10-07 15:49:54', 00000890600, '2016-10-07 15:50:03'),
(0000000007, 'coba tipe pelatihan', 'CTP', 'desckripsi', 'deleted', 00083521114, '2016-10-07 18:56:14', 00083521114, '2016-10-07 18:56:27'),
(0000000008, 'On Class Training Call Center', 'OCT - CC', 'Pelatihan kelas Call Center', 'active', 00093190615, '2016-10-07 21:50:58', NULL, NULL);

-- --------------------------------------------------------

--
-- Struktur dari tabel `em_tipe_exam`
--

CREATE TABLE `em_tipe_exam` (
  `id` int(10) UNSIGNED ZEROFILL NOT NULL,
  `tipe_exam` varchar(256) NOT NULL,
  `created_by` int(10) UNSIGNED ZEROFILL NOT NULL,
  `created_date` datetime NOT NULL,
  `modified_by` int(10) UNSIGNED ZEROFILL DEFAULT NULL,
  `modified_date` datetime DEFAULT NULL,
  `is_active` enum('active','disabled','deleted') NOT NULL
) ENGINE=InnoDB DEFAULT CHARSET=latin1;

--
-- Dumping data untuk tabel `em_tipe_exam`
--

INSERT INTO `em_tipe_exam` (`id`, `tipe_exam`, `created_by`, `created_date`, `modified_by`, `modified_date`, `is_active`) VALUES
(0000000001, 'pre test', 0000000001, '2016-10-12 00:00:00', 0000000002, '2016-10-12 18:10:16', 'active'),
(0000000002, 'post test', 0000000002, '2016-10-12 18:08:48', 0000000002, '2016-10-12 18:14:12', 'active');

-- --------------------------------------------------------

--
-- Struktur dari tabel `em_trainer`
--

CREATE TABLE `em_trainer` (
  `id` int(11) NOT NULL,
  `nik` varchar(255) NOT NULL,
  `nama_pemateri` varchar(255) NOT NULL,
  `posisi` varchar(255) NOT NULL,
  `unit_kerja` varchar(256) DEFAULT NULL,
  `is_active` enum('active','disabled','deleted') NOT NULL,
  `created_by` int(11) UNSIGNED ZEROFILL NOT NULL,
  `created_date` datetime NOT NULL,
  `modified_by` int(11) UNSIGNED ZEROFILL DEFAULT NULL,
  `modified_date` datetime DEFAULT NULL
) ENGINE=InnoDB DEFAULT CHARSET=latin1;

--
-- Dumping data untuk tabel `em_trainer`
--

INSERT INTO `em_trainer` (`id`, `nik`, `nama_pemateri`, `posisi`, `unit_kerja`, `is_active`, `created_by`, `created_date`, `modified_by`, `modified_date`) VALUES
(1, '012.07.99', 'Achmad Barlian', 'Wakil Pemimpin Cabang', 'Cabang Madiun', 'active', 00000000002, '2016-10-26 14:49:54', NULL, NULL),
(6, '017.08.99', 'Farida', 'Pj. Pemimpin Cabang', 'Cabang Magelang', 'deleted', 00000000002, '2016-10-26 13:52:03', 00000000002, '2016-10-26 14:00:00'),
(7, '10009.09.15', 'Damar Wicaksana', 'Kolektor Unit', 'Cabang Madiun - ULaMM Madiun Caruban', 'active', 00000000002, '2016-10-26 13:59:44', NULL, NULL),
(8, 'MKR3548.09.16', 'LIDYA FEBRIANINGSIH', 'Account Officer Mekaar', 'Cabang Ciracas', 'active', 00000000002, '2016-10-26 14:04:20', NULL, NULL);

-- --------------------------------------------------------

--
-- Struktur dari tabel `em_trainereksternal`
--

CREATE TABLE `em_trainereksternal` (
  `id` int(10) UNSIGNED ZEROFILL NOT NULL,
  `nama_pemateri` varchar(255) NOT NULL,
  `nama_perusahaan` varchar(255) NOT NULL,
  `is_active` enum('active','disabled','deleted') NOT NULL,
  `created_by` int(11) UNSIGNED ZEROFILL NOT NULL,
  `created_date` datetime NOT NULL,
  `modified_by` int(11) UNSIGNED ZEROFILL DEFAULT NULL,
  `modified_date` datetime DEFAULT NULL
) ENGINE=InnoDB DEFAULT CHARSET=latin1;

--
-- Dumping data untuk tabel `em_trainereksternal`
--

INSERT INTO `em_trainereksternal` (`id`, `nama_pemateri`, `nama_perusahaan`, `is_active`, `created_by`, `created_date`, `modified_by`, `modified_date`) VALUES
(0000000001, 'naama baru 213', 'nama baru 7586', 'active', 00000000011, '2016-10-17 20:43:36', NULL, '2016-10-24 16:00:05'),
(0000000003, 'nama baru pemateri', 'nama baru perusahaan', 'deleted', 00000000011, '2016-10-18 11:10:03', 00000000011, '2016-10-18 12:00:22');

-- --------------------------------------------------------

--
-- Struktur dari tabel `em_trainereksternal_files`
--

CREATE TABLE `em_trainereksternal_files` (
  `id` int(11) NOT NULL,
  `id_pemateri` int(10) UNSIGNED ZEROFILL NOT NULL,
  `nama_file` varchar(255) NOT NULL,
  `tipe_file` varchar(50) NOT NULL,
  `is_active` enum('active','deleted') NOT NULL,
  `created_by` int(11) UNSIGNED ZEROFILL NOT NULL,
  `created_date` datetime NOT NULL,
  `modified_by` int(11) UNSIGNED ZEROFILL DEFAULT NULL,
  `modified_date` datetime DEFAULT NULL
) ENGINE=InnoDB DEFAULT CHARSET=latin1;

--
-- Dumping data untuk tabel `em_trainereksternal_files`
--

INSERT INTO `em_trainereksternal_files` (`id`, `id_pemateri`, `nama_file`, `tipe_file`, `is_active`, `created_by`, `created_date`, `modified_by`, `modified_date`) VALUES
(1, 0000000001, '1_20161017at204336_c608480b5bf700081f77ab6930b1c64d.jpg', 'image/jpeg', 'deleted', 00000000011, '2016-10-17 20:43:36', 00000000011, '2016-10-18 11:57:49'),
(2, 0000000001, '1_20161017at204336_Quotation-308081602_MajalahAGRINA.pdf', 'application/pdf', 'deleted', 00000000011, '2016-10-17 20:43:36', 00000000011, '2016-10-18 11:57:49'),
(3, 0000000001, '0000000001_20161018at120040_ScreenShot2016-10-18at10.23.01AM.png', 'image/png', 'deleted', 00000000011, '2016-10-18 12:00:40', 00000000011, '2016-10-18 12:01:16'),
(4, 0000000001, '0000000001_20161018at140912_Program-Management-PNM.pdf', 'application/pdf', 'deleted', 00000000011, '2016-10-18 14:09:12', 00000000011, '2016-10-18 14:09:33'),
(5, 0000000001, '0000000001_20161018at140933_Program-Management-PNM.png', 'image/png', 'active', 00000000011, '2016-10-18 14:09:33', NULL, NULL);

-- --------------------------------------------------------

--
-- Struktur dari tabel `em_url_host`
--

CREATE TABLE `em_url_host` (
  `id` int(11) NOT NULL,
  `url` varchar(256) NOT NULL
) ENGINE=InnoDB DEFAULT CHARSET=latin1;

--
-- Dumping data untuk tabel `em_url_host`
--

INSERT INTO `em_url_host` (`id`, `url`) VALUES
(1, 'http://182.23.52.249/Dummy/SSO_WebService/login.php');

-- --------------------------------------------------------

--
-- Struktur dari tabel `em_user`
--

CREATE TABLE `em_user` (
  `id` int(11) UNSIGNED ZEROFILL NOT NULL,
  `idsdm` varchar(255) DEFAULT NULL,
  `nik` varchar(255) DEFAULT NULL,
  `id_user_group` int(11) UNSIGNED ZEROFILL DEFAULT NULL,
  `username` varchar(256) NOT NULL,
  `fullname` varchar(256) NOT NULL,
  `email` varchar(256) NOT NULL,
  `organisasi_name` varchar(256) DEFAULT NULL,
  `organisasi_desc` varchar(256) DEFAULT NULL,
  `reset_password` varchar(11) DEFAULT NULL,
  `forgot_pass_code` int(11) DEFAULT NULL,
  `forgot_pass_date` datetime DEFAULT NULL,
  `is_administrator` tinyint(4) NOT NULL COMMENT '1=main administrator punya privilege apus dari DB;0=bukan main administrator',
  `is_active` enum('active','disabled','deleted') NOT NULL,
  `finger_print` varchar(256) DEFAULT NULL,
  `created_by` int(11) UNSIGNED ZEROFILL NOT NULL,
  `created_date` datetime NOT NULL,
  `modified_by` int(11) UNSIGNED ZEROFILL DEFAULT NULL,
  `modified_date` datetime DEFAULT NULL
) ENGINE=InnoDB DEFAULT CHARSET=latin1;

--
-- Dumping data untuk tabel `em_user`
--

INSERT INTO `em_user` (`id`, `idsdm`, `nik`, `id_user_group`, `username`, `fullname`, `email`, `organisasi_name`, `organisasi_desc`, `reset_password`, `forgot_pass_code`, `forgot_pass_date`, `is_administrator`, `is_active`, `finger_print`, `created_by`, `created_date`, `modified_by`, `modified_date`) VALUES
(00000000001, NULL, NULL, NULL, 'administrator', 'ADMINISTRATOR', 'admin@admin.co.id', NULL, NULL, NULL, NULL, NULL, 1, 'active', NULL, 00000000001, '2016-10-06 22:39:42', NULL, NULL),
(00000000002, 'ECD2FD56BAAA7D522748DB3BA18CB79B                ', '93190615', 00000000000, 'IHidayat0808', 'Ilham Hidayat', 'ilham_ild@pnm.co.id', NULL, NULL, NULL, NULL, NULL, 0, 'deleted', NULL, 00000000001, '2016-10-06 22:39:42', 00000000002, '2016-10-26 14:51:53'),
(00000000011, '00A15C24F05EEAA69C2E701F365741F0', '99450915', 00000000001, 'HNAWicaksono0909', 'Hario Nur Agung Wicaksono', 'hario0987@pnm.co.id', '', '', NULL, NULL, NULL, 0, 'active', NULL, 00000000002, '2016-10-14 09:57:23', NULL, NULL),
(00000000012, 'ECD2FD56BAAA7D522748DB3BA18CB79B', '93190615', 00000000001, 'IHidayat0808', 'Ilham Hidayat', 'ilham_ild@pnm.co.id', 'itd', 'it strategic development', NULL, NULL, NULL, 0, 'deleted', NULL, 00000000011, '2016-10-14 09:58:10', 00000000002, '2016-10-26 14:51:53'),
(00000000013, '', '93190615', 00000000001, 'IHidayat0808', 'Ilham Hidayat', 'ilham_ild@pnm.co.id', 'itd', 'it strategic development', NULL, NULL, NULL, 0, 'active', NULL, 00000000002, '2016-10-26 14:52:07', NULL, NULL);

-- --------------------------------------------------------

--
-- Struktur dari tabel `em_usergroup`
--

CREATE TABLE `em_usergroup` (
  `id` int(11) UNSIGNED ZEROFILL NOT NULL,
  `definisi` varchar(256) NOT NULL,
  `is_active` enum('active','disabled','deleted') NOT NULL,
  `created_by` int(11) UNSIGNED ZEROFILL NOT NULL,
  `created_date` datetime NOT NULL,
  `modified_by` int(11) UNSIGNED ZEROFILL DEFAULT NULL,
  `modified_date` datetime DEFAULT NULL
) ENGINE=InnoDB DEFAULT CHARSET=latin1;

--
-- Dumping data untuk tabel `em_usergroup`
--

INSERT INTO `em_usergroup` (`id`, `definisi`, `is_active`, `created_by`, `created_date`, `modified_by`, `modified_date`) VALUES
(00000000001, 'administrator', 'active', 00000000001, '2016-10-03 00:00:00', NULL, NULL),
(00000000002, 'admin_pusat', 'active', 00000000001, '2016-10-03 00:00:00', NULL, NULL),
(00000000003, 'admin_cabang', 'active', 00000000001, '2016-10-05 00:00:00', NULL, NULL),
(00000000004, 'admin_divisi', 'active', 00000000001, '2016-10-05 00:00:00', NULL, NULL),
(00000000005, 'kepala_cabang', 'active', 00000000001, '2016-10-05 00:00:00', NULL, NULL),
(00000000006, 'kepala_divisi', 'active', 00000000001, '2016-10-05 00:00:00', 00000000002, '2016-10-13 18:04:05'),
(00000000014, 'test user group matrix1', 'disabled', 00000000002, '2016-10-13 15:08:16', 00000000002, '2016-10-13 18:06:55'),
(00000000015, 'test untuk hapus', 'deleted', 00000000002, '2016-10-13 17:16:44', NULL, NULL),
(00000000016, 'test ug2', 'active', 00000000011, '2016-10-14 15:24:29', NULL, NULL);

-- --------------------------------------------------------

--
-- Struktur dari tabel `em_usergroup_matrix`
--

CREATE TABLE `em_usergroup_matrix` (
  `id` int(11) NOT NULL,
  `id_usergroup` int(10) UNSIGNED ZEROFILL NOT NULL,
  `id_menu` int(11) NOT NULL,
  `action_create` tinyint(4) NOT NULL COMMENT '1=active;0=inactive',
  `action_read` tinyint(4) NOT NULL COMMENT '1=active;0=inactive',
  `action_update` tinyint(4) NOT NULL COMMENT '1=active;0=inactive',
  `action_delete` tinyint(4) NOT NULL COMMENT '1=active;0=inactive',
  `action_login` tinyint(4) NOT NULL COMMENT 'Hak akses login (tidak ada CRUD), sesuai flag login_only di em_navigationmenu'
) ENGINE=InnoDB DEFAULT CHARSET=latin1;

--
-- Dumping data untuk tabel `em_usergroup_matrix`
--

INSERT INTO `em_usergroup_matrix` (`id`, `id_usergroup`, `id_menu`, `action_create`, `action_read`, `action_update`, `action_delete`, `action_login`) VALUES
(1, 0000000014, 3, 0, 0, 0, 0, 0),
(2, 0000000014, 4, 0, 0, 0, 0, 0),
(3, 0000000014, 6, 0, 1, 0, 0, 0),
(4, 0000000014, 7, 0, 0, 0, 0, 0),
(5, 0000000014, 13, 0, 0, 0, 0, 0),
(6, 0000000014, 8, 0, 0, 0, 0, 0),
(7, 0000000014, 9, 0, 0, 0, 0, 0),
(8, 0000000014, 10, 0, 0, 0, 0, 0),
(9, 0000000014, 11, 0, 0, 0, 0, 0),
(10, 0000000014, 12, 0, 0, 1, 0, 0),
(11, 0000000014, 15, 0, 0, 0, 0, 0),
(12, 0000000014, 16, 0, 0, 0, 0, 0),
(13, 0000000014, 17, 0, 0, 0, 0, 0),
(14, 0000000014, 19, 0, 0, 0, 0, 0),
(15, 0000000014, 20, 0, 0, 0, 0, 0),
(16, 0000000014, 21, 0, 0, 0, 0, 0),
(17, 0000000014, 23, 0, 0, 0, 0, 0),
(18, 0000000014, 24, 0, 0, 0, 0, 0),
(19, 0000000014, 25, 0, 0, 0, 0, 0),
(20, 0000000014, 26, 0, 0, 0, 0, 0),
(21, 0000000014, 28, 0, 0, 0, 0, 1),
(22, 0000000015, 3, 0, 0, 0, 0, 0),
(23, 0000000015, 4, 0, 0, 0, 0, 0),
(24, 0000000015, 6, 0, 0, 0, 0, 0),
(25, 0000000015, 7, 0, 0, 0, 0, 0),
(26, 0000000015, 13, 0, 0, 0, 0, 0),
(27, 0000000015, 8, 0, 0, 0, 0, 0),
(28, 0000000015, 9, 0, 0, 0, 0, 0),
(29, 0000000015, 10, 0, 0, 0, 0, 0),
(30, 0000000015, 11, 0, 0, 0, 0, 0),
(31, 0000000015, 12, 0, 0, 0, 0, 0),
(32, 0000000015, 15, 0, 0, 0, 0, 0),
(33, 0000000015, 16, 0, 0, 0, 0, 0),
(34, 0000000015, 17, 0, 0, 0, 0, 0),
(35, 0000000015, 19, 0, 0, 0, 0, 0),
(36, 0000000015, 20, 0, 0, 0, 0, 0),
(37, 0000000015, 21, 0, 0, 0, 0, 0),
(38, 0000000015, 23, 0, 0, 0, 0, 0),
(39, 0000000015, 24, 0, 0, 0, 0, 0),
(40, 0000000015, 25, 0, 0, 0, 0, 0),
(41, 0000000015, 26, 0, 0, 0, 0, 0),
(42, 0000000015, 28, 0, 0, 0, 0, 0),
(43, 0000000006, 3, 1, 0, 0, 1, 0),
(44, 0000000006, 4, 1, 1, 1, 1, 0),
(45, 0000000006, 6, 1, 1, 1, 1, 0),
(46, 0000000006, 7, 1, 1, 1, 1, 0),
(47, 0000000006, 13, 1, 1, 1, 1, 0),
(48, 0000000006, 8, 1, 1, 1, 1, 0),
(49, 0000000006, 9, 1, 1, 1, 1, 0),
(50, 0000000006, 10, 1, 1, 1, 1, 0),
(51, 0000000006, 11, 1, 1, 1, 1, 0),
(52, 0000000006, 12, 1, 1, 1, 1, 0),
(53, 0000000006, 15, 1, 1, 0, 1, 0),
(54, 0000000006, 16, 1, 0, 0, 1, 0),
(55, 0000000006, 17, 1, 1, 1, 1, 0),
(56, 0000000006, 19, 1, 1, 1, 1, 0),
(57, 0000000006, 20, 1, 1, 1, 1, 0),
(58, 0000000006, 21, 1, 1, 1, 1, 0),
(59, 0000000006, 23, 1, 1, 1, 1, 0),
(60, 0000000006, 24, 1, 1, 1, 1, 0),
(61, 0000000006, 25, 1, 1, 1, 1, 0),
(62, 0000000006, 26, 1, 1, 1, 1, 0),
(63, 0000000006, 28, 0, 0, 0, 0, 0),
(64, 0000000016, 3, 1, 1, 1, 1, 0),
(65, 0000000016, 4, 1, 1, 0, 1, 0),
(66, 0000000016, 6, 1, 1, 0, 1, 0),
(67, 0000000016, 7, 1, 1, 1, 1, 0),
(68, 0000000016, 31, 1, 0, 1, 1, 0),
(69, 0000000016, 13, 1, 1, 1, 1, 0),
(70, 0000000016, 8, 1, 0, 1, 1, 0),
(71, 0000000016, 9, 1, 1, 1, 1, 0),
(72, 0000000016, 10, 1, 1, 1, 1, 0),
(73, 0000000016, 29, 1, 1, 1, 1, 0),
(74, 0000000016, 30, 1, 1, 1, 1, 0),
(75, 0000000016, 15, 1, 1, 1, 1, 0),
(76, 0000000016, 16, 1, 1, 1, 1, 0),
(77, 0000000016, 17, 1, 1, 0, 1, 0),
(78, 0000000016, 32, 1, 1, 1, 1, 0),
(79, 0000000016, 19, 1, 1, 1, 1, 0),
(80, 0000000016, 20, 1, 1, 1, 1, 0),
(81, 0000000016, 21, 1, 1, 1, 1, 0),
(82, 0000000016, 23, 1, 1, 1, 1, 0),
(83, 0000000016, 24, 1, 1, 1, 1, 0),
(84, 0000000016, 25, 1, 1, 1, 1, 0),
(85, 0000000016, 26, 1, 1, 1, 1, 0),
(86, 0000000016, 28, 0, 0, 0, 0, 1);

--
-- Indexes for dumped tables
--

--
-- Indexes for table `ci_sessions`
--
ALTER TABLE `ci_sessions`
  ADD KEY `ci_sessions_timestamp` (`timestamp`);

--
-- Indexes for table `em_activitiesuser`
--
ALTER TABLE `em_activitiesuser`
  ADD PRIMARY KEY (`id`);

--
-- Indexes for table `em_bisnis_unit`
--
ALTER TABLE `em_bisnis_unit`
  ADD PRIMARY KEY (`id`);

--
-- Indexes for table `em_bisnis_unit_jabatan`
--
ALTER TABLE `em_bisnis_unit_jabatan`
  ADD PRIMARY KEY (`id`);

--
-- Indexes for table `em_cabang`
--
ALTER TABLE `em_cabang`
  ADD PRIMARY KEY (`id`);

--
-- Indexes for table `em_divisi`
--
ALTER TABLE `em_divisi`
  ADD PRIMARY KEY (`id`);

--
-- Indexes for table `em_email_template`
--
ALTER TABLE `em_email_template`
  ADD PRIMARY KEY (`id`);

--
-- Indexes for table `em_event`
--
ALTER TABLE `em_event`
  ADD PRIMARY KEY (`id`);

--
-- Indexes for table `em_event_approval`
--
ALTER TABLE `em_event_approval`
  ADD PRIMARY KEY (`id`);

--
-- Indexes for table `em_event_approval_files`
--
ALTER TABLE `em_event_approval_files`
  ADD PRIMARY KEY (`id`);

--
-- Indexes for table `em_event_changedate`
--
ALTER TABLE `em_event_changedate`
  ADD PRIMARY KEY (`id`);

--
-- Indexes for table `em_event_exam`
--
ALTER TABLE `em_event_exam`
  ADD PRIMARY KEY (`id`);

--
-- Indexes for table `em_event_listpeserta`
--
ALTER TABLE `em_event_listpeserta`
  ADD PRIMARY KEY (`id`);

--
-- Indexes for table `em_event_materikm`
--
ALTER TABLE `em_event_materikm`
  ADD PRIMARY KEY (`id`);

--
-- Indexes for table `em_event_pic`
--
ALTER TABLE `em_event_pic`
  ADD PRIMARY KEY (`id`);

--
-- Indexes for table `em_event_rab`
--
ALTER TABLE `em_event_rab`
  ADD PRIMARY KEY (`id`);

--
-- Indexes for table `em_event_rundown`
--
ALTER TABLE `em_event_rundown`
  ADD PRIMARY KEY (`id`);

--
-- Indexes for table `em_event_trainer`
--
ALTER TABLE `em_event_trainer`
  ADD PRIMARY KEY (`id`);

--
-- Indexes for table `em_feedback`
--
ALTER TABLE `em_feedback`
  ADD PRIMARY KEY (`id`);

--
-- Indexes for table `em_feedback_detail`
--
ALTER TABLE `em_feedback_detail`
  ADD PRIMARY KEY (`id`);

--
-- Indexes for table `em_kategori_event`
--
ALTER TABLE `em_kategori_event`
  ADD PRIMARY KEY (`id`);

--
-- Indexes for table `em_kategori_rab`
--
ALTER TABLE `em_kategori_rab`
  ADD PRIMARY KEY (`id`);

--
-- Indexes for table `em_kategori_tempat`
--
ALTER TABLE `em_kategori_tempat`
  ADD PRIMARY KEY (`id`);

--
-- Indexes for table `em_klasifikasimateri`
--
ALTER TABLE `em_klasifikasimateri`
  ADD PRIMARY KEY (`id`);

--
-- Indexes for table `em_materi`
--
ALTER TABLE `em_materi`
  ADD PRIMARY KEY (`id`);

--
-- Indexes for table `em_navigationmenu`
--
ALTER TABLE `em_navigationmenu`
  ADD PRIMARY KEY (`id`);

--
-- Indexes for table `em_program_anggaran`
--
ALTER TABLE `em_program_anggaran`
  ADD PRIMARY KEY (`id`);

--
-- Indexes for table `em_registrasi`
--
ALTER TABLE `em_registrasi`
  ADD PRIMARY KEY (`id`);

--
-- Indexes for table `em_settings`
--
ALTER TABLE `em_settings`
  ADD PRIMARY KEY (`id`);

--
-- Indexes for table `em_systemactive`
--
ALTER TABLE `em_systemactive`
  ADD PRIMARY KEY (`id`);

--
-- Indexes for table `em_tipepelatihan`
--
ALTER TABLE `em_tipepelatihan`
  ADD PRIMARY KEY (`id`);

--
-- Indexes for table `em_tipe_exam`
--
ALTER TABLE `em_tipe_exam`
  ADD PRIMARY KEY (`id`);

--
-- Indexes for table `em_trainer`
--
ALTER TABLE `em_trainer`
  ADD PRIMARY KEY (`id`);

--
-- Indexes for table `em_trainereksternal`
--
ALTER TABLE `em_trainereksternal`
  ADD PRIMARY KEY (`id`);

--
-- Indexes for table `em_trainereksternal_files`
--
ALTER TABLE `em_trainereksternal_files`
  ADD PRIMARY KEY (`id`);

--
-- Indexes for table `em_url_host`
--
ALTER TABLE `em_url_host`
  ADD PRIMARY KEY (`id`);

--
-- Indexes for table `em_user`
--
ALTER TABLE `em_user`
  ADD PRIMARY KEY (`id`);

--
-- Indexes for table `em_usergroup`
--
ALTER TABLE `em_usergroup`
  ADD PRIMARY KEY (`id`);

--
-- Indexes for table `em_usergroup_matrix`
--
ALTER TABLE `em_usergroup_matrix`
  ADD PRIMARY KEY (`id`);

--
-- AUTO_INCREMENT for dumped tables
--

--
-- AUTO_INCREMENT for table `em_activitiesuser`
--
ALTER TABLE `em_activitiesuser`
  MODIFY `id` int(11) NOT NULL AUTO_INCREMENT, AUTO_INCREMENT=477;
--
-- AUTO_INCREMENT for table `em_bisnis_unit`
--
ALTER TABLE `em_bisnis_unit`
  MODIFY `id` int(11) UNSIGNED ZEROFILL NOT NULL AUTO_INCREMENT, AUTO_INCREMENT=4;
--
-- AUTO_INCREMENT for table `em_bisnis_unit_jabatan`
--
ALTER TABLE `em_bisnis_unit_jabatan`
  MODIFY `id` int(11) NOT NULL AUTO_INCREMENT, AUTO_INCREMENT=5;
--
-- AUTO_INCREMENT for table `em_cabang`
--
ALTER TABLE `em_cabang`
  MODIFY `id` int(10) UNSIGNED ZEROFILL NOT NULL AUTO_INCREMENT, AUTO_INCREMENT=17;
--
-- AUTO_INCREMENT for table `em_divisi`
--
ALTER TABLE `em_divisi`
  MODIFY `id` int(11) NOT NULL AUTO_INCREMENT, AUTO_INCREMENT=7;
--
-- AUTO_INCREMENT for table `em_email_template`
--
ALTER TABLE `em_email_template`
  MODIFY `id` int(11) NOT NULL AUTO_INCREMENT, AUTO_INCREMENT=2;
--
-- AUTO_INCREMENT for table `em_event`
--
ALTER TABLE `em_event`
  MODIFY `id` int(10) UNSIGNED ZEROFILL NOT NULL AUTO_INCREMENT, AUTO_INCREMENT=19;
--
-- AUTO_INCREMENT for table `em_event_approval`
--
ALTER TABLE `em_event_approval`
  MODIFY `id` int(11) NOT NULL AUTO_INCREMENT, AUTO_INCREMENT=3;
--
-- AUTO_INCREMENT for table `em_event_approval_files`
--
ALTER TABLE `em_event_approval_files`
  MODIFY `id` int(11) NOT NULL AUTO_INCREMENT, AUTO_INCREMENT=2;
--
-- AUTO_INCREMENT for table `em_event_changedate`
--
ALTER TABLE `em_event_changedate`
  MODIFY `id` int(11) NOT NULL AUTO_INCREMENT, AUTO_INCREMENT=7;
--
-- AUTO_INCREMENT for table `em_event_exam`
--
ALTER TABLE `em_event_exam`
  MODIFY `id` int(11) NOT NULL AUTO_INCREMENT, AUTO_INCREMENT=4;
--
-- AUTO_INCREMENT for table `em_event_listpeserta`
--
ALTER TABLE `em_event_listpeserta`
  MODIFY `id` int(10) UNSIGNED ZEROFILL NOT NULL AUTO_INCREMENT, AUTO_INCREMENT=125;
--
-- AUTO_INCREMENT for table `em_event_materikm`
--
ALTER TABLE `em_event_materikm`
  MODIFY `id` int(11) NOT NULL AUTO_INCREMENT, AUTO_INCREMENT=3;
--
-- AUTO_INCREMENT for table `em_event_pic`
--
ALTER TABLE `em_event_pic`
  MODIFY `id` int(11) NOT NULL AUTO_INCREMENT, AUTO_INCREMENT=28;
--
-- AUTO_INCREMENT for table `em_event_rab`
--
ALTER TABLE `em_event_rab`
  MODIFY `id` int(11) NOT NULL AUTO_INCREMENT, AUTO_INCREMENT=29;
--
-- AUTO_INCREMENT for table `em_event_rundown`
--
ALTER TABLE `em_event_rundown`
  MODIFY `id` int(11) NOT NULL AUTO_INCREMENT, AUTO_INCREMENT=3;
--
-- AUTO_INCREMENT for table `em_event_trainer`
--
ALTER TABLE `em_event_trainer`
  MODIFY `id` int(11) NOT NULL AUTO_INCREMENT, AUTO_INCREMENT=11;
--
-- AUTO_INCREMENT for table `em_feedback`
--
ALTER TABLE `em_feedback`
  MODIFY `id` int(11) NOT NULL AUTO_INCREMENT, AUTO_INCREMENT=6;
--
-- AUTO_INCREMENT for table `em_feedback_detail`
--
ALTER TABLE `em_feedback_detail`
  MODIFY `id` int(11) NOT NULL AUTO_INCREMENT, AUTO_INCREMENT=22;
--
-- AUTO_INCREMENT for table `em_kategori_event`
--
ALTER TABLE `em_kategori_event`
  MODIFY `id` int(10) UNSIGNED ZEROFILL NOT NULL AUTO_INCREMENT, AUTO_INCREMENT=15;
--
-- AUTO_INCREMENT for table `em_kategori_rab`
--
ALTER TABLE `em_kategori_rab`
  MODIFY `id` int(11) NOT NULL AUTO_INCREMENT, AUTO_INCREMENT=29;
--
-- AUTO_INCREMENT for table `em_kategori_tempat`
--
ALTER TABLE `em_kategori_tempat`
  MODIFY `id` int(11) NOT NULL AUTO_INCREMENT, AUTO_INCREMENT=19;
--
-- AUTO_INCREMENT for table `em_klasifikasimateri`
--
ALTER TABLE `em_klasifikasimateri`
  MODIFY `id` int(10) UNSIGNED ZEROFILL NOT NULL AUTO_INCREMENT, AUTO_INCREMENT=5;
--
-- AUTO_INCREMENT for table `em_materi`
--
ALTER TABLE `em_materi`
  MODIFY `id` int(11) UNSIGNED ZEROFILL NOT NULL AUTO_INCREMENT, AUTO_INCREMENT=5;
--
-- AUTO_INCREMENT for table `em_navigationmenu`
--
ALTER TABLE `em_navigationmenu`
  MODIFY `id` int(11) NOT NULL AUTO_INCREMENT, AUTO_INCREMENT=37;
--
-- AUTO_INCREMENT for table `em_program_anggaran`
--
ALTER TABLE `em_program_anggaran`
  MODIFY `id` int(11) NOT NULL AUTO_INCREMENT, AUTO_INCREMENT=16;
--
-- AUTO_INCREMENT for table `em_registrasi`
--
ALTER TABLE `em_registrasi`
  MODIFY `id` int(10) UNSIGNED ZEROFILL NOT NULL AUTO_INCREMENT, AUTO_INCREMENT=12;
--
-- AUTO_INCREMENT for table `em_settings`
--
ALTER TABLE `em_settings`
  MODIFY `id` int(11) NOT NULL AUTO_INCREMENT, AUTO_INCREMENT=3;
--
-- AUTO_INCREMENT for table `em_systemactive`
--
ALTER TABLE `em_systemactive`
  MODIFY `id` int(11) NOT NULL AUTO_INCREMENT, AUTO_INCREMENT=4;
--
-- AUTO_INCREMENT for table `em_tipepelatihan`
--
ALTER TABLE `em_tipepelatihan`
  MODIFY `id` int(10) UNSIGNED ZEROFILL NOT NULL AUTO_INCREMENT, AUTO_INCREMENT=9;
--
-- AUTO_INCREMENT for table `em_tipe_exam`
--
ALTER TABLE `em_tipe_exam`
  MODIFY `id` int(10) UNSIGNED ZEROFILL NOT NULL AUTO_INCREMENT, AUTO_INCREMENT=3;
--
-- AUTO_INCREMENT for table `em_trainer`
--
ALTER TABLE `em_trainer`
  MODIFY `id` int(11) NOT NULL AUTO_INCREMENT, AUTO_INCREMENT=9;
--
-- AUTO_INCREMENT for table `em_trainereksternal`
--
ALTER TABLE `em_trainereksternal`
  MODIFY `id` int(10) UNSIGNED ZEROFILL NOT NULL AUTO_INCREMENT, AUTO_INCREMENT=4;
--
-- AUTO_INCREMENT for table `em_trainereksternal_files`
--
ALTER TABLE `em_trainereksternal_files`
  MODIFY `id` int(11) NOT NULL AUTO_INCREMENT, AUTO_INCREMENT=6;
--
-- AUTO_INCREMENT for table `em_url_host`
--
ALTER TABLE `em_url_host`
  MODIFY `id` int(11) NOT NULL AUTO_INCREMENT, AUTO_INCREMENT=2;
--
-- AUTO_INCREMENT for table `em_user`
--
ALTER TABLE `em_user`
  MODIFY `id` int(11) UNSIGNED ZEROFILL NOT NULL AUTO_INCREMENT, AUTO_INCREMENT=14;
--
-- AUTO_INCREMENT for table `em_usergroup`
--
ALTER TABLE `em_usergroup`
  MODIFY `id` int(11) UNSIGNED ZEROFILL NOT NULL AUTO_INCREMENT, AUTO_INCREMENT=17;
--
-- AUTO_INCREMENT for table `em_usergroup_matrix`
--
ALTER TABLE `em_usergroup_matrix`
  MODIFY `id` int(11) NOT NULL AUTO_INCREMENT, AUTO_INCREMENT=87;
/*!40101 SET CHARACTER_SET_CLIENT=@OLD_CHARACTER_SET_CLIENT */;
/*!40101 SET CHARACTER_SET_RESULTS=@OLD_CHARACTER_SET_RESULTS */;
/*!40101 SET COLLATION_CONNECTION=@OLD_COLLATION_CONNECTION */;
