-- phpMyAdmin SQL Dump
-- version 4.5.1
-- http://www.phpmyadmin.net
--
-- Host: 127.0.0.1
-- Generation Time: 04 Nov 2016 pada 12.34
-- Versi Server: 10.1.10-MariaDB
-- PHP Version: 7.0.4

SET SQL_MODE = "NO_AUTO_VALUE_ON_ZERO";
SET time_zone = "+00:00";


/*!40101 SET @OLD_CHARACTER_SET_CLIENT=@@CHARACTER_SET_CLIENT */;
/*!40101 SET @OLD_CHARACTER_SET_RESULTS=@@CHARACTER_SET_RESULTS */;
/*!40101 SET @OLD_COLLATION_CONNECTION=@@COLLATION_CONNECTION */;
/*!40101 SET NAMES utf8mb4 */;

--
-- Database: `eventmanagement_db`
--

-- --------------------------------------------------------

--
-- Struktur dari tabel `ci_sessions`
--

CREATE TABLE `ci_sessions` (
  `id` varchar(40) NOT NULL,
  `ip_address` varchar(45) NOT NULL,
  `timestamp` int(10) UNSIGNED NOT NULL DEFAULT '0',
  `data` blob NOT NULL
) ENGINE=InnoDB DEFAULT CHARSET=latin1;

-- --------------------------------------------------------

--
-- Struktur dari tabel `em_activitiesuser`
--

CREATE TABLE `em_activitiesuser` (
  `id` int(11) NOT NULL,
  `id_user` varchar(256) NOT NULL,
  `description` varchar(256) NOT NULL,
  `item_id` varchar(256) DEFAULT NULL,
  `date` datetime NOT NULL,
  `ip_address` varchar(255) NOT NULL
) ENGINE=InnoDB DEFAULT CHARSET=latin1;

--
-- Dumping data untuk tabel `em_activitiesuser`
--

INSERT INTO `em_activitiesuser` (`id`, `id_user`, `description`, `item_id`, `date`, `ip_address`) VALUES
(7, '93190615', 'Tambah Cabang', 'jghjghrt', '2016-10-06 18:43:04', ''),
(8, '93190615', 'Tambah Cabang', 'bilangan', '2016-10-06 18:51:22', ''),
(10, '93190615', 'Edit Cabang', 'bilangan', '2016-10-06 19:11:01', ''),
(11, '93190615', 'Edit Cabang', 'bilangan', '2016-10-06 19:11:07', ''),
(12, '93190615', 'Edit Cabang', 'bilangan 123123', '2016-10-06 19:11:25', ''),
(13, '93190615', 'Tambah Cabang', 'werw4343', '2016-10-06 19:17:58', ''),
(14, '93190615', 'Edit Cabang', 'fasfaf', '2016-10-06 19:23:10', ''),
(15, '93190615', 'Edit Cabang', '123123', '2016-10-06 19:24:03', ''),
(16, '93190615', 'Edit Cabang', '123123', '2016-10-06 19:24:08', ''),
(17, '93190615', 'Edit Cabang', '123123 12313123', '2016-10-06 19:24:11', ''),
(18, '93190615', 'Edit Cabang', '123123 12313123', '2016-10-06 19:24:13', ''),
(19, '93190615', 'Edit Cabang', '123123 12313123', '2016-10-06 19:24:16', ''),
(20, '93190615', 'Edit Cabang', 'asdad', '2016-10-06 19:26:01', ''),
(21, '93190615', 'Edit Cabang', 'asdad', '2016-10-06 19:26:07', ''),
(22, '93190615', 'Edit Cabang', 'asdad tggggsd', '2016-10-06 19:27:16', ''),
(23, '93190615', 'Edit Cabang', 'asdad tggggsd ererer', '2016-10-06 19:27:20', ''),
(24, '93190615', 'Edit Cabang', 'asdad tggggsd ererer', '2016-10-06 19:27:24', ''),
(25, '93190615', 'Edit Cabang', 'asdad tggggsd ererer', '2016-10-06 19:27:27', ''),
(26, '93190615', 'Edit Cabang', 'asdad tggggsd ererer', '2016-10-06 19:27:30', ''),
(27, '93190615', 'Edit Cabang', 'asdad tggggsd ererer', '2016-10-06 19:27:32', ''),
(28, '93190615', 'Menghapus Cabang', 'asdad tggggsd ererer', '2016-10-06 19:47:30', ''),
(29, '93190615', 'Menghapus Cabang', 'fasfaf', '2016-10-06 19:53:04', ''),
(30, '93190615', 'Menghapus Cabang', 'fdgdfgd', '2016-10-06 19:54:48', ''),
(31, '93190615', 'Menghapus Cabang', 'jghjghrt', '2016-10-06 19:56:27', ''),
(32, '93190615', 'Menghapus Cabang', '123123 12313123', '2016-10-06 19:56:36', ''),
(33, '93190615', 'Tambah Cabang', 'coba lagi', '2016-10-06 19:58:13', ''),
(34, '93190615', 'Edit Cabang', 'afasfasfasfa', '2016-10-06 19:58:36', ''),
(35, '93190615', 'Menghapus Cabang', 'jghjghj', '2016-10-06 19:59:02', ''),
(36, '93190615', 'Menghapus Cabang', 'coba', '2016-10-06 20:02:27', ''),
(37, '93190615', 'Menghapus Cabang', 'coba lagi', '2016-10-06 20:02:33', ''),
(38, '93190615', 'Menghapus Cabang', 'coba satu dua', '2016-10-06 20:02:36', ''),
(39, '93190615', 'Edit Cabang', 'afasfasfasfa', '2016-10-06 20:03:57', ''),
(40, '93190615', 'Sign out', '', '2016-10-06 22:33:17', ''),
(41, '93190615', 'Sign in', '', '2016-10-06 22:33:24', ''),
(42, '93190615', 'Sign out', '', '2016-10-06 22:34:50', ''),
(43, '93190615', 'Sign in', '', '2016-10-06 22:35:04', ''),
(44, '93190615', 'Sign out', '', '2016-10-06 22:35:19', ''),
(45, '93190615', 'Sign in', '', '2016-10-06 22:35:24', ''),
(46, '93190615', 'Sign in', '', '2016-10-06 22:47:17', ''),
(47, '93190615', 'Sign out', '', '2016-10-06 22:47:26', ''),
(48, '890600', 'Sign in', '', '2016-10-06 22:47:32', ''),
(49, '890600', 'Sign out', '', '2016-10-06 22:47:57', ''),
(50, '96490815', 'Sign in', '', '2016-10-06 22:48:03', ''),
(51, '96490815', 'Sign in', '', '2016-10-07 09:26:14', '::1'),
(52, '96490815', 'Tambah Menu', 'User', '2016-10-07 09:28:19', '::1'),
(53, '96490815', 'Tambah Menu', 'User Group', '2016-10-07 09:28:40', '::1'),
(54, '96490815', 'Tambah Menu', 'Matriks Program & Anggaran', '2016-10-07 09:29:06', '::1'),
(55, '96490815', 'Tambah Menu', 'Trainer', '2016-10-07 09:29:24', '::1'),
(56, '96490815', 'Tambah Menu', 'Materi', '2016-10-07 09:29:53', '::1'),
(57, '96490815', 'Tambah Menu', 'Kategori Event', '2016-10-07 09:30:08', '::1'),
(58, '96490815', 'Tambah Menu', 'Tipe Pelatihan', '2016-10-07 09:30:28', '::1'),
(59, '96490815', 'Tambah Menu', 'Cabang', '2016-10-07 09:30:41', '::1'),
(60, '96490815', 'Tambah Menu', 'Divisi', '2016-10-07 09:31:00', '::1'),
(61, '96490815', 'Tambah Menu', 'Pengajuan Event', '2016-10-07 09:31:22', '::1'),
(62, '96490815', 'Tambah Menu', 'Persetujuan Memo Event', '2016-10-07 09:31:44', '::1'),
(63, '96490815', 'Tambah Menu', 'Data Validasi & Persetujuan Event', '2016-10-07 09:32:08', '::1'),
(64, '96490815', 'Tambah Menu', 'Realisasi Event', '2016-10-07 09:32:28', '::1'),
(65, '96490815', 'Tambah Menu', 'Persetujuan Pertanggung Jawaban', '2016-10-07 09:32:57', '::1'),
(66, '96490815', 'Tambah Menu', 'Verifikasi Pertanggung Jawaban', '2016-10-07 09:33:23', '::1'),
(67, '96490815', 'Tambah Menu', 'Kegiatan', '2016-10-07 09:33:51', '::1'),
(68, '96490815', 'Tambah Menu', 'Materi Feedback', '2016-10-07 09:34:50', '::1'),
(69, '96490815', 'Tambah Menu', 'Realisasi Event & RKAP', '2016-10-07 09:35:17', '::1'),
(70, '96490815', 'Tambah Menu', 'Feedback', '2016-10-07 09:35:31', '::1'),
(71, '96490815', 'Tambah Menu', 'Trainer s', '2016-10-07 09:45:39', '::1'),
(72, '96490815', 'Tambah Menu', 'Trainer s', '2016-10-07 09:47:30', '::1'),
(73, '96490815', 'Tambah Menu', 'Trainer suka', '2016-10-07 09:47:44', '::1'),
(74, '96490815', 'Tambah Menu', 'Hola', '2016-10-07 09:50:59', '::1'),
(75, '96490815', 'Tambah Menu', 'Hola', '2016-10-07 09:52:09', '::1'),
(76, '96490815', 'Menghapus menu', 'Hola', '2016-10-07 09:52:19', '::1'),
(77, '96490815', 'Tambah Menu', 'Trainer', '2016-10-07 09:54:01', '::1'),
(78, '96490815', 'Tambah Divisi', 'PPL', '2016-10-07 11:07:22', '::1'),
(79, '96490815', 'Tambah Divisi', 'PPI', '2016-10-07 11:07:31', '::1'),
(80, '96490815', 'Edit Divisi', 'PPL 1', '2016-10-07 11:10:24', '::1'),
(81, '96490815', 'Tambah Divisi', 'Coba 123', '2016-10-07 11:10:37', '::1'),
(82, '96490815', 'Menghapus divisi', 'Coba 123', '2016-10-07 11:11:13', '::1'),
(83, '96490815', 'Sign out', '', '2016-10-07 11:22:40', '::1'),
(84, '890600', 'Sign in', '', '2016-10-07 11:22:48', '::1'),
(85, '890600', 'Tambah Trainer', 'Trainer A', '2016-10-07 13:17:51', '::1'),
(86, '890600', 'Tambah Trainer', 'Joko Priambodo', '2016-10-07 13:33:59', '::1'),
(87, '890600', 'Edit Trainer', 'Joko Priambodo 1', '2016-10-07 13:36:17', '::1'),
(88, '890600', 'Edit Trainer', 'Joko Priambodo 1', '2016-10-07 13:36:30', '::1'),
(89, '890600', 'Edit Trainer', 'Joko Priambodo', '2016-10-07 13:36:44', '::1'),
(90, '890600', 'Edit Trainer', 'Joko Priambodo', '2016-10-07 13:39:02', '::1'),
(91, '890600', 'Edit Trainer', 'Joko Priambodo', '2016-10-07 13:41:50', '::1'),
(92, '890600', 'Edit Trainer', 'Joko Priambodo', '2016-10-07 13:41:54', '::1'),
(93, '890600', 'Edit Trainer', 'Joko Priambodo 1', '2016-10-07 13:42:00', '::1'),
(94, '890600', 'Tambah Trainer', 'Joko Priambodo', '2016-10-07 13:43:21', '::1'),
(95, '890600', 'Edit Trainer', 'Joko Priambodo 1', '2016-10-07 13:43:52', '::1'),
(96, '890600', 'Edit Trainer', 'Joko Priambodo 123', '2016-10-07 13:44:45', '::1'),
(97, '890600', 'Edit Trainer', 'Joko Priambodo 123', '2016-10-07 13:44:48', '::1'),
(98, '890600', 'Tambah Trainer', 'Lisa Maruntu', '2016-10-07 13:49:20', '::1'),
(99, '890600', 'Menghapus trainer', 'Joko Priambodo 123', '2016-10-07 13:49:33', '::1'),
(100, '890600', 'Edit Cabang', 'Pekanbaru', '2016-10-07 13:50:32', '::1'),
(101, '890600', 'Edit Cabang', 'Riau', '2016-10-07 13:50:54', '::1'),
(102, '890600', 'Edit Cabang', 'Balikpapan', '2016-10-07 13:51:18', '::1'),
(103, '890600', 'Edit Cabang', 'Bandung', '2016-10-07 13:51:48', '::1'),
(104, '890600', 'Tambah Divisi', 'IT', '2016-10-07 13:52:12', '::1'),
(105, '890600', 'Tambah klasifikasi', 'Materi Public Speaking', '2016-10-07 14:10:27', '::1'),
(106, '890600', 'Edit klasifikasi', 'Materi Public Speaking 1', '2016-10-07 14:10:54', '::1'),
(107, '890600', 'Edit klasifikasi', 'Materi Public Speaking 1', '2016-10-07 14:10:56', '::1'),
(108, '890600', 'Tambah klasifikasi', 'Materi Untuk Dihapus', '2016-10-07 14:11:11', '::1'),
(109, '890600', 'Menghapus klasifikasi', 'Materi Untuk Dihapus', '2016-10-07 14:11:18', '::1'),
(110, '890600', 'Edit Divisi', 'IT', '2016-10-07 14:35:00', '::1'),
(111, '890600', 'Tambah materi', 'Materi Pengantar Seminar', '2016-10-07 14:38:48', '::1'),
(112, '890600', 'Tambah materi', 'Contoh Materi', '2016-10-07 14:52:26', '::1'),
(113, '890600', 'Tambah materi', 'Inner Beauty', '2016-10-07 14:52:55', '::1'),
(115, '890600', 'Edit materi', 'Materi Pengantar Seminar', '2016-10-07 14:57:29', '::1'),
(116, '890600', 'Edit materi', 'Contoh Materi', '2016-10-07 14:59:35', '::1'),
(117, '890600', 'Menghapus materi', 'Inner Beauty', '2016-10-07 15:05:27', '::1'),
(121, '890600', 'Tambah Tipe Pelatihan', 'asdasdasdsadsa', '2016-10-07 15:34:33', '::1'),
(122, '890600', 'Tambah Tipe Pelatihan', 'asdasdasdsadsa', '2016-10-07 15:36:16', '::1'),
(123, '890600', 'Tambah Tipe Pelatihan', 'asdasdasdsadsa', '2016-10-07 15:36:29', '::1'),
(125, '890600', 'Tambah Tipe Pelatihan', 'External Training', '2016-10-07 15:37:56', '::1'),
(126, '890600', 'Tambah Tipe Pelatihan', 'Pelatihan Mekar', '2016-10-07 15:45:56', '::1'),
(127, '890600', 'Tambah Tipe Pelatihan', 'sertifikasi', '2016-10-07 15:46:17', '::1'),
(128, '890600', 'Tambah Tipe Pelatihan', 'Knowledge Sharing', '2016-10-07 15:46:45', '::1'),
(134, '890600', 'Edit tipe pelatihan', 'Knowledge Sharing', '2016-10-07 15:48:03', '::1'),
(135, '890600', 'Edit tipe pelatihan', 'Knowledge Sharing', '2016-10-07 15:48:09', '::1'),
(136, '890600', 'Edit tipe pelatihan', 'Knowledge Sharing', '2016-10-07 15:48:16', '::1'),
(137, '890600', 'Tambah Tipe Pelatihan', 'Sembarang', '2016-10-07 15:48:48', '::1'),
(138, '890600', 'Edit tipe pelatihan', 'Sembarang', '2016-10-07 15:48:56', '::1'),
(139, '890600', 'Menghapus tipe_pelatihan', 'Sembarang', '2016-10-07 15:49:05', '::1'),
(140, '890600', 'Tambah Tipe Pelatihan', 'Percobaan', '2016-10-07 15:49:54', '::1'),
(141, '890600', 'Menghapus tipe_pelatihan', 'Percobaan', '2016-10-07 15:50:03', '::1'),
(142, '93190615', 'Sign in', '', '2016-10-07 16:48:19', '61.247.37.155'),
(143, '93190615', 'Sign out', '', '2016-10-07 16:48:28', '61.247.37.155'),
(144, '93190615', 'Sign in', '', '2016-10-07 16:50:39', '61.247.37.155'),
(145, '93190615', 'Sign out', '', '2016-10-07 16:50:43', '61.247.37.155'),
(146, '93190615', 'Sign in', '', '2016-10-07 16:51:06', '61.247.37.155'),
(147, '93190615', 'Tambah Divisi', 'Coba 123', '2016-10-07 16:51:25', '61.247.37.155'),
(148, '93190615', 'Menghapus divisi', 'Coba 123', '2016-10-07 16:51:30', '61.247.37.155'),
(149, '93190615', 'Sign out', '', '2016-10-07 16:51:57', '61.247.37.155'),
(150, '93190615', 'Sign in', '', '2016-10-07 18:49:39', '139.0.26.59'),
(151, '93190615', 'Sign out', '', '2016-10-07 18:50:11', '139.0.26.59'),
(152, '83521114', 'Sign in', '', '2016-10-07 18:50:35', '139.0.26.59'),
(153, '83521114', 'Tambah Divisi', 'Coba divisi', '2016-10-07 18:53:45', '139.0.26.59'),
(154, '83521114', 'Edit Divisi', 'Coba divisi 1', '2016-10-07 18:54:13', '139.0.26.59'),
(155, '83521114', 'Tambah Cabang', 'test nama cabang', '2016-10-07 18:54:51', '139.0.26.59'),
(156, '83521114', 'Tambah Tipe Pelatihan', 'coba tipe pelatihan', '2016-10-07 18:56:14', '139.0.26.59'),
(157, '83521114', 'Menghapus tipe_pelatihan', 'coba tipe pelatihan', '2016-10-07 18:56:27', '139.0.26.59'),
(158, '83521114', 'Tambah Trainer', 'yudhi', '2016-10-07 19:01:23', '139.0.26.59'),
(159, '83521114', 'Sign out', '', '2016-10-07 19:17:04', '139.0.26.59'),
(160, '93190615', 'Sign in', '', '2016-10-07 21:43:12', '180.251.220.90'),
(161, '93190615', 'Sign in', '', '2016-10-07 21:49:13', '64.233.173.4'),
(162, '93190615', 'Sign out', '', '2016-10-07 21:49:28', '64.233.173.8'),
(163, '93190615', 'Tambah Tipe Pelatihan', 'On Class Training Call Center', '2016-10-07 21:50:58', '180.251.220.90'),
(164, '93190615', 'Sign out', '', '2016-10-11 13:44:49', '::1'),
(165, '93190615', 'Sign in', '', '2016-10-11 13:44:57', '::1'),
(166, '93190615', 'Sign out', '', '2016-10-11 13:45:01', '::1'),
(167, '93190615', 'Sign in', '', '2016-10-11 13:45:20', '::1'),
(168, '                         ECD2FD56BAAA7D522748DB3BA18CB79B', 'Sign in', '', '2016-10-11 19:11:15', '::1'),
(169, '                         ECD2FD56BAAA7D522748DB3BA18CB79B', 'Sign in', '', '2016-10-11 19:11:26', '::1'),
(170, '00000000002', 'Sign in', '', '2016-10-11 19:14:11', '::1'),
(171, '00000000002', 'Sign in', '', '2016-10-12 11:39:45', '::1'),
(172, '00000000002', 'Sign in', '', '2016-10-13 14:36:58', '::1'),
(173, '00000000002', 'Tambah User Group', 'test user group matrix', '2016-10-13 14:39:04', '::1'),
(174, '00000000002', 'Tambah User Group', 'test user group matrix', '2016-10-13 15:06:32', '::1'),
(175, '00000000002', 'Tambah User Group', 'test user group matrix', '2016-10-13 15:07:29', '::1'),
(176, '00000000002', 'Tambah User Group', 'test user group matrix', '2016-10-13 15:08:16', '::1'),
(177, '00000000002', 'Edit User Group', 'test user group matrix1', '2016-10-13 17:15:32', '::1'),
(178, '00000000002', 'Tambah User Group', 'test untuk hapus', '2016-10-13 17:16:44', '::1'),
(179, '00000000002', 'Edit User Group', 'kepala_divisi', '2016-10-13 17:44:42', '::1'),
(180, '00000000002', 'Edit User Group', 'kepala_divisi', '2016-10-13 17:45:49', '::1'),
(181, '00000000002', 'Edit User Group', 'test untuk hapus', '2016-10-13 17:45:58', '::1'),
(182, '00000000002', 'Edit User Group', 'kepala_divisi', '2016-10-13 17:46:19', '::1'),
(183, '00000000002', 'Edit User Group', 'kepala_divisi', '2016-10-13 18:04:05', '::1'),
(184, '00000000002', 'Edit User Group', 'test user group matrix1', '2016-10-13 18:06:55', '::1'),
(185, '00000000002', 'Sign out', '', '2016-10-14 09:21:45', '::1'),
(186, '00000000002', 'Sign in', '', '2016-10-14 09:32:11', '::1'),
(187, '00000000002', 'Tambah User', 'Hario Nur Agung Wicaksono', '2016-10-14 09:57:23', '::1'),
(188, '00000000002', 'Sign out', '', '2016-10-14 09:57:45', '::1'),
(189, '00000000011', 'Sign in', '', '2016-10-14 09:57:50', '::1'),
(190, '00000000011', 'Menghapus user', 'Ilham Hidayat', '2016-10-14 09:57:57', '::1'),
(191, '00000000011', 'Tambah User', 'Ilham Hidayat', '2016-10-14 09:58:10', '::1'),
(192, '00000000011', 'Edit User', 'Ilham Hidayat', '2016-10-14 09:58:20', '::1'),
(193, '00000000011', 'Sign out', '', '2016-10-14 09:58:26', '::1'),
(194, '00000000011', 'Sign in', '', '2016-10-14 09:59:09', '::1'),
(195, '00000000011', 'Tambah Event', '', '2016-10-14 13:48:26', '::1'),
(196, '00000000011', 'Tambah Event', '', '2016-10-14 13:58:06', '::1'),
(197, '00000000011', 'Sign in', '', '2016-10-14 13:59:31', '::1'),
(198, '00000000011', 'Tambah Event', 'Coba', '2016-10-14 14:04:40', '::1'),
(199, '00000000011', 'Tambah Event', 'Coba', '2016-10-14 14:04:51', '::1'),
(200, '00000000011', 'Tambah Event', '', '2016-10-14 14:04:55', '::1'),
(201, '00000000011', 'Tambah Event', 'Learning by Doing', '2016-10-14 14:06:38', '::1'),
(202, '00000000011', 'Tambah Event', '', '2016-10-14 14:06:52', '::1'),
(203, '00000000011', 'Tambah Event', 'dsfsdfsd', '2016-10-14 14:08:34', '::1'),
(204, '00000000011', 'Tambah Event', '', '2016-10-14 14:12:13', '::1'),
(205, '00000000011', 'Tambah Event', 'sfdsdfdsgfd', '2016-10-14 14:12:47', '::1'),
(206, '00000000011', 'Tambah Event', 'sfdhghfgh', '2016-10-14 14:14:08', '::1'),
(207, '00000000011', 'Tambah Event', '', '2016-10-14 14:14:14', '::1'),
(208, '00000000011', 'Tambah Event', 'sdfdfgdfgfd', '2016-10-14 14:16:06', '::1'),
(209, '00000000011', 'Tambah Event', '', '2016-10-14 14:18:13', '::1'),
(210, '00000000011', 'Tambah Event', 'sdfsdfsd', '2016-10-14 14:22:08', '::1'),
(211, '00000000011', 'Tambah Event', '', '2016-10-14 14:22:20', '::1'),
(212, '00000000011', 'Tambah Event', 'fdgdfhgjghs sdfsdfs', '2016-10-14 14:24:46', '::1'),
(213, '00000000011', 'Tambah Event', 'sfsdfsdfsdfsdfsdf', '2016-10-14 14:25:42', '::1'),
(214, '00000000011', 'Tambah Event', '', '2016-10-14 14:28:48', '::1'),
(215, '00000000011', 'Tambah Event', 'COBA EVENT', '2016-10-14 14:33:26', '::1'),
(216, '00000000011', 'Tambah Event', 'Event Oracle', '2016-10-14 14:51:30', '::1'),
(217, '00000000011', 'Tambah Event', 'TEST EVENT', '2016-10-14 15:09:45', '::1'),
(218, '00000000011', 'Sign out', '', '2016-10-14 15:10:03', '::1'),
(219, '00000000011', 'Sign in', '', '2016-10-14 15:15:08', '::1'),
(220, '00000000011', 'Tambah Trainer Eksternal', 'Hola Test', '2016-10-14 15:18:43', '::1'),
(221, '00000000011', 'Tambah User Group', 'test ug2', '2016-10-14 15:24:30', '::1'),
(222, '00000000002', 'Sign in', '', '2016-10-18 11:44:27', '::1'),
(223, '00000000002', 'Tambah Event', '', '2016-10-18 12:40:10', '::1'),
(224, '00000000002', 'Tambah Event', '', '2016-10-18 13:58:59', '::1'),
(225, '00000000002', 'Tambah Event', '', '2016-10-18 13:59:15', '::1'),
(226, '00000000002', 'Tambah Event', '', '2016-10-18 14:00:11', '::1'),
(227, '00000000002', 'Tambah Event', '', '2016-10-18 14:01:19', '::1'),
(228, '00000000002', 'Tambah Event', '', '2016-10-18 14:01:25', '::1'),
(229, '00000000002', 'Tambah Event', '', '2016-10-18 14:03:04', '::1'),
(230, '00000000002', 'Tambah Event', '', '2016-10-18 14:04:01', '::1'),
(231, '00000000002', 'Tambah Event', '', '2016-10-18 14:04:33', '::1'),
(232, '00000000002', 'Tambah Event', '', '2016-10-18 14:04:37', '::1'),
(233, '00000000002', 'Tambah Event', '', '2016-10-18 14:12:43', '::1'),
(234, '00000000002', 'Tambah Event', '', '2016-10-18 14:13:56', '::1'),
(235, '00000000002', 'Tambah Event', '', '2016-10-18 14:15:22', '::1'),
(236, '00000000002', 'Tambah Event', '', '2016-10-18 14:15:25', '::1'),
(237, '00000000002', 'Tambah Event', 'asdasdasd', '2016-10-18 14:18:49', '::1'),
(238, '00000000002', 'Tambah Event', 'asdasdasd', '2016-10-18 14:21:20', '::1'),
(239, '00000000002', 'Tambah Event', 'asdasdasd', '2016-10-18 14:31:34', '::1'),
(240, '00000000002', 'Tambah Event', 'asdasdasd', '2016-10-18 14:35:50', '::1'),
(241, '00000000002', 'Tambah Event', 'asdasdas', '2016-10-18 14:40:02', '::1'),
(242, '00000000002', 'Tambah Event', 'asdasdas', '2016-10-18 14:41:00', '::1'),
(243, '00000000002', 'Tambah Event', 'asdasdas', '2016-10-18 14:41:42', '::1'),
(244, '00000000002', 'Tambah Event', 'asdasdas', '2016-10-18 14:43:36', '::1'),
(245, '00000000002', 'Tambah Event', 'asdasdas', '2016-10-18 14:43:37', '::1'),
(246, '00000000002', 'Tambah Event', 'asdasdas', '2016-10-18 14:43:51', '::1'),
(247, '00000000002', 'Tambah Event', 'asdasdas', '2016-10-18 14:44:03', '::1'),
(248, '00000000002', 'Tambah Event', 'asdasdas', '2016-10-18 14:44:09', '::1'),
(249, '00000000002', 'Tambah Event', 'asdasdas', '2016-10-18 14:44:10', '::1'),
(250, '00000000002', 'Tambah Event', 'asdasdas', '2016-10-18 14:44:30', '::1'),
(251, '00000000002', 'Tambah Event', 'asdasdas', '2016-10-18 14:44:49', '::1'),
(252, '00000000002', 'Tambah Event', 'asdasdas', '2016-10-18 14:45:10', '::1'),
(253, '00000000002', 'Tambah Event', 'asdasdas', '2016-10-18 14:45:40', '::1'),
(254, '00000000002', 'Tambah Event', 'asdasdas', '2016-10-18 14:45:55', '::1'),
(255, '00000000002', 'Tambah Event', 'asdasdas', '2016-10-18 14:46:06', '::1'),
(256, '00000000002', 'Tambah Event', 'asdasdas', '2016-10-18 14:46:52', '::1'),
(257, '00000000002', 'Tambah Event', 'asdasdas', '2016-10-18 14:47:23', '::1'),
(258, '00000000002', 'Tambah Event', 'asdasdas', '2016-10-18 14:47:32', '::1'),
(259, '00000000002', 'Tambah Event', 'asdasdas', '2016-10-18 14:48:34', '::1'),
(260, '00000000002', 'Tambah Event', 'asdasdas', '2016-10-18 14:49:38', '::1'),
(261, '00000000002', 'Tambah Event', 'asdasdas', '2016-10-18 14:49:52', '::1'),
(262, '00000000002', 'Tambah Event', 'asdasdas', '2016-10-18 14:50:15', '::1'),
(263, '00000000002', 'Tambah Event', 'asdasdas', '2016-10-18 14:51:05', '::1'),
(264, '00000000002', 'Tambah Event', 'asdasdas', '2016-10-18 14:51:06', '::1'),
(265, '00000000002', 'Tambah Event', 'asdasdas', '2016-10-18 14:52:16', '::1'),
(266, '00000000002', 'Tambah Event', 'asdasdas', '2016-10-18 14:52:32', '::1'),
(267, '00000000002', 'Tambah Event', 'asdasdas', '2016-10-18 14:52:46', '::1'),
(268, '00000000002', 'Tambah Event', 'asdasdas', '2016-10-18 14:52:53', '::1'),
(269, '00000000002', 'Tambah Event', 'asdasdas', '2016-10-18 14:53:20', '::1'),
(270, '00000000002', 'Tambah Event', 'asdasdas', '2016-10-18 14:53:27', '::1'),
(271, '00000000002', 'Tambah Event', 'asdasdas', '2016-10-18 14:53:46', '::1'),
(272, '00000000002', 'Tambah Event', 'asdasdas', '2016-10-18 14:54:12', '::1'),
(273, '00000000002', 'Tambah Event', 'asdasdas', '2016-10-18 14:55:16', '::1'),
(274, '00000000002', 'Tambah Event', 'asdasdas', '2016-10-18 14:55:29', '::1'),
(275, '00000000002', 'Tambah Event', 'asdasdas', '2016-10-18 14:55:40', '::1'),
(276, '00000000002', 'Tambah Event', 'asdasdas', '2016-10-18 14:55:57', '::1'),
(277, '00000000002', 'Tambah Event', 'asdasdas', '2016-10-18 14:58:37', '::1'),
(278, '00000000002', 'Tambah Event', 'asdasdas', '2016-10-18 14:59:55', '::1'),
(279, '00000000002', 'Tambah Event', 'asdasdas', '2016-10-18 15:02:12', '::1'),
(280, '00000000002', 'Tambah Event', 'asdasdas', '2016-10-18 15:02:40', '::1'),
(281, '00000000002', 'Tambah Event', '', '2016-10-18 15:07:04', '::1'),
(282, '00000000002', 'Tambah Event', '', '2016-10-18 15:07:15', '::1'),
(283, '00000000002', 'Tambah Event', '', '2016-10-18 15:07:56', '::1'),
(284, '00000000002', 'Tambah Event', '', '2016-10-18 15:08:49', '::1'),
(285, '00000000002', 'Tambah Event', '', '2016-10-18 15:09:26', '::1'),
(286, '00000000002', 'Tambah Event', '', '2016-10-18 15:09:51', '::1'),
(287, '00000000002', 'Tambah Event', '', '2016-10-18 15:10:05', '::1'),
(288, '00000000002', 'Tambah Event', '', '2016-10-18 15:10:32', '::1'),
(289, '00000000002', 'Tambah Event', '', '2016-10-18 15:10:33', '::1'),
(290, '00000000002', 'Tambah Event', '', '2016-10-18 15:10:42', '::1'),
(291, '00000000002', 'Tambah Event', '', '2016-10-18 15:11:04', '::1'),
(292, '00000000002', 'Tambah Event', '', '2016-10-18 15:12:19', '::1'),
(293, '00000000002', 'Tambah Event', '', '2016-10-18 15:12:24', '::1'),
(294, '00000000002', 'Tambah Event', '', '2016-10-18 15:12:28', '::1'),
(295, '00000000002', 'Tambah Event', '', '2016-10-18 15:16:14', '::1'),
(296, '00000000002', 'Tambah Event', '', '2016-10-18 15:17:07', '::1'),
(297, '00000000002', 'Tambah Event', '', '2016-10-18 15:17:10', '::1'),
(298, '00000000002', 'Tambah Event', '', '2016-10-18 15:17:14', '::1'),
(299, '00000000002', 'Tambah Event', '', '2016-10-18 15:17:18', '::1'),
(300, '00000000002', 'Tambah Event', '', '2016-10-18 15:20:20', '::1'),
(301, '00000000002', 'Tambah Event', '', '2016-10-18 15:20:28', '::1'),
(302, '00000000002', 'Tambah Event', '', '2016-10-18 15:20:32', '::1'),
(303, '00000000002', 'Tambah Event', '', '2016-10-18 15:21:46', '::1'),
(304, '00000000002', 'Tambah Event', '', '2016-10-18 15:23:19', '::1'),
(305, '00000000002', 'Tambah Event', '', '2016-10-18 15:23:29', '::1'),
(306, '00000000002', 'Tambah Event', '', '2016-10-18 15:23:57', '::1'),
(307, '00000000002', 'Tambah Event', '', '2016-10-18 15:25:09', '::1'),
(308, '00000000002', 'Tambah Event', '', '2016-10-18 15:25:45', '::1'),
(309, '00000000002', 'Tambah Event', '', '2016-10-18 15:26:40', '::1'),
(310, '00000000002', 'Tambah Event', '', '2016-10-18 15:27:09', '::1'),
(311, '00000000002', 'Tambah Event', '', '2016-10-18 15:27:58', '::1'),
(312, '00000000002', 'Tambah Event', '', '2016-10-18 15:28:46', '::1'),
(313, '00000000002', 'Tambah Event', '', '2016-10-18 15:28:52', '::1'),
(314, '00000000002', 'Tambah Event', '', '2016-10-18 15:29:55', '::1'),
(315, '00000000002', 'Tambah Event', '', '2016-10-18 15:30:16', '::1'),
(316, '00000000002', 'Tambah Event', '', '2016-10-18 15:32:02', '::1'),
(317, '00000000002', 'Tambah Event', '', '2016-10-18 15:32:38', '::1'),
(318, '00000000002', 'Tambah Event', 'sfdsfsdfs', '2016-10-18 15:32:59', '::1'),
(319, '00000000002', 'Tambah Event', '', '2016-10-18 15:33:02', '::1'),
(320, '00000000002', 'Tambah Event', '', '2016-10-18 15:33:12', '::1'),
(321, '00000000002', 'Tambah Event', 'sfdsfsdfs', '2016-10-18 15:33:30', '::1'),
(322, '00000000002', 'Tambah Event', '', '2016-10-18 15:33:33', '::1'),
(323, '00000000002', 'Tambah Event', 'sfdsfsdfs', '2016-10-18 15:34:09', '::1'),
(324, '00000000002', 'Tambah Event', '', '2016-10-18 15:34:17', '::1'),
(325, '00000000002', 'Tambah Event', '', '2016-10-18 15:34:24', '::1'),
(326, '00000000002', 'Tambah Event', 'sfdsfsdfs', '2016-10-18 15:34:45', '::1'),
(327, '00000000002', 'Tambah Event', '', '2016-10-18 15:35:10', '::1'),
(328, '00000000002', 'Tambah Event', '', '2016-10-18 15:35:49', '::1'),
(329, '00000000002', 'Tambah Event', '', '2016-10-18 15:36:00', '::1'),
(330, '00000000002', 'Tambah Event', '', '2016-10-18 15:36:07', '::1'),
(331, '00000000002', 'Tambah Event', '', '2016-10-18 15:36:25', '::1'),
(332, '00000000002', 'Tambah Event', 'sfdsfsdfs', '2016-10-18 15:36:31', '::1'),
(333, '00000000002', 'Tambah Event', '', '2016-10-18 15:37:30', '::1'),
(334, '00000000002', 'Tambah Event', '', '2016-10-18 15:37:40', '::1'),
(335, '00000000002', 'Tambah Event', 'sfdsfsdfs', '2016-10-18 15:39:11', '::1'),
(336, '00000000002', 'Tambah Event', '', '2016-10-18 15:43:13', '::1'),
(337, '00000000002', 'Tambah Event', '', '2016-10-18 15:47:09', '::1'),
(338, '00000000002', 'Tambah Event', '', '2016-10-18 15:48:34', '::1'),
(339, '00000000002', 'Tambah Event', '', '2016-10-18 15:48:50', '::1'),
(340, '00000000002', 'Tambah Event', '', '2016-10-18 15:53:11', '::1'),
(341, '00000000002', 'Tambah Event', 'asdasdsa', '2016-10-18 15:54:57', '::1'),
(342, '00000000002', 'Tambah Event', 'COBACOBA', '2016-10-18 15:56:38', '::1'),
(343, '00000000002', 'Tambah Event', 'Nama Event A', '2016-10-18 17:35:46', '::1'),
(344, '00000000002', 'Tambah Event', 'Event Dasawarsa', '2016-10-18 17:44:16', '::1'),
(345, '00000000002', 'Tambah Event', 'Event Alakadarnya', '2016-10-18 17:47:38', '::1'),
(346, '00000000002', 'Sign in', '', '2016-10-19 13:05:33', '::1'),
(347, '00000000002', 'Sign in', '', '2016-10-20 14:54:12', '::1'),
(348, '00000000002', 'Sign in', '', '2016-10-20 14:56:12', '::1'),
(349, '00000000002', 'Sign in', '', '2016-10-20 18:31:22', '::1'),
(350, '00000000002', 'Sign in', '', '2016-10-26 14:49:09', '::1'),
(351, '00000000002', 'Tambah Trainer', 'Achmad Barlian', '2016-10-26 14:49:54', '::1'),
(352, '00000000002', 'Menghapus user', 'Ilham Hidayat', '2016-10-26 14:51:53', '::1'),
(353, '00000000002', 'Tambah User', 'Ilham Hidayat', '2016-10-26 14:52:07', '::1'),
(354, '00000000013', 'Sign in', '', '2016-10-27 11:48:45', '::1'),
(355, '00000000013', 'Tambah Event', 'asdasfas', '2016-10-27 12:04:10', '::1'),
(356, '00000000013', 'Tambah Event', 'yyyyy erterte tfdgdfgdg', '2016-10-27 12:14:38', '::1'),
(357, '00000000013', 'Tambah Event', 'vbnvnvbnvbn', '2016-10-27 12:26:05', '::1'),
(358, '00000000013', 'Tambah Event', 'event a', '2016-10-27 12:50:16', '::1'),
(359, '00000000013', 'Tambah Event', '546456456456', '2016-10-27 12:54:30', '::1'),
(360, '00000000013', 'Tambah Event', 'gfhbfghfghfgh', '2016-10-27 13:03:36', '::1'),
(361, '00000000013', 'Tambah Event', 'gfhbfghfghfgh', '2016-10-27 13:08:10', '::1'),
(362, '00000000013', 'Tambah Event', 'gfhbfghfghfgh', '2016-10-27 13:08:29', '::1'),
(363, '00000000013', 'Tambah Event', 'gfhbfghfghfgh', '2016-10-27 13:10:01', '::1'),
(364, '00000000013', 'Tambah Event', 'sdfsdfggfhfg', '2016-10-27 13:11:12', '::1'),
(365, '00000000013', 'Tambah Event', 'dfgbdfbgnfgntre th rtetgyfdg', '2016-10-27 13:14:20', '::1'),
(366, '00000000013', 'Tambah Event', 'dgdgdfg', '2016-10-27 13:16:34', '::1'),
(367, '00000000013', 'Tambah Event', 'dgdgdfg', '2016-10-27 13:17:30', '::1'),
(368, '00000000013', 'Tambah Event', 'gfhgfhgfhfgh', '2016-10-27 13:20:19', '::1'),
(369, '00000000013', 'Tambah Event', 'dfgdfgjtj rthuyru7567', '2016-10-27 13:22:49', '::1'),
(370, '00000000013', 'Tambah Event', 'fdgdfgdfg', '2016-10-27 13:28:08', '::1'),
(371, '00000000013', 'Tambah Event', 'fdsdfsfsdfgtgn bv nvb dfgd g 57u865', '2016-10-27 13:31:32', '::1'),
(372, '00000000013', 'Tambah Event', 'sfsdfs', '2016-10-27 13:35:11', '::1'),
(373, '00000000013', 'Tambah Event', 'sdfsdf', '2016-10-27 13:38:39', '::1'),
(374, '00000000013', 'Tambah Event', 'sdgsdgsdf sdfsd fsdf sfsd fs fsf sfsdf sdf sf', '2016-10-27 13:43:47', '::1'),
(375, '00000000013', 'Tambah Event', 'sdfsdfsdf dsfsd fwerwer wer', '2016-10-27 13:46:26', '::1'),
(376, '00000000013', 'Tambah Event', 'sdfsgsdg sd vcb c rw', '2016-10-27 14:00:16', '::1'),
(377, '00000000013', 'Tambah Event', 'Event versi lengkap', '2016-10-27 18:13:55', '::1'),
(378, '00000000013', 'Tambah Event', 'Gathering 2016', '2016-10-27 18:19:28', '::1'),
(379, '00000000013', 'Tambah Event', 'Outbound Road to Sukabumi', '2016-10-27 18:25:36', '::1'),
(380, '00000000013', 'Tambah Event', 'Training Character Building', '2016-10-27 18:29:47', '::1'),
(381, '00000000013', 'Tambah Event', 'Event Turoning', '2016-10-27 18:42:22', '::1'),
(382, '00000000013', 'Sign in', '', '2016-10-28 09:57:37', '::1'),
(383, '00000000013', 'Tambah Event', 'Event Hari Jumat', '2016-10-28 10:36:01', '::1'),
(384, '00000000013', 'Tambah Event', 'Event ABCD', '2016-10-28 10:40:08', '::1'),
(385, '00000000013', 'Tambah Event', '546456456456', '2016-10-28 10:43:19', '::1'),
(386, '00000000013', 'Tambah Event', 'Gathering ABCD', '2016-10-28 10:50:04', '::1'),
(387, '00000000013', 'Tambah Event', 'Event ABCD', '2016-10-28 10:54:53', '::1'),
(388, '00000000011', 'Tambah Event', 'Test 1 DBN', '2016-10-28 11:47:05', '::1'),
(389, '00000000011', 'Tambah Event', 'test baru', '2016-10-28 12:33:09', '::1'),
(390, '00000000011', 'Tambah Event', 'bachjdfgg', '2016-10-28 12:42:26', '::1'),
(391, '00000000011', 'Tambah Event', 'Nama Event Contoh', '2016-10-28 12:48:41', '::1'),
(392, '00000000011', 'Proses Approval Event Nama Event Contoh dengan no.memo', 'No. Memo 123', '2016-10-28 13:31:08', '::1'),
(393, '00000000011', 'Tambah Event', 'Nama Event XYZ', '2016-10-28 14:01:58', '::1'),
(394, '00000000011', 'Proses Approval Event Nama Event XYZ dengan no.memo', 'A-123/PNM-ABC/AF/1233', '2016-10-28 14:02:58', '::1'),
(395, '00000000011', 'Proses Approval Event Nama Event XYZ dengan no.memo', 'A-123/PNM-ABC/AF/1233', '2016-10-28 14:03:25', '::1'),
(396, '00000000011', 'Proses Approval Event Nama Event XYZ dengan no.memo', 'A-123/PNM-ABC/AF/1233', '2016-10-28 14:04:08', '::1'),
(397, '00000000011', 'Proses Approval Event Nama Event XYZ dengan no.memo', 'A-123/PNM-ABC/AF/1233', '2016-10-28 14:09:04', '::1'),
(398, '00000000011', 'Tambah materi', 'Materi Nama', '2016-10-28 14:38:46', '::1'),
(399, '00000000011', 'Tambah Matriks Program & Anggaran (lv1)', 'Test Parent 3', '2016-10-28 14:39:31', '::1'),
(400, '00000000011', 'Sign out', '', '2016-10-28 15:49:30', '::1'),
(401, '00000000013', 'Sign in', '', '2016-10-28 15:57:09', '::1'),
(402, '00000000013', 'Tambah Matriks Program & Anggaran (lv1)', 'bisnis unit level 1', '2016-10-28 15:58:31', '::1'),
(403, '00000000013', 'Tambah Matriks Program & Anggaran (lv2)', 'bisnis unit level 2 (dari level 1)', '2016-10-28 15:59:10', '::1'),
(404, '00000000013', 'Tambah Event', 'Event Test ABCD', '2016-10-28 16:06:18', '::1'),
(405, '00000000013', 'Tambah Event', 'EVENT COBA', '2016-10-28 16:12:42', '::1'),
(406, '00000000013', 'Proses Approval Event Event Test ABCD dengan no.memo', 'A-222/PNM-PPP/XI/2016', '2016-10-28 16:18:08', '::1'),
(407, '00000000013', 'Proses Approval Event Event Test ABCD dengan no.memo', 'A-222/PNM-PPP/XI/2016', '2016-10-28 16:20:38', '::1'),
(408, '00000000013', 'Sign in', '', '2016-10-31 12:46:53', '::1'),
(409, '00000000013', 'Tambah Event', 'sdf', '2016-10-31 12:50:44', '::1'),
(410, '00000000013', 'Tambah Event', 'ewrwerwerwer', '2016-10-31 12:56:55', '::1'),
(411, '00000000013', 'Tambah Event', 'rtyrtyr', '2016-10-31 12:58:38', '::1'),
(412, '00000000013', 'Sign in', '', '2016-10-31 13:01:34', '::1'),
(413, '00000000013', 'Sign in', '', '2016-10-31 15:49:33', '::1'),
(414, '00000000013', 'Tambah Event', 'ass', '2016-10-31 15:50:24', '::1'),
(415, '00000000013', 'Tambah Event', 'sdf', '2016-10-31 16:22:49', '::1'),
(416, '00000000013', 'Tambah Event', 'wwww', '2016-10-31 16:25:53', '::1'),
(417, '00000000013', 'Tambah Event', '22', '2016-10-31 16:35:17', '::1'),
(418, '00000000013', 'Tambah Event', 'gergege', '2016-10-31 16:35:43', '::1'),
(419, '00000000013', 'Tambah Event', 'fdgdg', '2016-10-31 16:42:11', '::1'),
(420, '00000000013', 'Tambah Event', 'bbb', '2016-10-31 16:42:45', '::1'),
(421, '00000000013', 'Tambah Event', 'sfsdf', '2016-10-31 16:45:34', '::1'),
(422, '00000000013', 'Tambah Event', 'gfhfh', '2016-10-31 16:49:44', '::1'),
(423, '00000000013', 'Tambah Event', 'efg234', '2016-10-31 16:56:05', '::1'),
(424, '00000000013', 'Tambah Event', 'sdfsf', '2016-10-31 17:01:14', '::1'),
(425, '00000000013', 'Tambah Event', 'dfsdf', '2016-10-31 17:30:32', '::1'),
(426, '00000000013', 'Tambah Event', 'ada', '2016-10-31 17:30:55', '::1'),
(427, '00000000013', 'Sign in', '', '2016-10-31 17:48:18', '::1'),
(428, '00000000013', 'Tambah Event', 'sdfsdf', '2016-10-31 18:08:35', '::1'),
(429, '00000000013', 'Tambah Event', 'sdfsdfsd', '2016-10-31 18:10:43', '::1'),
(430, '00000000013', 'Tambah Event', 'dfsf', '2016-10-31 19:01:17', '::1'),
(431, '00000000013', 'Tambah Event', 'sf', '2016-10-31 19:03:33', '::1'),
(432, '00000000013', 'Tambah Event', 'sf', '2016-10-31 19:07:42', '::1'),
(433, '00000000013', 'Tambah Event', 'sdf', '2016-10-31 19:08:23', '::1'),
(434, '00000000013', 'Tambah Event', 'sdf12', '2016-10-31 19:25:02', '::1'),
(435, '00000000013', 'Tambah Event', 'sf', '2016-10-31 19:25:36', '::1'),
(436, '00000000013', 'Tambah Event', 'ad123', '2016-10-31 19:46:36', '::1'),
(437, '00000000013', 'Tambah Event', '123ad123', '2016-10-31 19:46:58', '::1'),
(438, '00000000013', 'Tambah Event', 'Event Abcd', '2016-10-31 22:21:02', '::1'),
(439, '00000000013', 'Tambah Event', 'Event Submitted', '2016-10-31 22:23:53', '::1'),
(440, '00000000013', 'Tambah Event', 'Coba Yang Lain', '2016-11-01 00:00:14', '::1'),
(441, '00000000013', 'Sign in', '', '2016-11-01 10:32:16', '::1'),
(442, '00000000013', 'Tambah Event', 'EVENT ABCD', '2016-11-01 10:34:11', '::1'),
(443, '00000000013', 'Tambah Event', 'Event abcd okok', '2016-11-01 10:59:31', '::1'),
(444, '00000000013', 'Tambah Event', 'event dengan rundown', '2016-11-01 11:30:52', '::1'),
(445, '00000000013', 'Menghapus event', 'Coba Yang Lain', '2016-11-01 16:03:39', '::1'),
(446, '00000000013', 'Proses Approval Event Event Submitted dengan no.memo', 'B-232/PNM-PPI/XI/2016', '2016-11-01 17:03:36', '::1'),
(447, '00000000013', 'Proses Approval Event Event Submitted dengan no.memo', 'B-232/PNM-PPI/XI/2016', '2016-11-01 17:04:24', '::1'),
(448, '00000000013', 'Edit Event', 'EVENT ABCD', '2016-11-01 17:13:36', '::1'),
(449, '00000000013', 'Edit Event', 'EVENT ABCD', '2016-11-01 17:20:32', '::1'),
(450, '00000000013', 'Edit Event', 'EVENT ABCD', '2016-11-01 17:22:24', '::1'),
(451, '00000000013', 'Edit Event', 'EVENT ABCD', '2016-11-01 17:24:41', '::1'),
(452, '00000000013', 'Edit Event', 'EVENT ABCD', '2016-11-01 17:25:56', '::1'),
(453, '00000000013', 'Edit Event', 'EVENT ABCD 123', '2016-11-01 17:26:05', '::1'),
(454, '00000000013', 'Edit Event', 'Event abcd okok', '2016-11-01 17:57:44', '::1'),
(455, '00000000013', 'Edit Event', 'event dengan rundown', '2016-11-01 18:10:43', '::1'),
(456, '00000000013', 'Edit Event', 'event dengan rundown', '2016-11-01 18:12:33', '::1'),
(457, '00000000013', 'Edit Event', 'event dengan rundown', '2016-11-01 18:13:14', '::1'),
(458, '00000000013', 'Edit Event', 'event dengan rundown', '2016-11-01 18:15:08', '::1'),
(459, '00000000013', 'Edit Event', 'event dengan rundown', '2016-11-01 18:20:16', '::1'),
(460, '00000000013', 'Edit Event', 'event dengan rundown', '2016-11-01 18:25:14', '::1'),
(461, '00000000013', 'Edit Event', 'event dengan rundown', '2016-11-01 18:26:44', '::1'),
(462, '00000000013', 'Edit Event', '', '2016-11-01 18:28:15', '::1'),
(463, '00000000013', 'Edit Event', 'EVENT ABCD 123', '2016-11-01 18:29:09', '::1'),
(464, '00000000013', 'Edit Event', 'EVENT ABCD 123', '2016-11-01 18:35:15', '::1'),
(465, '00000000013', 'Edit Event', 'EVENT ABCD 123', '2016-11-01 18:35:38', '::1'),
(466, '00000000013', 'Edit Event', 'EVENT ABCD 123', '2016-11-01 18:36:58', '::1'),
(467, '00000000013', 'Edit Event', 'EVENT ABCD 123', '2016-11-01 18:38:00', '::1'),
(468, '00000000013', 'Edit Event', 'EVENT ABCD 123', '2016-11-01 18:41:26', '::1'),
(469, '00000000013', 'Edit Event', 'EVENT ABCD 123', '2016-11-01 18:47:39', '::1'),
(470, '00000000013', 'Edit Event', 'EVENT ABCD 123', '2016-11-01 19:03:40', '::1'),
(471, '00000000013', 'Edit Event', 'EVENT ABCD 123', '2016-11-01 19:04:02', '::1'),
(472, '00000000013', 'Change date event', 'EVENT ABCD 123', '2016-11-01 19:23:44', '::1'),
(473, '00000000013', 'Change date event', 'EVENT ABCD 123', '2016-11-01 19:24:39', '::1'),
(474, '00000000013', 'Change date event', 'EVENT ABCD 123', '2016-11-01 19:34:54', '::1'),
(475, '00000000013', 'Edit Event', 'Event Abcd', '2016-11-01 19:39:12', '::1'),
(476, '00000000013', 'Change date event', 'Event abcd okok', '2016-11-01 19:53:00', '::1'),
(477, '00000000013', 'Sign in', '', '2016-11-02 11:58:38', '::1'),
(478, '00000000013', 'Edit Matriks Program & Anggaran (lv1)', 'Test Parent 1aa', '2016-11-02 13:20:49', '::1'),
(479, '00000000013', 'Edit Matriks Program & Anggaran (lv2)', 'Test Child 1.1aaaa', '2016-11-02 13:21:00', '::1'),
(480, '00000000013', 'Edit Matriks Program & Anggaran (lv2)', 'Kinerja Karyawan', '2016-11-02 13:30:26', '::1'),
(481, '00000000013', 'Edit Matriks Program & Anggaran (lv1)', 'Bisnis Unit Mekar', '2016-11-02 13:30:39', '::1'),
(482, '00000000013', 'Edit Matriks Program & Anggaran (lv2)', 'PPL', '2016-11-02 13:33:57', '::1'),
(483, '00000000013', 'Edit Bisnis Unit', 'MKU', '2016-11-02 14:00:22', '::1'),
(484, '00000000013', 'Edit Bisnis Unit', 'MKR', '2016-11-02 14:00:28', '::1'),
(485, '00000000013', 'Edit Bisnis Unit', 'MKR', '2016-11-02 14:00:36', '::1'),
(486, '00000000013', 'Tambah Bisnis Unit-Jabatan', 'Des A', '2016-11-02 14:01:00', '::1'),
(487, '00000000013', 'Edit Bisnis Unit-Jabatan', 'Officer', '2016-11-02 14:01:16', '::1'),
(488, '00000000013', 'Edit Bisnis Unit-Jabatan', 'Manager', '2016-11-02 14:01:22', '::1'),
(489, '00000000013', 'Tambah Event', '123', '2016-11-02 14:12:02', '::1'),
(490, '00000000013', 'Tambah Event', 'event abcd', '2016-11-02 14:15:10', '::1'),
(491, '00000000013', 'Tambah Event', '345345', '2016-11-02 14:30:16', '::1'),
(492, '00000000013', 'Tambah Event', 'Family Gathering 2016', '2016-11-02 14:33:50', '::1'),
(493, '00000000013', 'Edit Event', 'Family Gathering 2016', '2016-11-02 16:03:57', '::1'),
(494, '00000000013', 'Edit Event', 'Family Gathering 2016', '2016-11-02 16:04:41', '::1'),
(495, '00000000013', 'Edit Event', 'Family Gathering 2016', '2016-11-02 16:04:49', '::1'),
(496, '00000000013', 'Edit Event', 'Family Gathering 2016', '2016-11-02 16:06:05', '::1'),
(497, '00000000013', 'Edit Event', 'Family Gathering 2016', '2016-11-02 16:06:11', '::1'),
(498, '00000000013', 'Sign out', '', '2016-11-02 16:11:27', '::1'),
(499, '00000000013', 'Sign in', '', '2016-11-02 16:12:25', '::1'),
(500, '00000000013', 'Edit Event', 'Family Gathering 2016', '2016-11-02 16:17:48', '::1'),
(501, '00000000013', 'Edit Event', 'Family Gathering 2016', '2016-11-02 16:18:28', '::1'),
(502, '00000000013', 'Edit Event', 'Family Gathering 2016', '2016-11-02 16:24:24', '::1'),
(503, '00000000013', 'Edit Event', 'Family Gathering 2016', '2016-11-02 16:24:41', '::1'),
(504, '00000000013', 'Change date event', 'Family Gathering 2016', '2016-11-02 16:25:32', '::1'),
(505, '00000000013', 'Tambah Event', 'Coba Dilihat dulu', '2016-11-02 16:50:36', '::1'),
(506, '00000000013', 'Tambah Event', 'Training Networking Communication', '2016-11-02 16:59:20', '::1'),
(507, '00000000013', 'Edit Event', 'Training Networking Communication', '2016-11-02 16:59:50', '::1'),
(508, '00000000013', 'Tambah Event', 'Training Character Building', '2016-11-02 17:07:03', '::1'),
(509, '00000000013', 'Edit Event', 'Training Character Building', '2016-11-02 17:07:20', '::1'),
(510, '00000000013', 'Tambah Event', 'COBACOBA', '2016-11-02 17:11:33', '::1'),
(511, '00000000013', 'Edit Event', 'COBACOBA', '2016-11-02 17:16:45', '::1'),
(512, '00000000013', 'Edit Event', 'COBACOBA', '2016-11-02 17:17:08', '::1'),
(513, '00000000013', 'Sign in', '', '2016-11-03 11:40:33', '::1'),
(514, '00000000013', 'Tambah Event', 'event materi', '2016-11-03 14:16:56', '::1'),
(515, '00000000013', 'Sign in', '', '2016-11-03 14:40:48', '::1'),
(516, '00000000013', 'Sign in', '', '2016-11-03 14:43:03', '::1'),
(517, '00000000013', 'Sign in', '', '2016-11-03 14:45:21', '::1'),
(518, '00000000013', 'Proses Approval Event COBACOBA dengan no.memo', 'R-232/PNM-PPL/XI/2015', '2016-11-03 16:06:28', '::1'),
(519, '00000000013', 'Proses Approval Event Training Character Building dengan no.memo', 'A-222/PNM-PPI/XI/2016', '2016-11-03 16:07:24', '::1'),
(520, '00000000013', 'Proses Approval Event Training Character Building dengan no.memo', 'A-222/PNM-PPI/XI/2016', '2016-11-03 16:07:45', '::1'),
(521, '00000000013', 'Tambah Event', 'asdasdasd', '2016-11-03 17:44:55', '::1'),
(522, '00000000013', 'Edit Event', 'asdasdasd', '2016-11-03 17:47:21', '::1'),
(523, '00000000013', 'Edit Event', 'asdasdasd', '2016-11-03 17:49:55', '::1'),
(524, '00000000013', 'Tambah Event', 'Event ABCD', '2016-11-03 17:55:19', '::1'),
(525, '00000000013', 'Edit Event', 'Event ABCD', '2016-11-03 17:56:29', '::1'),
(526, '00000000013', 'Sign in', '', '2016-11-04 09:58:54', '::1'),
(527, '00000000013', 'Proses Approval Event Event ABCD dengan no.memo', 'A-232/PNM-AAS/XX/2016', '2016-11-04 10:03:42', '::1'),
(528, '00000000013', 'Proses Approval Event Event ABCD dengan no.memo', 'A-232/PNM-AAS/XX/2016', '2016-11-04 10:10:33', '::1'),
(529, '00000000013', 'Sign out', '', '2016-11-04 12:59:57', '::1'),
(530, '00000000013', 'Sign in', '', '2016-11-04 13:00:10', '::1');

-- --------------------------------------------------------

--
-- Struktur dari tabel `em_bisnis_unit`
--

CREATE TABLE `em_bisnis_unit` (
  `id` int(11) UNSIGNED ZEROFILL NOT NULL,
  `deskripsi` varchar(256) NOT NULL,
  `is_active` enum('active','disabled','deleted') NOT NULL,
  `created_by` int(11) UNSIGNED ZEROFILL NOT NULL,
  `created_date` datetime NOT NULL,
  `modified_by` int(11) UNSIGNED ZEROFILL DEFAULT NULL,
  `modified_date` datetime DEFAULT NULL
) ENGINE=InnoDB DEFAULT CHARSET=latin1;

--
-- Dumping data untuk tabel `em_bisnis_unit`
--

INSERT INTO `em_bisnis_unit` (`id`, `deskripsi`, `is_active`, `created_by`, `created_date`, `modified_by`, `modified_date`) VALUES
(00000000001, 'MKU', 'active', 00000000011, '2016-10-26 15:24:08', 00000000013, '2016-11-02 14:00:22'),
(00000000002, 'MKR', 'active', 00000000011, '2016-10-26 15:26:45', 00000000013, '2016-11-02 14:00:36'),
(00000000003, 'test bisnis unit 3', 'deleted', 00000000011, '2016-10-26 15:33:18', 00000000011, '2016-10-26 18:19:09');

-- --------------------------------------------------------

--
-- Struktur dari tabel `em_bisnis_unit_jabatan`
--

CREATE TABLE `em_bisnis_unit_jabatan` (
  `id` int(11) NOT NULL,
  `id_bisnis_unit` int(11) UNSIGNED ZEROFILL NOT NULL,
  `nama_jabatan` varchar(256) NOT NULL,
  `is_active` enum('active','disabled','deleted') NOT NULL,
  `created_by` int(11) UNSIGNED ZEROFILL NOT NULL,
  `created_date` datetime NOT NULL,
  `modified_by` int(11) UNSIGNED ZEROFILL DEFAULT NULL,
  `modified_date` datetime DEFAULT NULL
) ENGINE=InnoDB DEFAULT CHARSET=latin1;

--
-- Dumping data untuk tabel `em_bisnis_unit_jabatan`
--

INSERT INTO `em_bisnis_unit_jabatan` (`id`, `id_bisnis_unit`, `nama_jabatan`, `is_active`, `created_by`, `created_date`, `modified_by`, `modified_date`) VALUES
(1, 00000000001, 'Officer', 'active', 00000000011, '2016-10-26 15:26:05', 00000000013, '2016-11-02 14:01:16'),
(2, 00000000001, 'Manager', 'active', 00000000011, '2016-10-26 15:26:36', 00000000013, '2016-11-02 14:01:22'),
(3, 00000000003, 'test jabatan 2.1awdasd', 'deleted', 00000000011, '2016-10-26 15:26:58', 00000000011, '2016-10-26 18:19:09'),
(4, 00000000002, 'test jabatan 2.2', 'deleted', 00000000011, '2016-10-26 15:33:41', 00000000011, '2016-10-26 18:19:15'),
(5, 00000000002, 'Des A', 'active', 00000000013, '2016-11-02 14:01:00', NULL, NULL);

-- --------------------------------------------------------

--
-- Struktur dari tabel `em_cabang`
--

CREATE TABLE `em_cabang` (
  `id` int(10) UNSIGNED ZEROFILL NOT NULL,
  `nama_cabang` varchar(256) NOT NULL,
  `alamat_cabang` text NOT NULL,
  `no_telp` varchar(25) NOT NULL,
  `wilayah` enum('kantor pusat','wilayah barat','wilayah timur') NOT NULL,
  `is_active` enum('active','disabled','deleted') NOT NULL,
  `created_by` int(11) UNSIGNED ZEROFILL NOT NULL,
  `created_date` datetime NOT NULL,
  `modified_by` int(11) UNSIGNED ZEROFILL DEFAULT NULL,
  `modified_date` datetime DEFAULT NULL
) ENGINE=InnoDB DEFAULT CHARSET=latin1;

--
-- Dumping data untuk tabel `em_cabang`
--

INSERT INTO `em_cabang` (`id`, `nama_cabang`, `alamat_cabang`, `no_telp`, `wilayah`, `is_active`, `created_by`, `created_date`, `modified_by`, `modified_date`) VALUES
(0000000003, 'coba', 'datacoba', '123123', 'kantor pusat', 'deleted', 00093190615, '2016-10-06 17:57:36', 00093190615, '2016-10-06 20:02:27'),
(0000000004, 'asdad tggggsd ererer', 'asdasd', '1231323323', 'kantor pusat', 'deleted', 00093190615, '2016-10-06 17:59:05', 00093190615, '2016-10-06 19:47:30'),
(0000000005, 'Pekanbaru', 'Jalan Sawangan Raya no.5', '123123', 'wilayah timur', 'active', 00093190615, '2016-10-06 18:01:17', 00000890600, '2016-10-07 13:50:32'),
(0000000006, 'Riau', 'Jalan Riau Estate ', '55522133', 'wilayah barat', 'active', 00093190615, '2016-10-06 18:01:59', 00000890600, '2016-10-07 13:50:54'),
(0000000007, 'fdgdfgd', 'asdasd', '213123', 'kantor pusat', 'deleted', 00093190615, '2016-10-06 18:02:50', 00093190615, '2016-10-06 19:54:47'),
(0000000008, '123123 12313123', 'adasdasd  asdasd sdfsdfs', '1123', 'wilayah barat', 'deleted', 00093190615, '2016-10-06 18:07:16', 00093190615, '2016-10-06 19:56:36'),
(0000000009, 'fasfaf', 'asdsad', '123123', 'wilayah timur', 'deleted', 00093190615, '2016-10-06 18:07:41', 00093190615, '2016-10-06 19:53:04'),
(0000000010, 'jghjghj', 'asdasd', '123123', 'wilayah barat', 'deleted', 00093190615, '2016-10-06 18:14:23', 00093190615, '2016-10-06 19:59:02'),
(0000000011, 'coba satu dua', '123123', '123123', 'wilayah barat', 'deleted', 00093190615, '2016-10-06 18:40:49', 00093190615, '2016-10-06 20:02:36'),
(0000000012, 'jghjghrt', 'dad', '123123', 'wilayah timur', 'deleted', 00093190615, '2016-10-06 18:43:04', 00093190615, '2016-10-06 19:56:27'),
(0000000013, 'Bandung', 'Jl. Setiabudi No.2', '66299212', 'wilayah timur', 'active', 00093190615, '2016-10-06 18:51:22', 00000890600, '2016-10-07 13:51:48'),
(0000000014, 'Balikpapan', 'Jalan Balikpapan Raya no.24', '8833234', 'wilayah barat', 'disabled', 00093190615, '2016-10-06 19:17:58', 00000890600, '2016-10-07 13:51:18'),
(0000000015, 'coba lagi', '1231231', '123123', 'wilayah timur', 'deleted', 00093190615, '2016-10-06 19:58:13', 00093190615, '2016-10-06 20:02:33'),
(0000000016, 'test nama cabang', 'jalan', '12313123123', 'wilayah barat', 'active', 00083521114, '2016-10-07 18:54:51', NULL, NULL);

-- --------------------------------------------------------

--
-- Struktur dari tabel `em_divisi`
--

CREATE TABLE `em_divisi` (
  `id` int(11) NOT NULL,
  `nama_divisi` varchar(256) NOT NULL,
  `is_active` enum('active','disabled','deleted') NOT NULL,
  `created_by` int(11) UNSIGNED ZEROFILL NOT NULL,
  `created_date` datetime NOT NULL,
  `modified_by` int(11) UNSIGNED ZEROFILL DEFAULT NULL,
  `modified_date` datetime DEFAULT NULL
) ENGINE=InnoDB DEFAULT CHARSET=latin1;

--
-- Dumping data untuk tabel `em_divisi`
--

INSERT INTO `em_divisi` (`id`, `nama_divisi`, `is_active`, `created_by`, `created_date`, `modified_by`, `modified_date`) VALUES
(1, 'PPL 1', 'active', 00096490815, '2016-10-07 11:07:21', 00096490815, '2016-10-07 11:10:23'),
(2, 'PPI', 'active', 00096490815, '2016-10-07 11:07:31', NULL, NULL),
(3, 'Coba 123', 'deleted', 00096490815, '2016-10-07 11:10:36', 00096490815, '2016-10-07 11:11:13'),
(4, 'IT', 'disabled', 00000890600, '2016-10-07 13:52:12', 00000890600, '2016-10-07 14:35:00'),
(5, 'Coba 123', 'deleted', 00093190615, '2016-10-07 16:51:25', 00093190615, '2016-10-07 16:51:30'),
(6, 'Coba divisi 1', 'active', 00083521114, '2016-10-07 18:53:45', 00083521114, '2016-10-07 18:54:13');

-- --------------------------------------------------------

--
-- Struktur dari tabel `em_email_template`
--

CREATE TABLE `em_email_template` (
  `id` int(11) NOT NULL,
  `judul` varchar(256) NOT NULL,
  `tipe` enum('temp_feedback') NOT NULL,
  `email_subject` varchar(256) NOT NULL,
  `email_body` text NOT NULL,
  `is_active` enum('active','disabled','deleted') NOT NULL,
  `created_by` int(10) UNSIGNED ZEROFILL NOT NULL,
  `created_date` datetime NOT NULL,
  `modified_by` int(10) UNSIGNED ZEROFILL DEFAULT NULL,
  `modified_date` datetime DEFAULT NULL
) ENGINE=InnoDB DEFAULT CHARSET=latin1;

--
-- Dumping data untuk tabel `em_email_template`
--

INSERT INTO `em_email_template` (`id`, `judul`, `tipe`, `email_subject`, `email_body`, `is_active`, `created_by`, `created_date`, `modified_by`, `modified_date`) VALUES
(1, 'Title Email Feedback', 'temp_feedback', 'Subject Email Feedback', '<p>Keterangan Nama: {fullname}</p>												<br>										<p>Keterangan Event: {event}</p>														<br>										<p>Keterangan URL Feedback: {url}</p>', 'active', 0000000001, '2016-10-22 00:00:00', NULL, NULL);

-- --------------------------------------------------------

--
-- Struktur dari tabel `em_event`
--

CREATE TABLE `em_event` (
  `id` int(10) UNSIGNED ZEROFILL NOT NULL,
  `id_event` varchar(256) NOT NULL,
  `nomor_memo` varchar(256) NOT NULL,
  `nama_event` varchar(256) NOT NULL,
  `topik_event` varchar(256) NOT NULL,
  `lokasi_kerja` varchar(256) DEFAULT NULL,
  `mulai_tanggal_pelaksanaan` date NOT NULL,
  `selesai_tanggal_pelaksanaan` date NOT NULL,
  `id_kategori_tempat_pelaksanaan` int(10) UNSIGNED ZEROFILL NOT NULL COMMENT 'kategori tempat pelaksanaannya. seperti hotel, dsb.',
  `nama_tempat` text NOT NULL COMMENT 'nama tempat pelaksanaannya',
  `id_program_anggaran` int(10) UNSIGNED ZEROFILL NOT NULL,
  `latitude` varchar(256) DEFAULT NULL,
  `longitude` varchar(256) DEFAULT NULL,
  `target_sasaran` varchar(256) NOT NULL,
  `id_kategori_event` int(10) UNSIGNED ZEROFILL NOT NULL COMMENT 'jenis event yang ingin diajukan. contoh : exam/training/dsb.',
  `id_tipe_pelatihan` int(10) UNSIGNED ZEROFILL DEFAULT NULL COMMENT 'tipe pelatihan apabila memilih event kategori training',
  `dengan_exam` varchar(10) DEFAULT NULL COMMENT 'jika memilih event training, menggunakan exam atau tidak',
  `jumlah_peserta` int(11) DEFAULT NULL,
  `uang_muka` bigint(20) DEFAULT NULL,
  `total_rab` bigint(20) DEFAULT NULL,
  `is_active` enum('active','deleted') NOT NULL,
  `created_by` int(11) NOT NULL,
  `created_date` datetime NOT NULL,
  `modified_by` int(11) DEFAULT NULL,
  `modified_date` datetime DEFAULT NULL,
  `status_event` enum('draft','submitted','cancelled by user','approved_atasan','aprroved_valid','approved_pusat','rejected_atasan','rejected_valid','rejected_pusat') NOT NULL
) ENGINE=InnoDB DEFAULT CHARSET=latin1;

--
-- Dumping data untuk tabel `em_event`
--

INSERT INTO `em_event` (`id`, `id_event`, `nomor_memo`, `nama_event`, `topik_event`, `lokasi_kerja`, `mulai_tanggal_pelaksanaan`, `selesai_tanggal_pelaksanaan`, `id_kategori_tempat_pelaksanaan`, `nama_tempat`, `id_program_anggaran`, `latitude`, `longitude`, `target_sasaran`, `id_kategori_event`, `id_tipe_pelatihan`, `dengan_exam`, `jumlah_peserta`, `uang_muka`, `total_rab`, `is_active`, `created_by`, `created_date`, `modified_by`, `modified_date`, `status_event`) VALUES
(0000000003, '1HKETJQOVD1478019600', 'X-123/PNM-XXX/AS/2312', 'Family Gathering 2016', 'Indahnya kebersamaan', '', '2016-08-01', '2016-08-04', 0000000002, 'Indonesia sss', 0000000003, '-0.789275', '113.92132700000002', 'Officer;Manager', 0000000002, 0000000001, '', 2, 0, 0, 'active', 13, '2016-11-02 14:33:50', 13, '2016-11-02 16:25:31', 'submitted'),
(0000000004, 'LRO01GOVFI1478019600', 'A-232/PNM-ASS/XX/2016', 'Coba Dilihat dulu', 'sambil di test nih', '', '2016-11-06', '2016-11-08', 0000000002, 'jakarta', 0000000003, '-6.2087634', '106.84559899999999', 'Officer;Manager', 0000000004, 0000000000, '', 4, 0, 3060000, 'active', 13, '2016-11-02 16:50:36', NULL, NULL, 'draft'),
(0000000006, 'FWKGI9EDBJ1478019600', 'A-222/PNM-PPI/XI/2016', 'Training Character Building', 'Public speaking', '', '2016-11-24', '2016-11-25', 0000000002, 'Indonesia', 0000000003, '-0.789275', '113.92132700000002', 'Des A;Officer', 0000000001, 0000000004, 'tidak', 9, 0, 1400000, 'active', 13, '2016-11-02 17:07:02', 13, '2016-11-03 16:07:45', 'approved_pusat'),
(0000000007, 'ALYOD5WQY21478019600', 'R-232/PNM-PPL/XI/2015', 'COBACOBA', 'KOKOKO 1111', '', '2016-11-19', '2016-11-26', 0000000002, 'Indonesia', 0000000003, '-0.789275', '113.92132700000002', 'Des A', 0000000001, 0000000008, 'tidak', 9, 0, 600000, 'active', 13, '2016-11-02 17:11:33', 13, '2016-11-03 16:06:28', 'rejected_atasan'),
(0000000008, '5XCTZNBGQZ1478106000', 'coba trainer dengan materi', 'event materi', 'topik materi', '', '2016-11-07', '2016-11-08', 0000000002, 'Indonesia', 0000000003, '-0.789275', '113.92132700000002', 'Manager;Officer', 0000000004, 0000000000, '', 3, 0, 240000, 'active', 13, '2016-11-03 14:16:56', NULL, NULL, 'draft'),
(0000000009, 'O6QV07LSZI1478106000', 'a-213/PNM-asd/as/1231', 'asdasdasd', 'asdasdsad', '', '2016-11-06', '2016-11-08', 0000000002, 'adadad', 0000000003, '', '', 'Officer;Manager', 0000000004, 0000000001, '', 81, 0, 46100, 'active', 13, '2016-11-03 17:44:55', 13, '2016-11-03 17:49:55', 'submitted'),
(0000000010, 'PZWHEVNBLK1478106000', 'A-232/PNM-AAS/XX/2016', 'Event ABCD', 'ABCDEFG HIJKL', '', '2016-11-06', '2016-11-09', 0000000003, 'Indonesia', 0000000003, '-0.789275', '113.92132700000002', 'Officer;Manager', 0000000004, 0000000001, '', 166, 0, 20000, 'active', 13, '2016-11-03 17:55:19', 13, '2016-11-04 10:10:33', 'approved_pusat');

-- --------------------------------------------------------

--
-- Struktur dari tabel `em_event_approval`
--

CREATE TABLE `em_event_approval` (
  `id` int(11) NOT NULL,
  `id_approval` varchar(255) DEFAULT NULL,
  `id_event` varchar(255) NOT NULL,
  `tingkat_approval` enum('atasan','pusat') NOT NULL,
  `rab_disetujui` bigint(20) DEFAULT NULL,
  `catatan` text NOT NULL,
  `persetujuan` enum('approved','rejected') NOT NULL,
  `is_active` enum('active','disabled','deleted') NOT NULL,
  `created_by` int(10) UNSIGNED ZEROFILL NOT NULL,
  `created_date` datetime NOT NULL,
  `modified_by` int(10) UNSIGNED ZEROFILL DEFAULT NULL,
  `modified_date` datetime DEFAULT NULL
) ENGINE=InnoDB DEFAULT CHARSET=latin1;

--
-- Dumping data untuk tabel `em_event_approval`
--

INSERT INTO `em_event_approval` (`id`, `id_approval`, `id_event`, `tingkat_approval`, `rab_disetujui`, `catatan`, `persetujuan`, `is_active`, `created_by`, `created_date`, `modified_by`, `modified_date`) VALUES
(1, 'ALYOD5WQY21478019600ap-1', 'ALYOD5WQY21478019600', 'atasan', NULL, '<p>tst</p>\r\n', 'rejected', 'active', 0000000013, '2016-11-03 16:06:28', NULL, NULL),
(2, 'FWKGI9EDBJ1478019600ap-1', 'FWKGI9EDBJ1478019600', 'atasan', NULL, '<p>test</p>\r\n', 'approved', 'active', 0000000013, '2016-11-03 16:07:24', NULL, NULL),
(3, 'FWKGI9EDBJ1478019600ap-2', 'FWKGI9EDBJ1478019600', 'pusat', 10000000, '<p>ok</p>\r\n', '', 'active', 0000000013, '2016-11-03 16:07:44', NULL, NULL),
(4, 'PZWHEVNBLK1478106000ap-1', 'PZWHEVNBLK1478106000', 'atasan', NULL, '<p>ok</p>\r\n', 'approved', 'active', 0000000013, '2016-11-04 10:03:42', NULL, NULL),
(5, 'PZWHEVNBLK1478106000ap-2', 'PZWHEVNBLK1478106000', 'pusat', 1000000, '<p>oks</p>\r\n', '', 'active', 0000000013, '2016-11-04 10:10:32', NULL, NULL);

-- --------------------------------------------------------

--
-- Struktur dari tabel `em_event_approval_files`
--

CREATE TABLE `em_event_approval_files` (
  `id` int(11) NOT NULL,
  `id_event_approval` varchar(255) NOT NULL,
  `nama_file` varchar(255) NOT NULL,
  `jenis_file` varchar(100) NOT NULL,
  `created_by` int(10) UNSIGNED ZEROFILL NOT NULL,
  `created_date` datetime NOT NULL,
  `modified_by` int(10) UNSIGNED ZEROFILL DEFAULT NULL,
  `modified_date` datetime DEFAULT NULL,
  `is_active` enum('active','disabled','deleted') NOT NULL
) ENGINE=InnoDB DEFAULT CHARSET=latin1;

--
-- Dumping data untuk tabel `em_event_approval_files`
--

INSERT INTO `em_event_approval_files` (`id`, `id_event_approval`, `nama_file`, `jenis_file`, `created_by`, `created_date`, `modified_by`, `modified_date`, `is_active`) VALUES
(1, 'FWKGI9EDBJ1478019600ap-2', 'FWKGI9EDBJ1478019600ap-2_20161103at160745_getsso_aplikasi_terkait.jpg', 'image/jpeg', 0000000013, '2016-11-03 16:07:45', NULL, NULL, 'active'),
(2, 'PZWHEVNBLK1478106000ap-2', 'PZWHEVNBLK1478106000ap-2_20161104at101032_getsso_aplikasi_terkait.jpg', 'image/jpeg', 0000000013, '2016-11-04 10:10:32', NULL, NULL, 'active');

-- --------------------------------------------------------

--
-- Struktur dari tabel `em_event_changedate`
--

CREATE TABLE `em_event_changedate` (
  `id` int(11) NOT NULL,
  `id_event` varchar(255) NOT NULL,
  `start_date` date NOT NULL,
  `end_date` date NOT NULL,
  `change_start_date` date NOT NULL,
  `change_end_date` date NOT NULL,
  `times` int(11) NOT NULL COMMENT 'counting change time',
  `created_by` int(11) UNSIGNED ZEROFILL NOT NULL,
  `created_date` datetime NOT NULL,
  `modified_by` int(11) DEFAULT NULL,
  `modified_date` datetime DEFAULT NULL,
  `is_active` enum('active','disabled','deleted') NOT NULL
) ENGINE=InnoDB DEFAULT CHARSET=latin1;

--
-- Dumping data untuk tabel `em_event_changedate`
--

INSERT INTO `em_event_changedate` (`id`, `id_event`, `start_date`, `end_date`, `change_start_date`, `change_end_date`, `times`, `created_by`, `created_date`, `modified_by`, `modified_date`, `is_active`) VALUES
(1, '1HKETJQOVD1478019600', '2016-11-12', '2016-11-16', '2016-08-01', '2016-08-04', 0, 00000000013, '2016-11-02 16:25:32', NULL, NULL, 'active');

-- --------------------------------------------------------

--
-- Struktur dari tabel `em_event_exam`
--

CREATE TABLE `em_event_exam` (
  `id` int(11) NOT NULL,
  `id_event` varchar(255) NOT NULL,
  `id_exam` int(11) NOT NULL,
  `tipe_exam` varchar(100) DEFAULT NULL,
  `id_jadwal_exam` int(11) NOT NULL,
  `judul_exam` varchar(255) NOT NULL,
  `kategori_exam` varchar(255) NOT NULL,
  `is_active` enum('active','disabled','deleted') NOT NULL,
  `created_by` int(11) NOT NULL,
  `created_date` datetime NOT NULL,
  `modified_by` int(11) DEFAULT NULL,
  `modified_date` datetime DEFAULT NULL
) ENGINE=InnoDB DEFAULT CHARSET=latin1;

--
-- Dumping data untuk tabel `em_event_exam`
--

INSERT INTO `em_event_exam` (`id`, `id_event`, `id_exam`, `tipe_exam`, `id_jadwal_exam`, `judul_exam`, `kategori_exam`, `is_active`, `created_by`, `created_date`, `modified_by`, `modified_date`) VALUES
(31, '1HKETJQOVD1478019600', 1, 'post test|', 1, 'Marketing Basic', 'Private', 'active', 13, '2016-11-02 16:24:40', NULL, NULL);

-- --------------------------------------------------------

--
-- Struktur dari tabel `em_event_listpeserta`
--

CREATE TABLE `em_event_listpeserta` (
  `id` int(10) UNSIGNED ZEROFILL NOT NULL,
  `id_event` varchar(256) NOT NULL,
  `idsdm` varchar(256) NOT NULL,
  `nik` varchar(256) NOT NULL,
  `nama` varchar(256) NOT NULL,
  `posisi` varchar(256) NOT NULL,
  `unit_kerja` varchar(255) NOT NULL,
  `created_by` int(10) UNSIGNED ZEROFILL NOT NULL,
  `created_date` date NOT NULL,
  `modified_by` int(10) UNSIGNED ZEROFILL DEFAULT NULL,
  `modified_date` date DEFAULT NULL,
  `is_active` enum('active','disabled','deleted') NOT NULL
) ENGINE=InnoDB DEFAULT CHARSET=latin1;

--
-- Dumping data untuk tabel `em_event_listpeserta`
--

INSERT INTO `em_event_listpeserta` (`id`, `id_event`, `idsdm`, `nik`, `nama`, `posisi`, `unit_kerja`, `created_by`, `created_date`, `modified_by`, `modified_date`, `is_active`) VALUES
(0000000023, '1HKETJQOVD1478019600', '38B636D94B1CA3B1F2532DB740DA446C', '9649.08.15', 'Andika Permana Putra Purba', 'Officer Aplication Developer', '', 0000000013, '2016-11-02', NULL, NULL, 'active'),
(0000000024, '1HKETJQOVD1478019600', 'ECD2FD56BAAA7D522748DB3BA18CB79B', '9319.06.15', 'Ilham Hidayat', 'Officer IT Development', '', 0000000013, '2016-11-02', NULL, NULL, 'active'),
(0000000025, 'LRO01GOVFI1478019600', 'D4D436C891D25E2D38E0C1612A9C1C91', '11093.03.16', 'Risca Agustini', 'Area Manager Tangerang Barat', '', 0000000013, '2016-11-02', NULL, NULL, 'active'),
(0000000026, 'LRO01GOVFI1478019600', '10F88EE74116E0D8991339AA7A27AD25', '10779.02.16', 'Istiqomah', 'Area Manager Madura - Sumenep', '', 0000000013, '2016-11-02', NULL, NULL, 'active'),
(0000000027, 'LRO01GOVFI1478019600', 'F2BA57360E4DFC13E5869C6CC9D77FDB', '11103.02.16', 'Nunu Siti Fatimah', 'Area Manager Sumedang Selatan', '', 0000000013, '2016-11-02', NULL, NULL, 'active'),
(0000000028, 'LRO01GOVFI1478019600', '1C11F2B01A232893D3464E50F9A00D0E', '11070.04.16', 'Cutrisni', 'Area Manager Sumedang Utara', '', 0000000013, '2016-11-02', NULL, NULL, 'active'),
(0000000054, 'FWKGI9EDBJ1478019600', '48BD28C62468F88CE63FA6C09AE53EBF', '11905.07.16', 'Risky Handayani', 'Area Manajer Bandar Lampung', '', 0000000013, '2016-11-02', NULL, NULL, 'active'),
(0000000055, 'FWKGI9EDBJ1478019600', 'C0A40529E71FAB0CF898BE05EFAEF8B8', '10806.02.16', 'Cecem Taufik', 'Area Manager Subang & Kalijati', '', 0000000013, '2016-11-02', NULL, NULL, 'active'),
(0000000056, 'FWKGI9EDBJ1478019600', '38711478783A5A383FC2C9D671182834', '9963.09.15', 'Sukarja', 'Area Manager DKI Jakarta', '', 0000000013, '2016-11-02', NULL, NULL, 'active'),
(0000000057, 'FWKGI9EDBJ1478019600', '847D05E1340EDFA68E01B450D299B878', '11335.04.16', 'Dwi Retno Sari', 'Area Manager Tasikmalaya', '', 0000000013, '2016-11-02', NULL, NULL, 'active'),
(0000000058, 'FWKGI9EDBJ1478019600', '256EC73DA11A6F7EF3309C2B98888D56', '11104.03.16', 'Shany Cindy Riana', 'Area Manager Purbalingga', '', 0000000013, '2016-11-02', NULL, NULL, 'active'),
(0000000059, 'FWKGI9EDBJ1478019600', '20958D9C4610DC622816F740C0D717E8', '11452.04.16', 'Nurul Jannah', 'Area Manajer Bandung Kota', '', 0000000013, '2016-11-02', NULL, NULL, 'active'),
(0000000060, 'FWKGI9EDBJ1478019600', 'D4D436C891D25E2D38E0C1612A9C1C91', '11093.03.16', 'Risca Agustini', 'Area Manager Tangerang Barat', '', 0000000013, '2016-11-02', NULL, NULL, 'active'),
(0000000061, 'FWKGI9EDBJ1478019600', '10F88EE74116E0D8991339AA7A27AD25', '10779.02.16', 'Istiqomah', 'Area Manager Madura - Sumenep', '', 0000000013, '2016-11-02', NULL, NULL, 'active'),
(0000000062, 'FWKGI9EDBJ1478019600', 'F2BA57360E4DFC13E5869C6CC9D77FDB', '11103.02.16', 'Nunu Siti Fatimah', 'Area Manager Sumedang Selatan', '', 0000000013, '2016-11-02', NULL, NULL, 'active'),
(0000000081, 'ALYOD5WQY21478019600', 'DA1EAD5185916B9A048D8DB2C596AF93', '1419.03.09', 'Zoelfan Azmir', 'Kepala Pembina dan Monitoring Cabang', '', 0000000013, '2016-11-02', NULL, NULL, 'active'),
(0000000082, 'ALYOD5WQY21478019600', 'D74FBCAB787FA8248A066B6FCA2F199C', '721.10.09', 'Gatot Efdi Saputra', 'Officer Legal dan Appraisal Cabang', '', 0000000013, '2016-11-02', NULL, NULL, 'active'),
(0000000083, 'ALYOD5WQY21478019600', 'FDAEDAF5B303180CAEB969F61EBB4DA0', '462.06.07', 'Faisal Gadeng', 'Kepala Keuangan dan Operasional Cabang', '', 0000000013, '2016-11-02', NULL, NULL, 'active'),
(0000000084, 'ALYOD5WQY21478019600', '56187237F03F7D3226BAC9BC355F4A32', '4578.01.16.M', 'M Rizki', 'Office Boy', '', 0000000013, '2016-11-02', NULL, NULL, 'active'),
(0000000085, 'ALYOD5WQY21478019600', '182AC611BFEE63679316B1D59F98EE31', '992.06.12', 'Sri Rezeki Kharlina', 'Staf Keuangan Cabang', '', 0000000013, '2016-11-02', NULL, NULL, 'active'),
(0000000086, 'ALYOD5WQY21478019600', '088E55FD581EE3A4305AF3FC24854E9C', '678.05.09', 'Muhammad Wazir', 'Kepala Bisnis Cabang', '', 0000000013, '2016-11-02', NULL, NULL, 'active'),
(0000000087, 'ALYOD5WQY21478019600', '5A6E2725EE3406D3F54DE96DDFBECD15', '5088.05.16.M', 'Ziaul Ikmal', 'Driver', '', 0000000013, '2016-11-02', NULL, NULL, 'active'),
(0000000088, 'ALYOD5WQY21478019600', 'E51288F5C13774BB3CD178592045D7D8', '3824.01.15.M', 'Munawar', 'Driver', '', 0000000013, '2016-11-02', NULL, NULL, 'active'),
(0000000089, 'ALYOD5WQY21478019600', 'BDB185ADF2D3CE8913D8278171B38B17', '8397.12.14', 'Nuriyana Marsela', 'Staf Operasional Cabang', '', 0000000013, '2016-11-02', NULL, NULL, 'active'),
(0000000090, '5XCTZNBGQZ1478106000', '20D6EB8F2A2C270F51A28297FEC61440', 'MKR0050.01.16', 'IRWAN ZACKY', 'Auditor Area Jawa Barat', '', 0000000013, '2016-11-03', NULL, NULL, 'active'),
(0000000091, '5XCTZNBGQZ1478106000', 'EE6C13783F449DB5489DCABC60436E2F', 'MKR0043.01.16', 'YAYANG IQBAL', 'Area Manager Bogor - Cianjur', '', 0000000013, '2016-11-03', NULL, NULL, 'active'),
(0000000092, '5XCTZNBGQZ1478106000', 'DA272D7FCB7ADEFF251E1C52760506C7', 'MKR0032.01.16', 'SOVENDA SEPTA HASTOYO', 'Area Manager Solo', '', 0000000013, '2016-11-03', NULL, NULL, 'active'),
(0000000177, 'O6QV07LSZI1478106000', '7CC00CE678EA3C34F6293E89E704FD09', '2423.08.10', 'Muhammad Asyidin', 'Staf Reviewer Cabang Aceh', '', 0000000013, '2016-11-03', NULL, NULL, 'active'),
(0000000178, 'O6QV07LSZI1478106000', 'C047F664295330E197E602C30DB3C831', '1944.01.10', 'Indra Irawan', 'Pj. Pemimpin Cabang', '', 0000000013, '2016-11-03', NULL, NULL, 'active'),
(0000000179, 'O6QV07LSZI1478106000', 'ABBDF5B150B20CFA2D867B730BC54B3B', '6576.09.13', 'T Mohd Fahrizal', 'Staf IT Cabang', '', 0000000013, '2016-11-03', NULL, NULL, 'active'),
(0000000180, 'O6QV07LSZI1478106000', 'DA1EAD5185916B9A048D8DB2C596AF93', '1419.03.09', 'Zoelfan Azmir', 'Kepala Pembina dan Monitoring Cabang', '', 0000000013, '2016-11-03', NULL, NULL, 'active'),
(0000000181, 'O6QV07LSZI1478106000', 'D74FBCAB787FA8248A066B6FCA2F199C', '721.10.09', 'Gatot Efdi Saputra', 'Officer Legal dan Appraisal Cabang', '', 0000000013, '2016-11-03', NULL, NULL, 'active'),
(0000000182, 'O6QV07LSZI1478106000', 'FDAEDAF5B303180CAEB969F61EBB4DA0', '462.06.07', 'Faisal Gadeng', 'Kepala Keuangan dan Operasional Cabang', '', 0000000013, '2016-11-03', NULL, NULL, 'active'),
(0000000183, 'O6QV07LSZI1478106000', '56187237F03F7D3226BAC9BC355F4A32', '4578.01.16.M', 'M Rizki', 'Office Boy', '', 0000000013, '2016-11-03', NULL, NULL, 'active'),
(0000000184, 'O6QV07LSZI1478106000', '182AC611BFEE63679316B1D59F98EE31', '992.06.12', 'Sri Rezeki Kharlina', 'Staf Keuangan Cabang', '', 0000000013, '2016-11-03', NULL, NULL, 'active'),
(0000000185, 'O6QV07LSZI1478106000', '088E55FD581EE3A4305AF3FC24854E9C', '678.05.09', 'Muhammad Wazir', 'Kepala Bisnis Cabang', '', 0000000013, '2016-11-03', NULL, NULL, 'active'),
(0000000186, 'O6QV07LSZI1478106000', '5A6E2725EE3406D3F54DE96DDFBECD15', '5088.05.16.M', 'Ziaul Ikmal', 'Driver', '', 0000000013, '2016-11-03', NULL, NULL, 'active'),
(0000000187, 'O6QV07LSZI1478106000', 'E51288F5C13774BB3CD178592045D7D8', '3824.01.15.M', 'Munawar', 'Driver', '', 0000000013, '2016-11-03', NULL, NULL, 'active'),
(0000000188, 'O6QV07LSZI1478106000', 'BDB185ADF2D3CE8913D8278171B38B17', '8397.12.14', 'Nuriyana Marsela', 'Staf Operasional Cabang', '', 0000000013, '2016-11-03', NULL, NULL, 'active'),
(0000000189, 'O6QV07LSZI1478106000', 'EF5EC9334419D82FA9B973175F862708', '6231.07.13', 'Sri Nazariati', 'Staf Operasional Cabang', '', 0000000013, '2016-11-03', NULL, NULL, 'active'),
(0000000190, 'O6QV07LSZI1478106000', 'BFB2BE2A445372C19EA79D67A0F356E9', '1185.11.12', 'Cut Suryati', 'Staf PPI Cabang', '', 0000000013, '2016-11-03', NULL, NULL, 'active'),
(0000000191, 'O6QV07LSZI1478106000', '859F60691DABA2AEB0F6D59882EED869', '2319.05.10', 'Said Barzah', 'Pj. Kepala Remedial Cabang', '', 0000000013, '2016-11-03', NULL, NULL, 'active'),
(0000000192, 'O6QV07LSZI1478106000', '9E7DA4C0944964FD50CC88469028C3EA', '8483.12.14', 'Iqbal', 'Staf Remedial Cabang', '', 0000000013, '2016-11-03', NULL, NULL, 'active'),
(0000000193, 'O6QV07LSZI1478106000', '31968B52CC76F9F762DD0EF6325EED00', '11286.04.16', 'Rahmad Akbar', 'Staf Remedial Cabang', '', 0000000013, '2016-11-03', NULL, NULL, 'active'),
(0000000194, 'O6QV07LSZI1478106000', '1E060F2671F502FEABA21D3790278134', '2321.05.10', 'Fadlurrahmat', 'Officer Bisnis dan Portofolio Cabang', '', 0000000013, '2016-11-03', NULL, NULL, 'active'),
(0000000195, 'O6QV07LSZI1478106000', '701F06DDC82E007CEE36E6C6620DC2BF', '8656.02.15', 'Rafiqah', 'Staf Jasa Manajemen, PKR, dan PKA Cabang', '', 0000000013, '2016-11-03', NULL, NULL, 'active'),
(0000000196, 'O6QV07LSZI1478106000', '1F49986E88CC3EB5192A46B60DB3E628', '1316.02.09', 'Abdullah', 'Officer Reviewer Cabang Aceh', '', 0000000013, '2016-11-03', NULL, NULL, 'active'),
(0000000197, 'O6QV07LSZI1478106000', 'A2B07B9FB52513DBEDA97315A46DA7C4', '12275.07.16', 'Miswar', 'Kolektor Unit', '', 0000000013, '2016-11-03', NULL, NULL, 'active'),
(0000000198, 'O6QV07LSZI1478106000', 'D799E35519FD0F2D1E333E7E9C13933A', '12475.08.16', 'Murdahlan', 'Kolektor Unit', '', 0000000013, '2016-11-03', NULL, NULL, 'active'),
(0000000199, 'O6QV07LSZI1478106000', 'C597D91834B3D15CCA4326E2E6B241AC', '3661.10.11', 'Putra Muchsinin', 'Analis Pembiayaan Unit', '', 0000000013, '2016-11-03', NULL, NULL, 'active'),
(0000000200, 'O6QV07LSZI1478106000', 'C251BAE4D7B3DBABED15F55E92BEB59D', '3049.01.11', 'Reyhansyah', 'Manajer Unit', '', 0000000013, '2016-11-03', NULL, NULL, 'active'),
(0000000201, 'O6QV07LSZI1478106000', '8976C598045C16288AB269DFAF5CFF74', '12518.09.16', 'Feri Muliadi', 'SMART TP', '', 0000000013, '2016-11-03', NULL, NULL, 'active'),
(0000000202, 'O6QV07LSZI1478106000', 'ED4A33B2149FC9014AE4D8503D7084D3', '4443.11.15.M', 'Putri Reihan Niza', 'Kasir Unit', '', 0000000013, '2016-11-03', NULL, NULL, 'active'),
(0000000203, 'O6QV07LSZI1478106000', 'FFB71A7365A42383BEF79203E42D04D5', '12657.09.16', 'Ali Harun', 'Marketing Unit', '', 0000000013, '2016-11-03', NULL, NULL, 'active'),
(0000000204, 'O6QV07LSZI1478106000', 'A8622AC036F4A66BC333202382CD9788', '9726.08.15', 'Shinta', 'Marketing Unit', '', 0000000013, '2016-11-03', NULL, NULL, 'active'),
(0000000205, 'O6QV07LSZI1478106000', '6068F45077A7261DA08F915F33FE25CE', '870.01.11.M', 'Rika Marini', 'Operasional Unit', '', 0000000013, '2016-11-03', NULL, NULL, 'active'),
(0000000206, 'O6QV07LSZI1478106000', '8D636C5A14A7672F99CD40CF0F55D6CE', '9562.07.15', 'Raihan', 'Kolektor Unit', '', 0000000013, '2016-11-03', NULL, NULL, 'active'),
(0000000207, 'O6QV07LSZI1478106000', '89861010E1E6625D4F0F44AA05BDDFB0', '12642.09.16', 'M Rani', 'Kolektor Unit', '', 0000000013, '2016-11-03', NULL, NULL, 'active'),
(0000000208, 'O6QV07LSZI1478106000', '5962B1546BC623A04C1571B0F296A19A', '10667.12.15', 'Supriadi', 'Kolektor Unit', '', 0000000013, '2016-11-03', NULL, NULL, 'active'),
(0000000209, 'O6QV07LSZI1478106000', '9E96B9188B1A60E06E2B985D46D6899D', '11592.04.16', 'Teguh Suharno Putra', 'Marketing Unit', '', 0000000013, '2016-11-03', NULL, NULL, 'active'),
(0000000210, 'O6QV07LSZI1478106000', 'A51E27D96BF83C8EDFC970AAEF4BBE7A', '9107.05.15', 'Jul Effendi', 'Marketing Unit', '', 0000000013, '2016-11-03', NULL, NULL, 'active'),
(0000000211, 'O6QV07LSZI1478106000', 'BD8690BA845C9566E155B8AAE0E2AA6D', '11450.04.16', 'Sri Partiwi', 'Marketing Unit', '', 0000000013, '2016-11-03', NULL, NULL, 'active'),
(0000000212, 'O6QV07LSZI1478106000', '9817F772A32C52FB6987DB3FA55E6231', '8185.10.14', 'Fauzi', 'Analis Pembiayaan Unit', '', 0000000013, '2016-11-03', NULL, NULL, 'active'),
(0000000213, 'O6QV07LSZI1478106000', '170A9D6E82CE8A77981C85DEF7E5058C', '2318.05.10', 'Ivan Supriadi', 'Manajer Unit', '', 0000000013, '2016-11-03', NULL, NULL, 'active'),
(0000000214, 'O6QV07LSZI1478106000', '45DD5F0AEC4006A94060070516D94A8B', '2075.09.16.M', 'Fitriani', 'Kasir Unit', '', 0000000013, '2016-11-03', NULL, NULL, 'active'),
(0000000215, 'O6QV07LSZI1478106000', 'F4EA8F8A7ED7CBCA953E6142CAEB66D3', '1875.09.12.M', 'Nurhayati', 'Kasir Unit', '', 0000000013, '2016-11-03', NULL, NULL, 'active'),
(0000000216, 'O6QV07LSZI1478106000', '37D6D951B9FA9D28A8BDD77E5570EC0A', '1874.09.12.M', 'Nuria Ulfah', 'Operasional Unit', '', 0000000013, '2016-11-03', NULL, NULL, 'active'),
(0000000217, 'O6QV07LSZI1478106000', '2334300C27B5C9475806D1DA225A1AFE', '3587.08.14.M', 'Lazuardi Asri', 'Kasir Unit', '', 0000000013, '2016-11-03', NULL, NULL, 'active'),
(0000000218, 'O6QV07LSZI1478106000', 'A73A7E623DDC3F7551E354AA80F17AD3', '1448.01.12.M', 'Linda Mutia', 'Operasional Unit', '', 0000000013, '2016-11-03', NULL, NULL, 'active'),
(0000000219, 'O6QV07LSZI1478106000', '7280C3405353243B5F3BBE05D3642424', '8066.10.14', 'Rusydi', 'Analis Pembiayaan Unit', '', 0000000013, '2016-11-03', NULL, NULL, 'active'),
(0000000220, 'O6QV07LSZI1478106000', '4844C03A3B6DFA87A088D0BE4084C3DD', '11074.02.16', 'Tihajar', 'Marketing Unit', '', 0000000013, '2016-11-03', NULL, NULL, 'active'),
(0000000221, 'O6QV07LSZI1478106000', '08992FB31D445616BC687FC6BE3CC0B4', '10496.11.15', 'T Hafilin', 'Marketing Unit', '', 0000000013, '2016-11-03', NULL, NULL, 'active'),
(0000000222, 'O6QV07LSZI1478106000', '139E0D6B79A9DFF20F08E0D3FC5E63B9', '11638.04.16', 'Defli Mafizalni', 'Marketing Unit', '', 0000000013, '2016-11-03', NULL, NULL, 'active'),
(0000000223, 'O6QV07LSZI1478106000', '4D224792A9A7838E3F508190407D2911', '9137.06.15', 'Dicky Ariasa Waruwu', 'Kolektor Unit', '', 0000000013, '2016-11-03', NULL, NULL, 'active'),
(0000000224, 'O6QV07LSZI1478106000', '0950CD920AFE7D483260BB3C456450F7', '1413.02.09', 'Herizal', 'Kolektor Unit', '', 0000000013, '2016-11-03', NULL, NULL, 'active'),
(0000000225, 'O6QV07LSZI1478106000', '9E20D9B58DEDD039D68C052763A32342', '4890.10.12', 'Budi Aulia', 'Manajer Unit', '', 0000000013, '2016-11-03', NULL, NULL, 'active'),
(0000000226, 'O6QV07LSZI1478106000', '1FB0119C3B113A97FE12E6C670D5F125', '4814.03.16.M', 'Nova Misdayanti Mandasari', 'Kasir Unit', '', 0000000013, '2016-11-03', NULL, NULL, 'active'),
(0000000227, 'O6QV07LSZI1478106000', '607122DE8CA0877D82645FDAD8AE6015', '5407.09.16.M', 'T Hafilin', 'Kasir Unit', '', 0000000013, '2016-11-03', NULL, NULL, 'active'),
(0000000228, 'O6QV07LSZI1478106000', '98851F569FE558653204E124EC18FDA3', '885.01.11.M', 'Isma Yanti', 'Operasional Unit', '', 0000000013, '2016-11-03', NULL, NULL, 'active'),
(0000000229, 'O6QV07LSZI1478106000', 'DC7F6BD29382184218C19590D013D1E6', '3400.06.11', 'Zairiadi', 'Pj Manajer Unit', '', 0000000013, '2016-11-03', NULL, NULL, 'active'),
(0000000230, 'O6QV07LSZI1478106000', 'CC1105CF5ABA7415D7E528148A2A0E7C', '5630.02.13', 'Hasmuni', 'Analis Pembiayaan Unit', '', 0000000013, '2016-11-03', NULL, NULL, 'active'),
(0000000231, 'O6QV07LSZI1478106000', '1AB30E30A9CBD22DF5ACC26232494DC2', '5039.04.16.M', 'Rizka Maqfirah', 'Kasir Unit', '', 0000000013, '2016-11-03', NULL, NULL, 'active'),
(0000000232, 'O6QV07LSZI1478106000', '618421A16B718D1AAE0C4C04CBF751DC', '2064.09.16.M', 'Rosyita', 'Kasir Unit', '', 0000000013, '2016-11-03', NULL, NULL, 'active'),
(0000000233, 'O6QV07LSZI1478106000', '5CE3A161927DC8EEE0BCD421CAECCD78', '6434.08.13', 'Bahrinur', 'Kolektor Unit', '', 0000000013, '2016-11-03', NULL, NULL, 'active'),
(0000000234, 'O6QV07LSZI1478106000', 'C72E531EA390E8A015847F6CEEDF421C', '9339.06.15', 'Irfan', 'Kolektor Unit', '', 0000000013, '2016-11-03', NULL, NULL, 'active'),
(0000000235, 'O6QV07LSZI1478106000', '9680A0E646AA1EC6899DE3317E238B05', '3984.04.15.M', 'Irmayasari', 'Operasional Unit', '', 0000000013, '2016-11-03', NULL, NULL, 'active'),
(0000000236, 'O6QV07LSZI1478106000', '5AF0430A31CFC6A603ECC47C7C3A11BD', '12295.08.16', 'Armia Usman', 'Marketing Unit', '', 0000000013, '2016-11-03', NULL, NULL, 'active'),
(0000000237, 'O6QV07LSZI1478106000', '34E237A38943F8D8A0D826295AA490BF', '4842.08.12', 'Mutawalli', 'Marketing Unit', '', 0000000013, '2016-11-03', NULL, NULL, 'active'),
(0000000238, 'O6QV07LSZI1478106000', 'D2F8CED3487CC58975C927F37818B83E', '10311.11.15', 'Muhammad Nazarullah', 'Marketing Unit', '', 0000000013, '2016-11-03', NULL, NULL, 'active'),
(0000000239, 'O6QV07LSZI1478106000', '99C07633F560E867CBE55894AFF49511', '9101.05.15', 'Heri Rama Fitrah', 'Kolektor Unit', '', 0000000013, '2016-11-03', NULL, NULL, 'active'),
(0000000240, 'O6QV07LSZI1478106000', 'D216DB6FE07EC595D69F0A43AD8BD801', '9878.09.15', 'Yulianto', 'Kolektor Unit', '', 0000000013, '2016-11-03', NULL, NULL, 'active'),
(0000000241, 'O6QV07LSZI1478106000', '3E0CB3BCEA69E703C5C6D0900CBB9614', '1810.06.09', 'M Iksan Gusti', 'Manajer Unit', '', 0000000013, '2016-11-03', NULL, NULL, 'active'),
(0000000242, 'O6QV07LSZI1478106000', '7DF1AB2CB00F7008EAFDD8227B90E451', '4537.05.12', 'Aman Hakim Dalimunthe', 'Analis Pembiayaan Unit', '', 0000000013, '2016-11-03', NULL, NULL, 'active'),
(0000000243, 'O6QV07LSZI1478106000', '7267E95DFD4D3683F2EC81409E6E4D33', '3647.10.14.M', 'Munawir', 'Kasir Unit', '', 0000000013, '2016-11-03', NULL, NULL, 'active'),
(0000000244, 'O6QV07LSZI1478106000', '5EC6BC14A3B095C0BFAE1B99293782EA', '1876.09.12.M', 'Muhardiana', 'Operasional Unit', '', 0000000013, '2016-11-03', NULL, NULL, 'active'),
(0000000245, 'O6QV07LSZI1478106000', '2E01B6A398452BF03A207950A9659112', '12735.10.16', 'Fakhrullah', 'Marketing Unit', '', 0000000013, '2016-11-03', NULL, NULL, 'active'),
(0000000246, 'O6QV07LSZI1478106000', '37150B28CBB1FC1C64CDFC3B8AFC0C32', '10196.10.15', 'Aulia Rahman', 'Marketing Unit', '', 0000000013, '2016-11-03', NULL, NULL, 'active'),
(0000000247, 'O6QV07LSZI1478106000', 'D72F72F5F6E381BDD16083E0360F157F', '11478.04.16', 'Wahyu Cahyono Putro', 'Marketing Unit', '', 0000000013, '2016-11-03', NULL, NULL, 'active'),
(0000000248, 'O6QV07LSZI1478106000', '0C56ED0C0A30AFC05C347ECCE55F426E', '12379.08.16', 'Taufik Yulianto', 'SMART TP', '', 0000000013, '2016-11-03', NULL, NULL, 'active'),
(0000000249, 'O6QV07LSZI1478106000', '63441B7474A0169349255BA468D7BFBD', '9774.08.15', 'Aidi Saputra', 'Marketing Unit', '', 0000000013, '2016-11-03', NULL, NULL, 'active'),
(0000000250, 'O6QV07LSZI1478106000', '20ADF1C0A97B3CC1ECB5DDE8E972C8F4', '7125.07.13', 'Ichsan Adami', 'Marketing Unit', '', 0000000013, '2016-11-03', NULL, NULL, 'active'),
(0000000251, 'O6QV07LSZI1478106000', '9E06CD4E073A7B30D2451A341BF7D061', '3849.01.12', 'Muliadi', 'Analis Pembiayaan Unit', '', 0000000013, '2016-11-03', NULL, NULL, 'active'),
(0000000252, 'O6QV07LSZI1478106000', '1B55363BB237F20E71970DF6CB27464E', '3697.11.11', 'T Nurul Ikhsan', 'Pj Manajer Unit', '', 0000000013, '2016-11-03', NULL, NULL, 'active'),
(0000000253, 'O6QV07LSZI1478106000', 'CC5C250CFC642E3A4CEE9FC4BABA604D', '12519.09.16', 'T Rosi Mawardi', 'SMART TP', '', 0000000013, '2016-11-03', NULL, NULL, 'active'),
(0000000254, 'O6QV07LSZI1478106000', '55950EB5E2500716C409E9221F54E097', '8835.03.15', 'Hendra Yulianda', 'Kolektor Unit', '', 0000000013, '2016-11-03', NULL, NULL, 'active'),
(0000000255, 'O6QV07LSZI1478106000', '36C3F5432CE2AA9A97BDF7CB32D6D637', '9770.08.15', 'Agus Hariyanto', 'Kolektor Unit', '', 0000000013, '2016-11-03', NULL, NULL, 'active'),
(0000000256, 'O6QV07LSZI1478106000', '1CCDC04FA75C078EF6445E8CC17B5C3B', '9609.07.15', 'Muharrami Yulia Sari', 'Staf SDM Rekrutmen Cabang Aceh', '', 0000000013, '2016-11-03', NULL, NULL, 'active'),
(0000000257, 'O6QV07LSZI1478106000', '6503BB14CFC3ED20AC778EB47B9CAA2F', '786.06.10', 'Cut Nova Riska', 'Staf SDM Admin Cabang Aceh', '', 0000000013, '2016-11-03', NULL, NULL, 'active'),
(0000000424, 'PZWHEVNBLK1478106000', '4688304202F2853346A0D49A95730B02', 'MKR2295.07.16', 'RUDI BUDIONO', 'Auditor Area Semarang', 'Area', 0000000013, '2016-11-03', NULL, NULL, 'active'),
(0000000425, 'PZWHEVNBLK1478106000', '4F4D5D8D6F769359B5421A939A4214C7', 'MKR1328.05.16', 'FITRIANI SULAEMAN', 'Auditor Area Sukabumi', 'Area', 0000000013, '2016-11-03', NULL, NULL, 'active'),
(0000000426, 'PZWHEVNBLK1478106000', '08379D4E957B887E2368C69951D396AB', 'MKR0025.12.15', 'ADI SETIA HARMAWAN', 'Area Manager Kediri - Blitar - Tulungagung', 'Area', 0000000013, '2016-11-03', NULL, NULL, 'active'),
(0000000427, 'PZWHEVNBLK1478106000', '5B521DC8F6DF6050A2E77787A4AABEC1', '4416.03.12', 'Nurhayati Endah Wahyu Utami', 'Officer Bisnis dan Portofolio Cabang', 'Cabang Semarang', 0000000013, '2016-11-03', NULL, NULL, 'active'),
(0000000428, 'PZWHEVNBLK1478106000', 'F87F945CC70CD98F98BC8C17D021185B', '874.03.11', 'Agung Tri Atmojo', 'Officer Legal dan Appraisal Cabang', 'Cabang Semarang', 0000000013, '2016-11-03', NULL, NULL, 'active'),
(0000000429, 'PZWHEVNBLK1478106000', '0A002535CC4A164EA87ACDEC52596610', '1053.12.08', 'Kristriyono Wibowo', 'Pj. Kepala Bisnis Cabang', 'Cabang Semarang', 0000000013, '2016-11-03', NULL, NULL, 'active'),
(0000000430, 'PZWHEVNBLK1478106000', '444AC002F70A6501FFAE07EE31887F09', '3896.03.15.M', 'Mohamad Solichin', 'Office Boy', 'Cabang Semarang', 0000000013, '2016-11-03', NULL, NULL, 'active'),
(0000000431, 'PZWHEVNBLK1478106000', '477A2E1C1FA229BBA5045837C4D87B2F', '1684.05.09', 'Petrus Agus Mulyono', 'Pj. Pemimpin Cabang', 'Cabang Semarang', 0000000013, '2016-11-03', NULL, NULL, 'active'),
(0000000432, 'PZWHEVNBLK1478106000', 'C04F17EC8016752D87A0D136C23BC3EC', '3505.08.14.M', 'Dini Setyoningrum', 'Staf Operasional', 'Cabang Semarang', 0000000013, '2016-11-03', NULL, NULL, 'active'),
(0000000433, 'PZWHEVNBLK1478106000', '6ED99783DF2691F4D4FFE64CD553410A', '4656.05.12', 'Swastiti Tri Hayati', 'Officer Reviewer Cabang Semarang', 'Cabang Semarang', 0000000013, '2016-11-03', NULL, NULL, 'active'),
(0000000434, 'PZWHEVNBLK1478106000', 'F14299F1BBE2927F1BB75A076B046C5E', '1072.12.08', 'Andy Wijanarko', 'Staf Pembina dan Monitoring Cabang', 'Cabang Semarang', 0000000013, '2016-11-03', NULL, NULL, 'active'),
(0000000435, 'PZWHEVNBLK1478106000', 'E21E28C2DFF2AD1A36D3F594AB91737D', '5788.03.13', 'Muchamad Balya Indarto', 'Staf Pembina dan Monitoring Cabang', 'Cabang Semarang', 0000000013, '2016-11-03', NULL, NULL, 'active'),
(0000000436, 'PZWHEVNBLK1478106000', 'B21D13612DA5760C14454A124AF3A024', '2636.03.12.M', 'Agus Remboko', 'Driver', 'Cabang Semarang', 0000000013, '2016-11-03', NULL, NULL, 'active'),
(0000000437, 'PZWHEVNBLK1478106000', '121080008F773D4F44EA73F5E06BFF66', '4266.07.15.M', 'Mei Cahyono', 'Driver', 'Cabang Semarang', 0000000013, '2016-11-03', NULL, NULL, 'active'),
(0000000438, 'PZWHEVNBLK1478106000', '77D8A9E64C8555BFB1044ABAE8AF5CBA', '1194.12.12', 'Kharisma Ira Dwi Setyowati', 'Staf Keuangan Cabang', 'Cabang Semarang', 0000000013, '2016-11-03', NULL, NULL, 'active'),
(0000000439, 'PZWHEVNBLK1478106000', '02F6300FC708092C7D7F50D31B0ECAF3', '1055.12.08', 'Adhi Ratmoko', 'Staf Reviewer Cabang Semarang', 'Cabang Semarang', 0000000013, '2016-11-03', NULL, NULL, 'active'),
(0000000440, 'PZWHEVNBLK1478106000', 'C1875449B75E7CF697E2788B18789979', '11710.05.16', 'Lisa Tri Astuti', 'Staf PPI Cabang', 'Cabang Semarang', 0000000013, '2016-11-03', NULL, NULL, 'active'),
(0000000441, 'PZWHEVNBLK1478106000', '17B482C6BFAB4EA3D68BCC211EBA5A4D', '339.12.03', 'Dike Febriana Tiandiko', 'Sr. Officer Jasa Manajemen, PKR dan PPA', 'Cabang Semarang', 0000000013, '2016-11-03', NULL, NULL, 'active'),
(0000000442, 'PZWHEVNBLK1478106000', 'E43A799CAFC6E6EFD8540CD6E1429D02', '1069.12.08', 'Wahyu Dibyo', 'PIC Kepala Remedial Cabang', 'Cabang Semarang', 0000000013, '2016-11-03', NULL, NULL, 'active'),
(0000000443, 'PZWHEVNBLK1478106000', '0E67768AE9E49D3A65FD7DDCE61CFBE4', '11703.05.16', 'Adelia Pandu Pratiwi', 'Staf Operasional Cabang', 'Cabang Semarang', 0000000013, '2016-11-03', NULL, NULL, 'active'),
(0000000444, 'PZWHEVNBLK1478106000', 'F49380844692C91221B61D453FD9BE74', '11707.05.16', 'Enny Viandi Pratiwi', 'Staf Operasional Cabang', 'Cabang Semarang', 0000000013, '2016-11-03', NULL, NULL, 'active'),
(0000000445, 'PZWHEVNBLK1478106000', 'D60E485858E1A77F22998989D67D7825', '5277.06.16.M', 'Aprilia Dwi Pramudyani', 'Receptionist', 'Cabang Semarang', 0000000013, '2016-11-03', NULL, NULL, 'active'),
(0000000446, 'PZWHEVNBLK1478106000', 'F6ADB15BEC7D9C8B53956FC4A0DCBD96', '1811.06.09', 'Azis Junaedi', 'Officer Jasa Manajemen, PKR, dan PPA Cabang', 'Cabang Semarang', 0000000013, '2016-11-03', NULL, NULL, 'active'),
(0000000447, 'PZWHEVNBLK1478106000', '177586BC981A4193274ECC3BF084B60A', '873.03.11', 'Devi Mardiyanti', 'Pj. Kepala Keuangan dan Operasional Cabang', 'Cabang Semarang', 0000000013, '2016-11-03', NULL, NULL, 'active'),
(0000000448, 'PZWHEVNBLK1478106000', '4BDDC993669207720C17047E9A46AB6B', '4527.05.12', 'Jasmani', 'Staf Remedial Cabang', 'Cabang Semarang', 0000000013, '2016-11-03', NULL, NULL, 'active'),
(0000000449, 'PZWHEVNBLK1478106000', '34B991F96C7726C7AB790E1DF6BE8CF9', '1006.03.12', 'Sri Sofiati', 'Staf Remedial Cabang', 'Cabang Semarang', 0000000013, '2016-11-03', NULL, NULL, 'active'),
(0000000450, 'PZWHEVNBLK1478106000', 'D25E67DCED77C1B20AB7DB545DE4107B', '3789.12.11', 'Bita Azizul Hakim', 'Staf Remedial Cabang', 'Cabang Semarang', 0000000013, '2016-11-03', NULL, NULL, 'active'),
(0000000451, 'PZWHEVNBLK1478106000', '94103970FA7815DFB819D39432F145AB', '5019.03.16.M', 'Awan Setyanto', 'Security', 'Cabang Semarang', 0000000013, '2016-11-03', NULL, NULL, 'active'),
(0000000452, 'PZWHEVNBLK1478106000', '9C4CB91A7CB5AD6857C765ACA23BAD42', '3897.03.15.M', 'Muslih', 'Security', 'Cabang Semarang', 0000000013, '2016-11-03', NULL, NULL, 'active'),
(0000000453, 'PZWHEVNBLK1478106000', 'C3A2A1FBB6A270F9EE98E2C053335FEF', '4858.02.16.M', 'Khoirul Afif', 'Security', 'Cabang Semarang', 0000000013, '2016-11-03', NULL, NULL, 'active'),
(0000000454, 'PZWHEVNBLK1478106000', 'BC1BAE6388F0B1C7CCF16B134F160BB5', '238.04.02', 'Inarfita', 'Kepala Pembina dan Monitoring Cabang', 'Cabang Semarang', 0000000013, '2016-11-03', NULL, NULL, 'active'),
(0000000455, 'PZWHEVNBLK1478106000', 'F389CC163D5850D702FC3EDA3CD73C49', '961.01.12', 'Anas Sholikin', 'Staf IT Cabang', 'Cabang Semarang', 0000000013, '2016-11-03', NULL, NULL, 'active'),
(0000000456, 'PZWHEVNBLK1478106000', '708FB4D2DA477EFB80F32CA4DA742F6C', '4731.01.16.M', 'Dhidhik Bondhan Pamungkas', 'Kasir Unit', 'Cabang Semarang - ULaMM Ambarawa', 0000000013, '2016-11-03', NULL, NULL, 'active'),
(0000000457, 'PZWHEVNBLK1478106000', '48C256E2C9030CA58255814FD72A9D0C', '9421.07.15', 'Danang Ardy Saputro', 'Marketing Unit', 'Cabang Semarang - ULaMM Ambarawa', 0000000013, '2016-11-03', NULL, NULL, 'active'),
(0000000458, 'PZWHEVNBLK1478106000', '84C5723BF7A768C93B87574333299237', '9139.05.15', 'Bambang Deny Hariyanto', 'Marketing Unit', 'Cabang Semarang - ULaMM Ambarawa', 0000000013, '2016-11-03', NULL, NULL, 'active'),
(0000000459, 'PZWHEVNBLK1478106000', 'E59AB2188E7C85DC3AFC4A977978C1EB', '10622.12.15', 'Agus Hermanto', 'Marketing Unit', 'Cabang Semarang - ULaMM Ambarawa', 0000000013, '2016-11-03', NULL, NULL, 'active'),
(0000000460, 'PZWHEVNBLK1478106000', '417EC0626356F8F65DDE2A2F28FFEE0C', '9847.09.15', 'Yoga Tri Atmoko', 'Marketing Unit Training Program', 'Cabang Semarang - ULaMM Ambarawa', 0000000013, '2016-11-03', NULL, NULL, 'active'),
(0000000461, 'PZWHEVNBLK1478106000', '853D729E0B11D45B2726C92130AC52F7', '4526.05.12', 'Hardian Dwi Setianto', 'Manajer Unit', 'Cabang Semarang - ULaMM Ambarawa', 0000000013, '2016-11-03', NULL, NULL, 'active'),
(0000000462, 'PZWHEVNBLK1478106000', '4528734EC952BB9EA92844331ED389F8', '1038.04.12', 'Darius Sasmita Rama', 'Kolektor Unit', 'Cabang Semarang - ULaMM Ambarawa', 0000000013, '2016-11-03', NULL, NULL, 'active'),
(0000000463, 'PZWHEVNBLK1478106000', '8266DEC9A6C1A229343DFC32F9264700', '4300.08.15.M', 'Arsy Fardaniyah', 'Operasional Unit', 'Cabang Semarang - ULaMM Ambarawa', 0000000013, '2016-11-03', NULL, NULL, 'active'),
(0000000464, 'PZWHEVNBLK1478106000', '971BE333FE6FE451C1CED39B56964866', '10370.10.15', 'Mira Puji Astuti', 'Analis Pembiayaan Unit', 'Cabang Semarang - ULaMM Ambarawa', 0000000013, '2016-11-03', NULL, NULL, 'active'),
(0000000465, 'PZWHEVNBLK1478106000', 'CDCDCAF2CF11DD02D810E7650FFD3158', '2406.05.13.M', 'Umaliyah', 'Kasir Unit', 'Cabang Semarang - ULaMM Bandar', 0000000013, '2016-11-03', NULL, NULL, 'active'),
(0000000466, 'PZWHEVNBLK1478106000', 'CC072D35DD2FDBD2E11A307C57BA9AC9', '4944.10.12', 'Fatkhur Rokhim', 'Analis Pembiayaan Unit', 'Cabang Semarang - ULaMM Bandar', 0000000013, '2016-11-03', NULL, NULL, 'active'),
(0000000467, 'PZWHEVNBLK1478106000', 'BEB757CAE42F97152E4E3AFEF77DC9A4', '2823.01.11', 'Moh Muslih', 'Pj Manajer Unit', 'Cabang Semarang - ULaMM Bandar', 0000000013, '2016-11-03', NULL, NULL, 'active'),
(0000000468, 'PZWHEVNBLK1478106000', '22C76FB97F6C73727CF04FEB55BEEECA', '11869.05.16', 'Ady Septiawan', 'Kolektor Unit', 'Cabang Semarang - ULaMM Bandar', 0000000013, '2016-11-03', NULL, NULL, 'active'),
(0000000469, 'PZWHEVNBLK1478106000', '0C2ED279A70D824605564114964AE9EA', '9118.05.15', 'Susanto', 'Kolektor Unit', 'Cabang Semarang - ULaMM Bandar', 0000000013, '2016-11-03', NULL, NULL, 'active'),
(0000000470, 'PZWHEVNBLK1478106000', '5C347A9FFC97FEAB72563022D3E905A3', '9791.08.15', 'Tri Unggul Kurniawan', 'Marketing Unit', 'Cabang Semarang - ULaMM Bandar', 0000000013, '2016-11-03', NULL, NULL, 'active'),
(0000000471, 'PZWHEVNBLK1478106000', '5F4FCBA8DDC9A5D210915BD69C4B4B03', '11323.04.16', 'Muh Nur Helmi', 'Marketing Unit', 'Cabang Semarang - ULaMM Bandar', 0000000013, '2016-11-03', NULL, NULL, 'active'),
(0000000472, 'PZWHEVNBLK1478106000', '278F69FFEEDE08E49BE4BFF61D44D854', '7741.06.14', 'Saeful Rahman', 'Marketing Unit', 'Cabang Semarang - ULaMM Bandar', 0000000013, '2016-11-03', NULL, NULL, 'active'),
(0000000473, 'PZWHEVNBLK1478106000', '2A9B1EE19A74FD949A23F9826BF76395', '12561.09.16', 'Muhammad Antony', 'Marketing Unit', 'Cabang Semarang - ULaMM Bandar', 0000000013, '2016-11-03', NULL, NULL, 'active'),
(0000000474, 'PZWHEVNBLK1478106000', '843F1BE9E48B63346466AFEF44EA55D4', '1721.06.12.M', 'Ely Puspita', 'Operasional Unit', 'Cabang Semarang - ULaMM Bandar', 0000000013, '2016-11-03', NULL, NULL, 'active'),
(0000000475, 'PZWHEVNBLK1478106000', '84A0F26CC6E6D25E58CAAFEB80FED8E5', '4158.02.12', 'Maryono', 'Manajer Unit', 'Cabang Semarang - ULaMM Boja', 0000000013, '2016-11-03', NULL, NULL, 'active'),
(0000000476, 'PZWHEVNBLK1478106000', '4CEB6925FB59E9535F907D9C71A181AA', '10860.02.16', 'Tri Prastowo Guntur Destanto', 'Marketing Unit', 'Cabang Semarang - ULaMM Boja', 0000000013, '2016-11-03', NULL, NULL, 'active'),
(0000000477, 'PZWHEVNBLK1478106000', '13B5AD3F26E16E44AB6EE56D71B602DB', '12624.09.16', 'Siti Fatonah', 'Marketing Unit', 'Cabang Semarang - ULaMM Boja', 0000000013, '2016-11-03', NULL, NULL, 'active'),
(0000000478, 'PZWHEVNBLK1478106000', 'F70E1E3377336FD94C7DADA1BA9C4165', '4395.09.15.M', 'Abimanyu Anindya Mantri', 'Operasional Unit', 'Cabang Semarang - ULaMM Boja', 0000000013, '2016-11-03', NULL, NULL, 'active'),
(0000000479, 'PZWHEVNBLK1478106000', '4428353337E773D61B22D0118FAF7678', '4520.04.12', 'Nike Sagita Hapsari', 'Analis Pembiayaan Unit', 'Cabang Semarang - ULaMM Boja', 0000000013, '2016-11-03', NULL, NULL, 'active'),
(0000000480, 'PZWHEVNBLK1478106000', 'FFA3A3C8C16C73344E5FD39B505F728C', '11932.05.16', 'Titus Hendrady', 'Marketing Program Smart Training', 'Cabang Semarang - ULaMM Bringin', 0000000013, '2016-11-03', NULL, NULL, 'active'),
(0000000481, 'PZWHEVNBLK1478106000', '0E6EBF4DCC2533AF4211CA78FF7A8F1D', '10890.03.16', 'Masrofi', 'Manajer Unit', 'Cabang Semarang - ULaMM Bringin', 0000000013, '2016-11-03', NULL, NULL, 'active'),
(0000000482, 'PZWHEVNBLK1478106000', '057E02C88701755DC8789C05C8EF4CB5', '12580.09.16', 'Hardito', 'Marketing Unit', 'Cabang Semarang - ULaMM Bringin', 0000000013, '2016-11-03', NULL, NULL, 'active'),
(0000000483, 'PZWHEVNBLK1478106000', 'F1AAC0198C0A2933E8A48165A8CBAEC8', '12442.08.16', 'Ferie Imam Ghufron', 'Marketing Unit', 'Cabang Semarang - ULaMM Bringin', 0000000013, '2016-11-03', NULL, NULL, 'active'),
(0000000484, 'PZWHEVNBLK1478106000', 'B2658D645F7FFB6903A491AC919DFE2E', '5211.06.16.M', 'Safitri Nur Annisa', 'Operasional Unit', 'Cabang Semarang - ULaMM Bringin', 0000000013, '2016-11-03', NULL, NULL, 'active'),
(0000000485, 'PZWHEVNBLK1478106000', '5FE713D962E77067B07E82489830168A', '2779.12.10', 'Endik Budi Sungkawa', 'Analis Pembiayaan Unit', 'Cabang Semarang - ULaMM Bringin', 0000000013, '2016-11-03', NULL, NULL, 'active'),
(0000000486, 'PZWHEVNBLK1478106000', '9E128FDEABB361FD37AB6EE436513F50', '3343.04.14.M', 'Eka Wahyu Desmawati', 'Operasional Unit', 'Cabang Semarang - ULaMM Demak Syariah', 0000000013, '2016-11-03', NULL, NULL, 'active'),
(0000000487, 'PZWHEVNBLK1478106000', 'D419B95A239C7A2680615D3C6BC6819F', '5647.02.13', 'Mahsun Irsyan', 'Analis Pembiayaan Unit', 'Cabang Semarang - ULaMM Demak Syariah', 0000000013, '2016-11-03', NULL, NULL, 'active'),
(0000000488, 'PZWHEVNBLK1478106000', '3C40A6859C798ED91186DD28998C937A', '10238.10.15', 'Zeqi Mubarok', 'Marketing Unit', 'Cabang Semarang - ULaMM Demak Syariah', 0000000013, '2016-11-03', NULL, NULL, 'active'),
(0000000489, 'PZWHEVNBLK1478106000', '5601C0E3035D219C5795419F84D6B633', '10661.12.15', 'Ike Ade Irawan', 'Marketing Unit', 'Cabang Semarang - ULaMM Demak Syariah', 0000000013, '2016-11-03', NULL, NULL, 'active'),
(0000000490, 'PZWHEVNBLK1478106000', 'CDDA11FA47550CC8A895D477F4364887', '4942.10.12', 'Farid Novi Istanto', 'Marketing Unit', 'Cabang Semarang - ULaMM Demak Syariah', 0000000013, '2016-11-03', NULL, NULL, 'active'),
(0000000491, 'PZWHEVNBLK1478106000', '36D27477D56081AA2104C1CFE561EA2D', '6443.08.13', 'Eby Mafdiyanto Nur', 'Manajer Unit', 'Cabang Semarang - ULaMM Demak Syariah', 0000000013, '2016-11-03', NULL, NULL, 'active'),
(0000000492, 'PZWHEVNBLK1478106000', '50191B37D092D6D39269C7340C3D1FD8', '11831.05.16', 'Ali Mahmudi', 'Kolektor Unit', 'Cabang Semarang - ULaMM Demak Syariah', 0000000013, '2016-11-03', NULL, NULL, 'active'),
(0000000493, 'PZWHEVNBLK1478106000', 'BA71EFBCA53D1C828B51BA75FE73F768', '11146.03.16', 'Bagus Waskito Wicaksono', 'Kolektor Unit', 'Cabang Semarang - ULaMM Demak Syariah', 0000000013, '2016-11-03', NULL, NULL, 'active'),
(0000000494, 'PZWHEVNBLK1478106000', '1E8179F06E1F5E05E93C5E8B1A52EAB0', '4303.09.15.M', 'Yolan Rizky Soraya', 'Kasir Unit', 'Cabang Semarang - ULaMM Gayamsari', 0000000013, '2016-11-03', NULL, NULL, 'active'),
(0000000495, 'PZWHEVNBLK1478106000', 'A9763F1F494120273761AC87E4439C91', '8309.11.14', 'Dian Bhatara Siregar', 'Kolektor Unit', 'Cabang Semarang - ULaMM Gayamsari', 0000000013, '2016-11-03', NULL, NULL, 'active'),
(0000000496, 'PZWHEVNBLK1478106000', 'C98D2B518CB7DAD02155CC13149F3819', '9336.06.15', 'Agung Sektiaji', 'Kolektor Unit', 'Cabang Semarang - ULaMM Gayamsari', 0000000013, '2016-11-03', NULL, NULL, 'active'),
(0000000497, 'PZWHEVNBLK1478106000', '5A9C8535971200D08984D100DB9520A9', '3625.10.14.M', 'Retno Putri Aryani', 'Operasional Unit', 'Cabang Semarang - ULaMM Gayamsari', 0000000013, '2016-11-03', NULL, NULL, 'active'),
(0000000498, 'PZWHEVNBLK1478106000', '5AC5E264D8F81E62860528CBBF9E3F59', '12005.06.16', 'Jarwanto', 'Marketing Unit', 'Cabang Semarang - ULaMM Gayamsari', 0000000013, '2016-11-03', NULL, NULL, 'active'),
(0000000499, 'PZWHEVNBLK1478106000', '71324A67682119B0685411CE47AE4F56', '12108.06.16', 'Felix Roli Gracias', 'Marketing Unit', 'Cabang Semarang - ULaMM Gayamsari', 0000000013, '2016-11-03', NULL, NULL, 'active'),
(0000000500, 'PZWHEVNBLK1478106000', 'A0F86464CA51398C02C8D7D539585F66', '777.05.10', 'Harry Poernomo', 'Pj Manajer Unit', 'Cabang Semarang - ULaMM Gayamsari', 0000000013, '2016-11-03', NULL, NULL, 'active'),
(0000000501, 'PZWHEVNBLK1478106000', '1217FA6411262D2895FED70EF000D0D7', '5539.01.13', 'Darmawan Muhammad Taufiq', 'Analis Pembiayaan Unit', 'Cabang Semarang - ULaMM Gayamsari', 0000000013, '2016-11-03', NULL, NULL, 'active'),
(0000000502, 'PZWHEVNBLK1478106000', 'E4C218A74A42B49100EF1D7D40D18E40', '3657.10.11', 'Satoto Abdi', 'Kolektor Unit', 'Cabang Semarang - ULaMM Godong', 0000000013, '2016-11-03', NULL, NULL, 'active'),
(0000000503, 'PZWHEVNBLK1478106000', '83FB01D21E06AF67324149113EBFD5F9', '5831.03.13', 'Ferly Oki Susanto', 'Kolektor Unit', 'Cabang Semarang - ULaMM Godong', 0000000013, '2016-11-03', NULL, NULL, 'active'),
(0000000504, 'PZWHEVNBLK1478106000', '11360D0F51B7C3ED685850528E2E5922', '12321.08.16', 'Rohmat Kamaludin', 'Marketing Unit', 'Cabang Semarang - ULaMM Godong', 0000000013, '2016-11-03', NULL, NULL, 'active'),
(0000000505, 'PZWHEVNBLK1478106000', 'BB2E83F75C0001A41A56908A4E7EB551', '12463.08.16', 'Bingah Rahageni', 'Marketing Unit', 'Cabang Semarang - ULaMM Godong', 0000000013, '2016-11-03', NULL, NULL, 'active'),
(0000000506, 'PZWHEVNBLK1478106000', '9F98A7D11E983BD0A0F3E07F648BBEB7', '12362.08.16', 'Bambang Edy Sulistiyono', 'Marketing Unit', 'Cabang Semarang - ULaMM Godong', 0000000013, '2016-11-03', NULL, NULL, 'active'),
(0000000507, 'PZWHEVNBLK1478106000', '824B558A134A6781FA28ECB3B2913FF2', '7051.02.14', 'Agung Dharmawan', 'Marketing Unit', 'Cabang Semarang - ULaMM Godong', 0000000013, '2016-11-03', NULL, NULL, 'active'),
(0000000508, 'PZWHEVNBLK1478106000', 'D11089B4233BB66A486A9114C1EC0CF0', '5024.03.16.M', 'Arum Puji Lestari', 'Kasir Unit', 'Cabang Semarang - ULaMM Godong', 0000000013, '2016-11-03', NULL, NULL, 'active'),
(0000000509, 'PZWHEVNBLK1478106000', '2C56C6309D639FCD651374BDC2732FC3', '4841.09.12', 'Sis Aryanti', 'Pj Manajer Unit', 'Cabang Semarang - ULaMM Godong', 0000000013, '2016-11-03', NULL, NULL, 'active'),
(0000000510, 'PZWHEVNBLK1478106000', '18A22E58EE25D51B180A4BE1ED750335', '3342.04.14.M', 'Desy Putri Wulandini', 'Operasional Unit', 'Cabang Semarang - ULaMM Godong', 0000000013, '2016-11-03', NULL, NULL, 'active'),
(0000000511, 'PZWHEVNBLK1478106000', 'BC246852FBC3B20C98E8D41E6CC7DDC3', '3910.01.12', 'Rully Midyo Prasetiyawan', 'Manajer Unit', 'Cabang Semarang - ULaMM Gubug', 0000000013, '2016-11-03', NULL, NULL, 'active'),
(0000000512, 'PZWHEVNBLK1478106000', 'A7C6657CE152AAFFF85083EBD165D757', '10299.11.15', 'Fajar Ardianto', 'Marketing Unit', 'Cabang Semarang - ULaMM Gubug', 0000000013, '2016-11-03', NULL, NULL, 'active'),
(0000000513, 'PZWHEVNBLK1478106000', '66FD95455C98D5EE7CC4FC09532CBC4B', '9019.03.15', 'Arif Rachmatulloh', 'Marketing Unit', 'Cabang Semarang - ULaMM Gubug', 0000000013, '2016-11-03', NULL, NULL, 'active'),
(0000000514, 'PZWHEVNBLK1478106000', '2739EF11DEBEB8F8EACD972A9A32D76F', '5073.12.12', 'Jumari', 'Marketing Unit', 'Cabang Semarang - ULaMM Gubug', 0000000013, '2016-11-03', NULL, NULL, 'active'),
(0000000515, 'PZWHEVNBLK1478106000', '6CD7F76E4A65F5ACB0965A01164580CF', '926.02.11.M', 'Ikrima Fibriyanti', 'Operasional Unit', 'Cabang Semarang - ULaMM Gubug', 0000000013, '2016-11-03', NULL, NULL, 'active'),
(0000000516, 'PZWHEVNBLK1478106000', '578786A3EFC194D5718812A5ED124BFD', '5326.07.16.M', 'Akhmad Titan Jujanto', 'Kasir Unit', 'Cabang Semarang - ULaMM Gubug', 0000000013, '2016-11-03', NULL, NULL, 'active'),
(0000000517, 'PZWHEVNBLK1478106000', '8C61850FCC8536E5960D2AA045C1A824', '3693.11.11', 'Miftahul Ulum', 'Analis Pembiayaan Unit', 'Cabang Semarang - ULaMM Gubug', 0000000013, '2016-11-03', NULL, NULL, 'active'),
(0000000518, 'PZWHEVNBLK1478106000', '3FB6D7BD17D86BAB257842445F05C1CC', '7637.06.14', 'Nurcahyo', 'Kolektor Unit', 'Cabang Semarang - ULaMM Gubug', 0000000013, '2016-11-03', NULL, NULL, 'active'),
(0000000519, 'PZWHEVNBLK1478106000', 'A374750DF587E50E0B53A6FD957C44A6', '6914.12.13', 'Ahmad Yani', 'Kolektor Unit', 'Cabang Semarang - ULaMM Gubug', 0000000013, '2016-11-03', NULL, NULL, 'active'),
(0000000520, 'PZWHEVNBLK1478106000', 'FFA57082E25212DF3DA0E5BAEE9264E6', '4857.02.16.M', 'Yeni Armawati', 'Operasional Unit', 'Cabang Semarang - ULaMM Kaliwungu', 0000000013, '2016-11-03', NULL, NULL, 'active'),
(0000000521, 'PZWHEVNBLK1478106000', '06906E4A57F1424A874126E8AE73C7B0', '4758.08.12', 'Akhmad Zaefudin', 'Analis Pembiayaan Unit', 'Cabang Semarang - ULaMM Kaliwungu', 0000000013, '2016-11-03', NULL, NULL, 'active'),
(0000000522, 'PZWHEVNBLK1478106000', 'C24B0C81697E68D39E5B5807F1F4A1FA', '11008.03.16', 'Imam Sukarno', 'Marketing Unit', 'Cabang Semarang - ULaMM Kaliwungu', 0000000013, '2016-11-03', NULL, NULL, 'active'),
(0000000523, 'PZWHEVNBLK1478106000', 'F4EEEC99946D07F60BD17BB4B9ED585C', '10883.03.16', 'Dwi Septa Prasetya', 'Marketing Unit', 'Cabang Semarang - ULaMM Kaliwungu', 0000000013, '2016-11-03', NULL, NULL, 'active'),
(0000000524, 'PZWHEVNBLK1478106000', '7C1A057A161DD8125B46D90AF24FBCA1', '12003.06.16', 'Bahar Ade Saputro', 'Marketing Program Smart Training', 'Cabang Semarang - ULaMM Kaliwungu', 0000000013, '2016-11-03', NULL, NULL, 'active'),
(0000000525, 'PZWHEVNBLK1478106000', 'A93666AD4745969DC5E3F873DBFAB28B', '2250.04.10', 'Fauzan', 'Pj Manajer Unit', 'Cabang Semarang - ULaMM Kaliwungu', 0000000013, '2016-11-03', NULL, NULL, 'active'),
(0000000526, 'PZWHEVNBLK1478106000', '4CE1C4D2668BF0BF8914F7E66DB7D33C', '2787.01.11', 'Sistri Chuwatno', 'Analis Pembiayaan Unit', 'Cabang Semarang - ULaMM Limpung', 0000000013, '2016-11-03', NULL, NULL, 'active'),
(0000000527, 'PZWHEVNBLK1478106000', '5CBF132F62A4F72CFF062D305090053C', '12482.08.16', 'Adhi Setyo Anggoro', 'Marketing Unit', 'Cabang Semarang - ULaMM Limpung', 0000000013, '2016-11-03', NULL, NULL, 'active'),
(0000000528, 'PZWHEVNBLK1478106000', '2CF17B91C425454FEADAEFDC39798640', '6340.07.13', 'Yan Aditya Pratama', 'Marketing Unit', 'Cabang Semarang - ULaMM Limpung', 0000000013, '2016-11-03', NULL, NULL, 'active'),
(0000000529, 'PZWHEVNBLK1478106000', 'C7B0A0E0D16F86D22C84B60453838148', '11913.05.16', 'Muhammad Ihda Mustaqim', 'Marketing Unit', 'Cabang Semarang - ULaMM Limpung', 0000000013, '2016-11-03', NULL, NULL, 'active'),
(0000000530, 'PZWHEVNBLK1478106000', '6DE7A880F9C2E4B35A18AFCE63FB661C', '4607.05.12', 'Irpan Agustiawan', 'Marketing Unit', 'Cabang Semarang - ULaMM Limpung', 0000000013, '2016-11-03', NULL, NULL, 'active'),
(0000000531, 'PZWHEVNBLK1478106000', '966F5706BAFB65E7A8C62A63E57A44E9', '9797.08.15', 'Aslahul Arifin', 'Kolektor Unit', 'Cabang Semarang - ULaMM Limpung', 0000000013, '2016-11-03', NULL, NULL, 'active'),
(0000000532, 'PZWHEVNBLK1478106000', '5514595AA3EEA4E3DA295F1EF65CC3BC', '10024.09.15', 'Prasetianto', 'Kolektor Unit', 'Cabang Semarang - ULaMM Limpung', 0000000013, '2016-11-03', NULL, NULL, 'active'),
(0000000533, 'PZWHEVNBLK1478106000', 'BF3E12555E75D64D0808E604FF3A92D8', '3215.03.14.M', 'Rizki Rakhmadhani', 'Operasional Unit', 'Cabang Semarang - ULaMM Limpung', 0000000013, '2016-11-03', NULL, NULL, 'active'),
(0000000534, 'PZWHEVNBLK1478106000', '2544FF7FD8714D8475379AEBD2EB4B40', '4479.10.15.M', 'Eva Yuliana', 'Kasir Unit', 'Cabang Semarang - ULaMM Limpung', 0000000013, '2016-11-03', NULL, NULL, 'active'),
(0000000535, 'PZWHEVNBLK1478106000', '0DDD4F763315931C03A3B0DF8252AC8E', '2976.02.11', 'Dimas Aditya', 'Manajer Unit', 'Cabang Semarang - ULaMM Limpung', 0000000013, '2016-11-03', NULL, NULL, 'active'),
(0000000536, 'PZWHEVNBLK1478106000', '958803B94A7760EF8018F986EFAFF7B8', '1218.08.11.M', 'Sutami', 'Operasional Unit', 'Cabang Semarang - ULaMM Ngaliyan', 0000000013, '2016-11-03', NULL, NULL, 'active'),
(0000000537, 'PZWHEVNBLK1478106000', 'C46C8DA20DA4C7D70F3650666190ADDF', '1671.05.12.M', 'Febriani Adiningtyas', 'Kasir Unit', 'Cabang Semarang - ULaMM Ngaliyan', 0000000013, '2016-11-03', NULL, NULL, 'active'),
(0000000538, 'PZWHEVNBLK1478106000', '822D7DE84B804B76D5CCD8FCF57FE592', '2390.07.10', 'Verry Sukristyono', 'Analis Pembiayaan Unit', 'Cabang Semarang - ULaMM Ngaliyan', 0000000013, '2016-11-03', NULL, NULL, 'active'),
(0000000539, 'PZWHEVNBLK1478106000', '2B97A641E7FBA8AAEDC9DB77517D5913', '9796.08.15', 'Ardi Kurniawan', 'Kolektor Unit', 'Cabang Semarang - ULaMM Ngaliyan', 0000000013, '2016-11-03', NULL, NULL, 'active'),
(0000000540, 'PZWHEVNBLK1478106000', 'A6ED78A4C66DFCAC20836C0FF51D4FE7', '6808.12.13', 'Adi Purwanto', 'Kolektor Unit', 'Cabang Semarang - ULaMM Ngaliyan', 0000000013, '2016-11-03', NULL, NULL, 'active'),
(0000000541, 'PZWHEVNBLK1478106000', '3F51553B39F80C0EDA46387435A3B8A1', '3096.02.11', 'Ata Muhammad Habibi', 'Pj Manajer Unit', 'Cabang Semarang - ULaMM Ngaliyan', 0000000013, '2016-11-03', NULL, NULL, 'active'),
(0000000542, 'PZWHEVNBLK1478106000', '8511DC65FE4213BFC72B292A41742981', '7609.06.14', 'Ian Henry Setyaji', 'Marketing Unit', 'Cabang Semarang - ULaMM Ngaliyan', 0000000013, '2016-11-03', NULL, NULL, 'active'),
(0000000543, 'PZWHEVNBLK1478106000', 'D964922BBD8ED9E45CFA0F55B53E047A', '12266.07.16', 'Ayub Lawang Gusti', 'Marketing Unit', 'Cabang Semarang - ULaMM Ngaliyan', 0000000013, '2016-11-03', NULL, NULL, 'active'),
(0000000544, 'PZWHEVNBLK1478106000', '236A84DC60FCBD66D026075BD6FF18CD', '4641.12.15.M', 'Rina Sulistianawati', 'Operasional Unit', 'Cabang Semarang - ULaMM Salatiga', 0000000013, '2016-11-03', NULL, NULL, 'active'),
(0000000545, 'PZWHEVNBLK1478106000', '1E84730503ABE50147B6359A1C04FA89', '10885.03.16', 'Eko Wahyudi', 'Marketing Unit', 'Cabang Semarang - ULaMM Salatiga', 0000000013, '2016-11-03', NULL, NULL, 'active'),
(0000000546, 'PZWHEVNBLK1478106000', '1E03C99EBD2AF734D6F3679F2EC47EF1', '7382.04.14', 'Agus Heri Sulistyanto', 'Marketing Unit', 'Cabang Semarang - ULaMM Salatiga', 0000000013, '2016-11-03', NULL, NULL, 'active'),
(0000000547, 'PZWHEVNBLK1478106000', '3A793207C59E7ECDC524AB69F96C6DE8', '9147.06.15', 'Adityasa Nugraha', 'Marketing Unit', 'Cabang Semarang - ULaMM Salatiga', 0000000013, '2016-11-03', NULL, NULL, 'active'),
(0000000548, 'PZWHEVNBLK1478106000', '4E891C4425CB276352F0C413285AA18F', '2567.11.10', 'Supriyadi', 'Analis Pembiayaan Unit', 'Cabang Semarang - ULaMM Salatiga', 0000000013, '2016-11-03', NULL, NULL, 'active'),
(0000000549, 'PZWHEVNBLK1478106000', '5897400584FFDA0FF8D2E4A78ECFD971', '11149.03.16', 'Suharyono Utomo', 'Kolektor Unit', 'Cabang Semarang - ULaMM Salatiga', 0000000013, '2016-11-03', NULL, NULL, 'active'),
(0000000550, 'PZWHEVNBLK1478106000', '4145BD3DE36D1D58CD6F7CDBD28C1B7A', '12443.08.16', 'Muhamad Samsodin', 'Kolektor Unit', 'Cabang Semarang - ULaMM Salatiga', 0000000013, '2016-11-03', NULL, NULL, 'active'),
(0000000551, 'PZWHEVNBLK1478106000', 'DBD027FB6F5B30BD26C07CA83043E886', '688.06.09', 'Victoria Wisnu Dewananda Krisna', 'Manajer Unit', 'Cabang Semarang - ULaMM Salatiga', 0000000013, '2016-11-03', NULL, NULL, 'active'),
(0000000552, 'PZWHEVNBLK1478106000', '848A27E2114A76AF884597200A59407B', '4215.07.15.M', 'Aprilia Damaningrum', 'Kasir Unit', 'Cabang Semarang - ULaMM Salatiga', 0000000013, '2016-11-03', NULL, NULL, 'active'),
(0000000553, 'PZWHEVNBLK1478106000', '181C3D3260712E025A675A97F73078CF', '4001.04.15.M', 'Dias Wicaksono', 'Marketing Unit Training Program', 'Cabang Semarang - ULaMM Sukorejo', 0000000013, '2016-11-03', NULL, NULL, 'active'),
(0000000554, 'PZWHEVNBLK1478106000', 'FC05D3C5663CDD82AAACBF5CAFB3436D', '9388.06.15', 'Harry Yulianto', 'Marketing Unit', 'Cabang Semarang - ULaMM Sukorejo', 0000000013, '2016-11-03', NULL, NULL, 'active'),
(0000000555, 'PZWHEVNBLK1478106000', '558FFD77196A4495AED9E82529D4AD04', '12479.08.16', 'Dias Wicaksono', 'Marketing Unit', 'Cabang Semarang - ULaMM Sukorejo', 0000000013, '2016-11-03', NULL, NULL, 'active'),
(0000000556, 'PZWHEVNBLK1478106000', '4038DC1D0723E589C51E9C711E7FC0C0', '6610.10.13', 'Kartiyono', 'Marketing Unit', 'Cabang Semarang - ULaMM Sukorejo', 0000000013, '2016-11-03', NULL, NULL, 'active'),
(0000000557, 'PZWHEVNBLK1478106000', '596AE68D793AF643C1133C8956B72BA9', '4529.05.12', 'Nova Hendra Sulistya', 'Kolektor Unit', 'Cabang Semarang - ULaMM Sukorejo', 0000000013, '2016-11-03', NULL, NULL, 'active'),
(0000000558, 'PZWHEVNBLK1478106000', '1213056B0D0F50C08903263D1BB5BD12', '9824.09.15', 'Farid Bustamy', 'Kolektor Unit', 'Cabang Semarang - ULaMM Sukorejo', 0000000013, '2016-11-03', NULL, NULL, 'active'),
(0000000559, 'PZWHEVNBLK1478106000', '11BAB60A3C495B819183C62943B468FF', '11451.04.16', 'Muhammad Nastain', 'Kolektor Unit', 'Cabang Semarang - ULaMM Sukorejo', 0000000013, '2016-11-03', NULL, NULL, 'active'),
(0000000560, 'PZWHEVNBLK1478106000', '5D75E9A76C1C11E6E727EB2F64FDE7E0', '5023.03.16.M', 'Nafis Saturohmah', 'Kasir Unit', 'Cabang Semarang - ULaMM Sukorejo', 0000000013, '2016-11-03', NULL, NULL, 'active'),
(0000000561, 'PZWHEVNBLK1478106000', '51D545B26B8CA307E7F2493CE7B64591', '3744.11.11', 'Bayu Prabowo', 'Analis Pembiayaan Unit', 'Cabang Semarang - ULaMM Sukorejo', 0000000013, '2016-11-03', NULL, NULL, 'active'),
(0000000562, 'PZWHEVNBLK1478106000', '043A66C758FB855706EE9A028F31BF55', '2247.03.10', 'Hasanudin', 'Pj Manajer Unit', 'Cabang Semarang - ULaMM Sukorejo', 0000000013, '2016-11-03', NULL, NULL, 'active'),
(0000000563, 'PZWHEVNBLK1478106000', '72CEA2BB918AC103CFB1CFFFC81FA464', '1326.11.11.M', 'Riska Nur Restu Ayu Sari', 'Operasional Unit', 'Cabang Semarang - ULaMM Sukorejo', 0000000013, '2016-11-03', NULL, NULL, 'active'),
(0000000564, 'PZWHEVNBLK1478106000', '60F70C0527BAF99E453DC7CC02B58C5A', '11289.03.16', 'Edi Haryanto', 'Marketing Unit', 'Cabang Semarang - ULaMM Sumowono', 0000000013, '2016-11-03', NULL, NULL, 'active'),
(0000000565, 'PZWHEVNBLK1478106000', 'D137B2A3C3A612F233B45859CE6D46E8', '3041.02.11', 'Sukiswo Yuwono', 'Marketing Unit', 'Cabang Semarang - ULaMM Sumowono', 0000000013, '2016-11-03', NULL, NULL, 'active'),
(0000000566, 'PZWHEVNBLK1478106000', '36BE45E3460E12FCC34AA9F407F02034', '2530.10.10', 'Herman Iswahyudi', 'Pj Manajer Unit', 'Cabang Semarang - ULaMM Sumowono', 0000000013, '2016-11-03', NULL, NULL, 'active'),
(0000000567, 'PZWHEVNBLK1478106000', 'D9ECA3A76C4B3932997D482471EE9BA9', '4887.03.16.M', 'Maftukhatul Munawaroh', 'Operasional Unit', 'Cabang Semarang - ULaMM Sumowono', 0000000013, '2016-11-03', NULL, NULL, 'active'),
(0000000568, 'PZWHEVNBLK1478106000', '16FEDDAF4F9A22D1960963B51FBE0B63', '10886.03.16', 'Rully Oktavia Adiwibowo', 'Analis Pembiayaan Unit', 'Cabang Semarang - ULaMM Sumowono', 0000000013, '2016-11-03', NULL, NULL, 'active'),
(0000000569, 'PZWHEVNBLK1478106000', '3FFC0E7973D3926C29721F730BE72B13', '2165.03.10', 'Agung Nugroho', 'Manajer Unit', 'Cabang Semarang - ULaMM Ungaran', 0000000013, '2016-11-03', NULL, NULL, 'active'),
(0000000570, 'PZWHEVNBLK1478106000', 'C41D34C7B02723B464861CA2FFE5A604', '5182.05.16.M', 'Najmul Lailati', 'Kasir Unit', 'Cabang Semarang - ULaMM Ungaran', 0000000013, '2016-11-03', NULL, NULL, 'active'),
(0000000571, 'PZWHEVNBLK1478106000', 'B4E53D2A0D4CE7C9B740D1165C01C2A2', '3006.02.11', 'Benidektus Sindu Pratikno', 'Analis Pembiayaan Unit', 'Cabang Semarang - ULaMM Ungaran', 0000000013, '2016-11-03', NULL, NULL, 'active');
INSERT INTO `em_event_listpeserta` (`id`, `id_event`, `idsdm`, `nik`, `nama`, `posisi`, `unit_kerja`, `created_by`, `created_date`, `modified_by`, `modified_date`, `is_active`) VALUES
(0000000572, 'PZWHEVNBLK1478106000', '1C79E52A6468B530DE8D266C75E10AE0', '4478.10.15.M', 'Rr Erbita Sekar Poetri', 'Operasional Unit', 'Cabang Semarang - ULaMM Ungaran', 0000000013, '2016-11-03', NULL, NULL, 'active'),
(0000000573, 'PZWHEVNBLK1478106000', 'A503371D976A145F41DA8F6F656148E2', '11656.04.16', 'Adi Prasetio', 'Marketing Unit', 'Cabang Semarang - ULaMM Ungaran', 0000000013, '2016-11-03', NULL, NULL, 'active'),
(0000000574, 'PZWHEVNBLK1478106000', 'B678A2D68A92F635E68363A7BBBBBA4A', '7041.02.14', 'Twicy Firmandi', 'Marketing Unit', 'Cabang Semarang - ULaMM Ungaran', 0000000013, '2016-11-03', NULL, NULL, 'active'),
(0000000575, 'PZWHEVNBLK1478106000', '6D6709CD21A7E419751E5F3E4D78D76D', '10358.11.15', 'Taufiq Nur Aditha', 'Marketing Unit', 'Cabang Semarang - ULaMM Ungaran', 0000000013, '2016-11-03', NULL, NULL, 'active'),
(0000000576, 'PZWHEVNBLK1478106000', 'AB32BE671FB430EE44A7B263C1A02B3A', '4947.10.12', 'Didik Suwasdiyanto', 'Kolektor Unit', 'Cabang Semarang - ULaMM Ungaran', 0000000013, '2016-11-03', NULL, NULL, 'active'),
(0000000577, 'PZWHEVNBLK1478106000', 'F0636D5716C6B8F6647A4F37E712C167', '12048.06.16', 'Luluk Soviani', 'Analis Pembiayaan Unit', 'Cabang Semarang - ULaMM Weleri', 0000000013, '2016-11-03', NULL, NULL, 'active'),
(0000000578, 'PZWHEVNBLK1478106000', '2F9E535C195C2C3ACE62F08EF58E27CA', '12152.06.16', 'Bayu Dwi Jatmiko', 'Marketing Unit', 'Cabang Semarang - ULaMM Weleri', 0000000013, '2016-11-03', NULL, NULL, 'active'),
(0000000579, 'PZWHEVNBLK1478106000', '418A146505BBA7F6526D9CC464D58EBD', '10344.11.15', 'Muhamad Insan Suyudi', 'Marketing Unit', 'Cabang Semarang - ULaMM Weleri', 0000000013, '2016-11-03', NULL, NULL, 'active'),
(0000000580, 'PZWHEVNBLK1478106000', '51812633116A7B3B26CCF21AD98854FD', '4939.10.12', 'Kukuh Iskandar', 'Marketing Unit', 'Cabang Semarang - ULaMM Weleri', 0000000013, '2016-11-03', NULL, NULL, 'active'),
(0000000581, 'PZWHEVNBLK1478106000', '1EFEBBDBDB95C9827C3337360CC39C02', '5212.06.16.M', 'Iis Solekhah', 'Kasir Unit', 'Cabang Semarang - ULaMM Weleri', 0000000013, '2016-11-03', NULL, NULL, 'active'),
(0000000582, 'PZWHEVNBLK1478106000', '4874290294660A189F3A60A29C2AC00F', '8091.10.14', 'Umar Diyanto', 'Kolektor Unit', 'Cabang Semarang - ULaMM Weleri', 0000000013, '2016-11-03', NULL, NULL, 'active'),
(0000000583, 'PZWHEVNBLK1478106000', 'EC59E85A28FB3E836BCB02C1EB769980', '3504.08.14.M', 'Nina Triyani', 'Operasional Unit', 'Cabang Semarang - ULaMM Weleri', 0000000013, '2016-11-03', NULL, NULL, 'active'),
(0000000584, 'PZWHEVNBLK1478106000', 'CD283CEE698B8A89900098C09EAAD469', '2783.01.11', 'Septin Dyah Akhiriani', 'Pj Manajer Unit', 'Cabang Semarang - ULaMM Weleri', 0000000013, '2016-11-03', NULL, NULL, 'active'),
(0000000585, 'PZWHEVNBLK1478106000', '8B4E06FD76FDDB8E3AAA89759FA218B3', '771.04.10', 'Dien Rusyda Ariny', 'Officer SDM Rekrutmen Cabang Semarang', 'Divisi Sumber Daya Manusia - Cabang', 0000000013, '2016-11-03', NULL, NULL, 'active'),
(0000000586, 'PZWHEVNBLK1478106000', 'C45B1D4445C4AB7EF194C11B8BE19B9A', '850.02.11', 'Muhammad Shofa', 'Officer SDM Admin Cabang Semarang', 'Divisi Sumber Daya Manusia - Cabang', 0000000013, '2016-11-03', NULL, NULL, 'active'),
(0000000587, 'PZWHEVNBLK1478106000', '3D1D967E0289691FBD6013104618E2B1', '61.02.16.M', 'Jilma Sang Pujangga', 'Representatif SDM Cabang Semarang', 'General Manager Operasional', 0000000013, '2016-11-03', NULL, NULL, 'active'),
(0000000588, 'PZWHEVNBLK1478106000', '68B05129BBF9AB79FD8CBBDD1F4A4304', '4302.09.15.M', 'Ranto', 'Relationship Officer Cabang Semarang', 'PT. Mitra Proteksi Madani', 0000000013, '2016-11-03', NULL, NULL, 'active'),
(0000000589, 'PZWHEVNBLK1478106000', 'AA83734E135B6D21D4FC329B8916A46A', '830.11.10', 'Totit Arindro', 'Sr. Spesialis Satuan Pengawas Internal, Penempatan Cabang Semarang', 'Satuan Pengawas Intern', 0000000013, '2016-11-03', NULL, NULL, 'active');

-- --------------------------------------------------------

--
-- Struktur dari tabel `em_event_materikm`
--

CREATE TABLE `em_event_materikm` (
  `id` int(11) NOT NULL,
  `id_event` varchar(256) NOT NULL,
  `nama_file` varchar(256) NOT NULL,
  `tipe_file` varchar(50) NOT NULL,
  `is_active` enum('active','disabled','deleted') NOT NULL,
  `created_by` int(10) UNSIGNED ZEROFILL NOT NULL,
  `created_date` datetime NOT NULL,
  `modified_by` int(10) UNSIGNED ZEROFILL DEFAULT NULL,
  `modified_date` datetime DEFAULT NULL
) ENGINE=InnoDB DEFAULT CHARSET=latin1;

--
-- Dumping data untuk tabel `em_event_materikm`
--

INSERT INTO `em_event_materikm` (`id`, `id_event`, `nama_file`, `tipe_file`, `is_active`, `created_by`, `created_date`, `modified_by`, `modified_date`) VALUES
(3, 'ALYOD5WQY21478019600', 'ALYOD5WQY21478019600_20161102at171133_Format Functional Design.docx', 'application/vnd.openxmlformats-officedocument.word', 'active', 0000000013, '2016-11-02 17:11:33', NULL, NULL);

-- --------------------------------------------------------

--
-- Struktur dari tabel `em_event_pic`
--

CREATE TABLE `em_event_pic` (
  `id` int(11) NOT NULL,
  `id_event` varchar(255) NOT NULL,
  `id_karyawan` varchar(255) DEFAULT NULL,
  `nama_pic` varchar(255) NOT NULL,
  `created_by` int(10) UNSIGNED ZEROFILL NOT NULL,
  `created_date` datetime NOT NULL,
  `modified_by` int(11) DEFAULT NULL,
  `modified_date` int(11) DEFAULT NULL,
  `is_active` enum('active','disabled','deleted') NOT NULL
) ENGINE=InnoDB DEFAULT CHARSET=latin1;

--
-- Dumping data untuk tabel `em_event_pic`
--

INSERT INTO `em_event_pic` (`id`, `id_event`, `id_karyawan`, `nama_pic`, `created_by`, `created_date`, `modified_by`, `modified_date`, `is_active`) VALUES
(1, 'LRO01GOVFI1478019600', '5220.05.16.M', 'Eko Agus Sulistiono', 0000000013, '2016-11-02 16:50:34', NULL, NULL, 'active'),
(2, 'LRO01GOVFI1478019600', '2082.10.16.M', 'Faisal Hidayat', 0000000013, '2016-11-02 16:50:34', NULL, NULL, 'active'),
(3, 'LRO01GOVFI1478019600', '5299.08.16.M', 'Zulfikar Ali Fauzi', 0000000013, '2016-11-02 16:50:34', NULL, NULL, 'active'),
(4, 'LRO01GOVFI1478019600', '5354.08.16.M', 'Tanzi Kurniawan', 0000000013, '2016-11-02 16:50:35', NULL, NULL, 'active'),
(11, 'FWKGI9EDBJ1478019600', 'MKR2045.05.16', 'Diega Putri Riadi', 0000000013, '2016-11-02 17:07:19', NULL, NULL, 'active'),
(12, 'FWKGI9EDBJ1478019600', 'MKR2044.03.16', 'Arsy Sukma Dewi', 0000000013, '2016-11-02 17:07:19', NULL, NULL, 'active'),
(21, 'ALYOD5WQY21478019600', 'MKR0032.01.16', 'SOVENDA SEPTA HASTOYO', 0000000013, '2016-11-02 17:17:07', NULL, NULL, 'active'),
(22, 'ALYOD5WQY21478019600', 'MKR0043.01.16', 'YAYANG IQBAL', 0000000013, '2016-11-02 17:17:07', NULL, NULL, 'active'),
(23, 'ALYOD5WQY21478019600', 'MKR0050.01.16', 'IRWAN ZACKY', 0000000013, '2016-11-02 17:17:07', NULL, NULL, 'active'),
(24, 'ALYOD5WQY21478019600', 'MKR1442.05.16', 'IRMA DAMAYANTI', 0000000013, '2016-11-02 17:17:07', NULL, NULL, 'active'),
(25, '5XCTZNBGQZ1478106000', 'MKR1328.05.16', 'FITRIANI SULAEMAN', 0000000013, '2016-11-03 14:16:55', NULL, NULL, 'active'),
(26, '5XCTZNBGQZ1478106000', 'MKR2295.07.16', 'RUDI BUDIONO', 0000000013, '2016-11-03 14:16:55', NULL, NULL, 'active'),
(51, 'O6QV07LSZI1478106000', '8656.02.15', 'Rafiqah', 0000000013, '2016-11-03 17:49:50', NULL, NULL, 'active'),
(52, 'O6QV07LSZI1478106000', '2321.05.10', 'Fadlurrahmat', 0000000013, '2016-11-03 17:49:50', NULL, NULL, 'active'),
(53, 'O6QV07LSZI1478106000', '11286.04.16', 'Rahmad Akbar', 0000000013, '2016-11-03 17:49:50', NULL, NULL, 'active'),
(54, 'O6QV07LSZI1478106000', '8483.12.14', 'Iqbal', 0000000013, '2016-11-03 17:49:50', NULL, NULL, 'active'),
(55, 'O6QV07LSZI1478106000', '2319.05.10', 'Said Barzah', 0000000013, '2016-11-03 17:49:50', NULL, NULL, 'active'),
(56, 'O6QV07LSZI1478106000', '1185.11.12', 'Cut Suryati', 0000000013, '2016-11-03 17:49:50', NULL, NULL, 'active'),
(61, 'PZWHEVNBLK1478106000', '12275.07.16', 'Miswar', 0000000013, '2016-11-03 17:56:21', NULL, NULL, 'active'),
(62, 'PZWHEVNBLK1478106000', '1316.02.09', 'Abdullah', 0000000013, '2016-11-03 17:56:21', NULL, NULL, 'active'),
(63, 'PZWHEVNBLK1478106000', '8656.02.15', 'Rafiqah', 0000000013, '2016-11-03 17:56:21', NULL, NULL, 'active'),
(64, 'PZWHEVNBLK1478106000', '2321.05.10', 'Fadlurrahmat', 0000000013, '2016-11-03 17:56:21', NULL, NULL, 'active');

-- --------------------------------------------------------

--
-- Struktur dari tabel `em_event_rab`
--

CREATE TABLE `em_event_rab` (
  `id` int(11) NOT NULL,
  `id_event` varchar(256) NOT NULL,
  `id_rab` int(11) NOT NULL,
  `id_rab_parent` int(11) DEFAULT NULL,
  `jumlah` bigint(20) DEFAULT NULL,
  `qty` int(11) DEFAULT NULL,
  `unit_cost` bigint(20) DEFAULT NULL,
  `total` bigint(20) DEFAULT NULL,
  `created_by` int(11) NOT NULL,
  `created_date` datetime NOT NULL,
  `modified_by` int(11) DEFAULT NULL,
  `modified_date` datetime DEFAULT NULL,
  `is_active` enum('active','disabled','deleted') NOT NULL
) ENGINE=InnoDB DEFAULT CHARSET=latin1;

--
-- Dumping data untuk tabel `em_event_rab`
--

INSERT INTO `em_event_rab` (`id`, `id_event`, `id_rab`, `id_rab_parent`, `jumlah`, `qty`, `unit_cost`, `total`, `created_by`, `created_date`, `modified_by`, `modified_date`, `is_active`) VALUES
(1, 'LRO01GOVFI1478019600', 5, NULL, NULL, NULL, NULL, 1120000, 13, '2016-11-02 16:50:35', NULL, NULL, 'active'),
(2, 'LRO01GOVFI1478019600', 12, 5, 1, 1, 500000, 500000, 13, '2016-11-02 16:50:35', NULL, NULL, 'active'),
(3, 'LRO01GOVFI1478019600', 6, 5, 4, 1, 50000, 200000, 13, '2016-11-02 16:50:35', NULL, NULL, 'active'),
(4, 'LRO01GOVFI1478019600', 7, 5, 4, 1, 100000, 400000, 13, '2016-11-02 16:50:35', NULL, NULL, 'active'),
(5, 'LRO01GOVFI1478019600', 8, 5, 2, 1, 10000, 20000, 13, '2016-11-02 16:50:35', NULL, NULL, 'active'),
(6, 'LRO01GOVFI1478019600', 1, NULL, NULL, NULL, NULL, 300000, 13, '2016-11-02 16:50:35', NULL, NULL, 'active'),
(7, 'LRO01GOVFI1478019600', 2, 1, 2, 1, 150000, 300000, 13, '2016-11-02 16:50:35', NULL, NULL, 'active'),
(8, 'LRO01GOVFI1478019600', 18, NULL, NULL, NULL, NULL, 1640000, 13, '2016-11-02 16:50:35', NULL, NULL, 'active'),
(9, 'LRO01GOVFI1478019600', 22, 18, 1, 1, 1400000, 1400000, 13, '2016-11-02 16:50:35', NULL, NULL, 'active'),
(10, 'LRO01GOVFI1478019600', 19, 18, 20, 1, 12000, 240000, 13, '2016-11-02 16:50:35', NULL, NULL, 'active'),
(23, 'FWKGI9EDBJ1478019600', 5, NULL, NULL, NULL, NULL, 400000, 13, '2016-11-02 17:07:19', NULL, NULL, 'active'),
(24, 'FWKGI9EDBJ1478019600', 10, 5, 2, 1, 200000, 400000, 13, '2016-11-02 17:07:19', NULL, NULL, 'active'),
(25, 'FWKGI9EDBJ1478019600', 1, NULL, NULL, NULL, NULL, 1000000, 13, '2016-11-02 17:07:19', NULL, NULL, 'active'),
(26, 'FWKGI9EDBJ1478019600', 2, 1, 1, 1, 1000000, 1000000, 13, '2016-11-02 17:07:19', NULL, NULL, 'active'),
(31, 'ALYOD5WQY21478019600', 5, NULL, NULL, NULL, NULL, 600000, 13, '2016-11-02 17:17:07', NULL, NULL, 'active'),
(32, 'ALYOD5WQY21478019600', 10, 5, 1, 1, 600000, 600000, 13, '2016-11-02 17:17:07', NULL, NULL, 'active'),
(33, '5XCTZNBGQZ1478106000', 5, NULL, NULL, NULL, NULL, 200000, 13, '2016-11-03 14:16:55', NULL, NULL, 'active'),
(34, '5XCTZNBGQZ1478106000', 12, 5, 1, 1, 100000, 100000, 13, '2016-11-03 14:16:55', NULL, NULL, 'active'),
(35, '5XCTZNBGQZ1478106000', 9, 5, 1, 2, 50000, 100000, 13, '2016-11-03 14:16:55', NULL, NULL, 'active'),
(36, '5XCTZNBGQZ1478106000', 18, NULL, NULL, NULL, NULL, 40000, 13, '2016-11-03 14:16:55', NULL, NULL, 'active'),
(37, '5XCTZNBGQZ1478106000', 21, 18, 1, 2, 20000, 40000, 13, '2016-11-03 14:16:56', NULL, NULL, 'active'),
(44, 'O6QV07LSZI1478106000', 5, NULL, NULL, NULL, NULL, 46100, 13, '2016-11-03 17:49:51', NULL, NULL, 'active'),
(45, 'O6QV07LSZI1478106000', 12, 5, 1, 1, 100, 100, 13, '2016-11-03 17:49:51', NULL, NULL, 'active'),
(46, 'O6QV07LSZI1478106000', 10, 5, 2, 1, 23000, 46000, 13, '2016-11-03 17:49:51', NULL, NULL, 'active'),
(49, 'PZWHEVNBLK1478106000', 5, NULL, NULL, NULL, NULL, 20000, 13, '2016-11-03 17:56:21', NULL, NULL, 'active'),
(50, 'PZWHEVNBLK1478106000', 10, 5, 1, 1, 20000, 20000, 13, '2016-11-03 17:56:22', NULL, NULL, 'active');

-- --------------------------------------------------------

--
-- Struktur dari tabel `em_event_rundown`
--

CREATE TABLE `em_event_rundown` (
  `id` int(11) NOT NULL,
  `id_event` varchar(256) NOT NULL,
  `nama_file` varchar(256) NOT NULL,
  `tipe_file` varchar(50) NOT NULL,
  `is_active` enum('active','disabled','deleted') NOT NULL,
  `created_by` int(10) UNSIGNED ZEROFILL NOT NULL,
  `created_date` datetime NOT NULL,
  `modified_by` int(10) UNSIGNED ZEROFILL DEFAULT NULL,
  `modified_date` datetime DEFAULT NULL
) ENGINE=InnoDB DEFAULT CHARSET=latin1;

--
-- Dumping data untuk tabel `em_event_rundown`
--

INSERT INTO `em_event_rundown` (`id`, `id_event`, `nama_file`, `tipe_file`, `is_active`, `created_by`, `created_date`, `modified_by`, `modified_date`) VALUES
(1, 'LRO01GOVFI1478019600', 'LRO01GOVFI1478019600_20161102at165035_untukcoba.xlsx', 'application/vnd.openxmlformats-officedocument.spre', 'active', 0000000013, '2016-11-02 16:50:35', NULL, NULL),
(4, 'ALYOD5WQY21478019600', 'ALYOD5WQY21478019600_20161102at171133_untukcoba.xlsx', 'application/vnd.openxmlformats-officedocument.spre', 'active', 0000000013, '2016-11-02 17:11:33', NULL, NULL),
(5, '5XCTZNBGQZ1478106000', '5XCTZNBGQZ1478106000_20161103at141655_untukcoba.xlsx', 'application/vnd.openxmlformats-officedocument.spre', 'active', 0000000013, '2016-11-03 14:16:55', NULL, NULL),
(6, 'O6QV07LSZI1478106000', 'O6QV07LSZI1478106000_20161103at174455_untukcoba.xlsx', 'application/vnd.openxmlformats-officedocument.spre', 'active', 0000000013, '2016-11-03 17:44:55', NULL, NULL),
(7, 'PZWHEVNBLK1478106000', 'PZWHEVNBLK1478106000_20161103at175512_untukcoba.xlsx', 'application/vnd.openxmlformats-officedocument.spre', 'active', 0000000013, '2016-11-03 17:55:12', NULL, NULL);

-- --------------------------------------------------------

--
-- Struktur dari tabel `em_event_trainer`
--

CREATE TABLE `em_event_trainer` (
  `id` int(11) NOT NULL,
  `id_event` varchar(255) NOT NULL,
  `kategori_trainer` enum('internal','eksternal') NOT NULL,
  `id_kategori_trainer` int(11) NOT NULL,
  `materi` varchar(255) DEFAULT NULL,
  `is_active` enum('active','disabled','deleted') NOT NULL,
  `created_by` int(11) NOT NULL,
  `created_date` datetime NOT NULL,
  `modified_by` int(11) DEFAULT NULL,
  `modified_date` datetime DEFAULT NULL
) ENGINE=InnoDB DEFAULT CHARSET=latin1;

--
-- Dumping data untuk tabel `em_event_trainer`
--

INSERT INTO `em_event_trainer` (`id`, `id_event`, `kategori_trainer`, `id_kategori_trainer`, `materi`, `is_active`, `created_by`, `created_date`, `modified_by`, `modified_date`) VALUES
(1, 'LRO01GOVFI1478019600', 'internal', 8, NULL, 'active', 13, '2016-11-02 16:50:35', NULL, NULL),
(2, 'LRO01GOVFI1478019600', 'internal', 7, NULL, 'active', 13, '2016-11-02 16:50:35', NULL, NULL),
(6, 'FWKGI9EDBJ1478019600', 'internal', 7, NULL, 'active', 13, '2016-11-02 17:07:19', NULL, NULL),
(9, 'ALYOD5WQY21478019600', 'internal', 7, NULL, 'active', 13, '2016-11-02 17:17:07', NULL, NULL),
(10, '5XCTZNBGQZ1478106000', 'internal', 8, 'Materi Nama', 'active', 13, '2016-11-03 14:16:55', NULL, NULL),
(11, '5XCTZNBGQZ1478106000', 'internal', 7, 'Contoh Materi', 'active', 13, '2016-11-03 14:16:55', NULL, NULL),
(14, 'O6QV07LSZI1478106000', 'internal', 1, 'Materi Nama', 'active', 13, '2016-11-03 17:49:50', NULL, NULL),
(18, 'PZWHEVNBLK1478106000', 'internal', 8, 'Materi Nama', 'active', 13, '2016-11-03 17:56:21', NULL, NULL),
(19, 'PZWHEVNBLK1478106000', 'internal', 7, 'Materi Nama', 'active', 13, '2016-11-03 17:56:21', NULL, NULL),
(20, 'PZWHEVNBLK1478106000', 'internal', 1, 'Contoh Materi', 'active', 13, '2016-11-03 17:56:21', NULL, NULL);

-- --------------------------------------------------------

--
-- Struktur dari tabel `em_feedback`
--

CREATE TABLE `em_feedback` (
  `id` int(11) NOT NULL,
  `id_event` varchar(256) NOT NULL,
  `url_feedback` varchar(255) NOT NULL,
  `is_active` enum('active','disabled','deleted') NOT NULL,
  `created_by` int(10) UNSIGNED ZEROFILL NOT NULL,
  `created_date` datetime NOT NULL,
  `modified_by` int(10) UNSIGNED ZEROFILL DEFAULT NULL,
  `modified_date` datetime DEFAULT NULL
) ENGINE=InnoDB DEFAULT CHARSET=latin1;

--
-- Dumping data untuk tabel `em_feedback`
--

INSERT INTO `em_feedback` (`id`, `id_event`, `url_feedback`, `is_active`, `created_by`, `created_date`, `modified_by`, `modified_date`) VALUES
(5, '9NZ8Z2HRK01477587600', 'http://pnm.co.id', 'active', 0000000000, '2016-10-28 14:45:05', NULL, NULL);

-- --------------------------------------------------------

--
-- Struktur dari tabel `em_feedback_detail`
--

CREATE TABLE `em_feedback_detail` (
  `id` int(11) NOT NULL,
  `id_feedback` int(11) NOT NULL,
  `idsdm` varchar(256) NOT NULL,
  `nik` varchar(256) NOT NULL,
  `nama` varchar(256) NOT NULL,
  `email` varchar(256) NOT NULL,
  `status` enum('success','failed') NOT NULL,
  `sent_datetime` datetime NOT NULL
) ENGINE=InnoDB DEFAULT CHARSET=latin1;

--
-- Dumping data untuk tabel `em_feedback_detail`
--

INSERT INTO `em_feedback_detail` (`id`, `id_feedback`, `idsdm`, `nik`, `nama`, `email`, `status`, `sent_datetime`) VALUES
(1, 1, '4F4D5D8D6F769359B5421A939A4214C7', '4F4D5D8D6F769359B5421A939A4214C7', 'FITRIANI SULAEMAN', 'deby.natazha@yahoo.co.id', 'success', '2016-10-22 22:53:38'),
(2, 1, '20D6EB8F2A2C270F51A28297FEC61440', '20D6EB8F2A2C270F51A28297FEC61440', 'IRWAN ZACKY', 'deby.natazha@yahoo.co.id', 'success', '2016-10-22 22:53:38'),
(3, 1, 'EE6C13783F449DB5489DCABC60436E2F', 'EE6C13783F449DB5489DCABC60436E2F', 'YAYANG IQBAL', 'deby.natazha@yahoo.co.id', 'success', '2016-10-22 22:53:39'),
(4, 2, '08379D4E957B887E2368C69951D396AB', '08379D4E957B887E2368C69951D396AB', 'ADI SETIA HARMAWAN', 'deby.natazha@yahoo.co.id', 'success', '2016-10-22 22:56:03'),
(5, 2, '38B636D94B1CA3B1F2532DB740DA446C', '38B636D94B1CA3B1F2532DB740DA446C', 'Andika Permana Putra Purba', 'deby.natazha@yahoo.co.id', 'success', '2016-10-22 22:56:03'),
(6, 2, 'C0A40529E71FAB0CF898BE05EFAEF8B8', 'C0A40529E71FAB0CF898BE05EFAEF8B8', 'Cecem Taufik', 'deby.natazha@yahoo.co.id', 'success', '2016-10-22 22:56:03'),
(7, 2, '847D05E1340EDFA68E01B450D299B878', '847D05E1340EDFA68E01B450D299B878', 'Dwi Retno Sari', 'deby.natazha@yahoo.co.id', 'success', '2016-10-22 22:56:04'),
(8, 2, '4F4D5D8D6F769359B5421A939A4214C7', '4F4D5D8D6F769359B5421A939A4214C7', 'FITRIANI SULAEMAN', 'deby.natazha@yahoo.co.id', 'success', '2016-10-22 22:56:04'),
(9, 2, 'ECD2FD56BAAA7D522748DB3BA18CB79B', 'ECD2FD56BAAA7D522748DB3BA18CB79B', 'Ilham Hidayat', 'deby.natazha@yahoo.co.id', 'success', '2016-10-22 22:56:04'),
(10, 2, '20D6EB8F2A2C270F51A28297FEC61440', '20D6EB8F2A2C270F51A28297FEC61440', 'IRWAN ZACKY', 'deby.natazha@yahoo.co.id', 'success', '2016-10-22 22:56:05'),
(11, 2, '48BD28C62468F88CE63FA6C09AE53EBF', '48BD28C62468F88CE63FA6C09AE53EBF', 'Risky Handayani', 'deby.natazha@yahoo.co.id', 'success', '2016-10-22 22:56:05'),
(12, 2, '256EC73DA11A6F7EF3309C2B98888D56', '256EC73DA11A6F7EF3309C2B98888D56', 'Shany Cindy Riana', 'deby.natazha@yahoo.co.id', 'success', '2016-10-22 22:56:05'),
(13, 2, 'DA272D7FCB7ADEFF251E1C52760506C7', 'DA272D7FCB7ADEFF251E1C52760506C7', 'SOVENDA SEPTA HASTOYO', 'deby.natazha@yahoo.co.id', 'success', '2016-10-22 22:56:05'),
(14, 2, 'EE6C13783F449DB5489DCABC60436E2F', 'EE6C13783F449DB5489DCABC60436E2F', 'YAYANG IQBAL', 'deby.natazha@yahoo.co.id', 'success', '2016-10-22 22:56:05'),
(15, 3, '847D05E1340EDFA68E01B450D299B878', '847D05E1340EDFA68E01B450D299B878', 'Dwi Retno Sari', 'deby.natazha@yahoo.co.id', 'success', '2016-10-22 23:02:53'),
(16, 3, '256EC73DA11A6F7EF3309C2B98888D56', '256EC73DA11A6F7EF3309C2B98888D56', 'Shany Cindy Riana', 'deby.natazha@yahoo.co.id', 'success', '2016-10-22 23:02:53'),
(17, 4, '38B636D94B1CA3B1F2532DB740DA446C', '38B636D94B1CA3B1F2532DB740DA446C', 'Andika Permana Putra Purba', 'deby.natazha@yahoo.co.id', 'success', '2016-10-22 23:05:14'),
(18, 4, 'ECD2FD56BAAA7D522748DB3BA18CB79B', 'ECD2FD56BAAA7D522748DB3BA18CB79B', 'Ilham Hidayat', 'deby.natazha@yahoo.co.id', 'success', '2016-10-22 23:05:14'),
(19, 5, '08379D4E957B887E2368C69951D396AB', '08379D4E957B887E2368C69951D396AB', 'ADI SETIA HARMAWAN', 'deby.natazha@yahoo.co.id', 'success', '2016-10-28 14:45:06'),
(20, 5, '38B636D94B1CA3B1F2532DB740DA446C', '38B636D94B1CA3B1F2532DB740DA446C', 'Andika Permana Putra Purba', 'deby.natazha@yahoo.co.id', 'success', '2016-10-28 14:45:06'),
(21, 5, 'C0A40529E71FAB0CF898BE05EFAEF8B8', 'C0A40529E71FAB0CF898BE05EFAEF8B8', 'Cecem Taufik', 'deby.natazha@yahoo.co.id', 'success', '2016-10-28 14:45:06');

-- --------------------------------------------------------

--
-- Struktur dari tabel `em_kategori_event`
--

CREATE TABLE `em_kategori_event` (
  `id` int(10) UNSIGNED ZEROFILL NOT NULL,
  `kategori_event` varchar(256) NOT NULL,
  `created_by` int(11) UNSIGNED ZEROFILL NOT NULL,
  `created_date` datetime NOT NULL,
  `modified_by` int(11) UNSIGNED ZEROFILL DEFAULT NULL,
  `modified_date` datetime DEFAULT NULL,
  `is_active` enum('active','disabled','deleted') NOT NULL
) ENGINE=InnoDB DEFAULT CHARSET=latin1;

--
-- Dumping data untuk tabel `em_kategori_event`
--

INSERT INTO `em_kategori_event` (`id`, `kategori_event`, `created_by`, `created_date`, `modified_by`, `modified_date`, `is_active`) VALUES
(0000000001, 'Training', 00000000001, '0000-00-00 00:00:00', 00000000002, '2016-10-12 13:56:02', 'active'),
(0000000002, 'Exam', 00000000001, '0000-00-00 00:00:00', NULL, NULL, 'active'),
(0000000004, 'others', 00000000002, '2016-10-12 13:36:06', NULL, NULL, 'active'),
(0000000005, 'asd', 00000000002, '2016-10-12 13:37:09', NULL, '2016-10-12 13:45:16', 'deleted'),
(0000000006, 'Coba event', 00000000002, '2016-10-12 13:45:54', NULL, '2016-10-12 13:45:58', 'deleted'),
(0000000007, 'asda', 00000000002, '2016-10-12 13:47:36', NULL, '2016-10-12 13:47:41', 'deleted'),
(0000000008, 'gggg', 00000000002, '2016-10-12 13:49:24', 00000000002, '2016-10-12 13:49:27', 'deleted'),
(0000000009, 'asdasd', 00000000002, '2016-10-12 16:51:42', 00000000002, '2016-10-12 17:50:39', 'deleted'),
(0000000010, 'adasd', 00000000002, '2016-10-12 17:08:21', 00000000002, '2016-10-12 17:50:34', 'deleted'),
(0000000011, 'sfff', 00000000002, '2016-10-12 17:23:13', 00000000002, '2016-10-12 17:51:20', 'disabled'),
(0000000012, 'kta', 00000000002, '2016-10-12 17:27:07', 00000000002, '2016-10-12 17:50:44', 'deleted'),
(0000000013, 'coba kategori 1', 00000000002, '2016-10-12 17:50:52', 00000000002, '2016-10-12 17:51:11', 'disabled'),
(0000000014, 'asdasd', 00000000002, '2016-10-12 17:57:10', NULL, NULL, 'disabled');

-- --------------------------------------------------------

--
-- Struktur dari tabel `em_kategori_rab`
--

CREATE TABLE `em_kategori_rab` (
  `id` int(11) NOT NULL,
  `id_parent` int(11) DEFAULT NULL COMMENT 'Diisi jika merupakan judul, jika bukan maka kosongkan',
  `deskripsi` varchar(255) NOT NULL,
  `jumlah_unit` varchar(20) DEFAULT NULL,
  `frekwensi` varchar(20) DEFAULT NULL,
  `is_active` enum('active','disabled','deleted') NOT NULL,
  `created_by` int(10) UNSIGNED ZEROFILL NOT NULL,
  `created_date` datetime NOT NULL,
  `modified_by` int(10) UNSIGNED ZEROFILL DEFAULT NULL,
  `modified_date` datetime DEFAULT NULL
) ENGINE=InnoDB DEFAULT CHARSET=latin1;

--
-- Dumping data untuk tabel `em_kategori_rab`
--

INSERT INTO `em_kategori_rab` (`id`, `id_parent`, `deskripsi`, `jumlah_unit`, `frekwensi`, `is_active`, `created_by`, `created_date`, `modified_by`, `modified_date`) VALUES
(1, NULL, 'Honor', '', '', 'active', 0000000001, '2016-10-07 09:28:19', NULL, NULL),
(2, 1, 'Pelatih Internal', 'jam', 'hari', 'active', 0000000001, '2016-10-07 09:28:19', NULL, NULL),
(3, 1, 'Pelatih Eksternal', 'kali', 'hari', 'active', 0000000001, '2016-10-07 09:28:19', NULL, NULL),
(4, 1, 'Vendor (EO)', 'event', 'kali', 'active', 0000000001, '2016-10-07 09:28:19', NULL, NULL),
(5, NULL, 'Akomodasi dan Konsumsi', '', '', 'active', 0000000001, '2016-10-07 09:28:19', NULL, NULL),
(6, 5, 'Peserta', 'pax', 'hari', 'active', 0000000001, '2016-10-07 09:28:19', NULL, NULL),
(7, 5, 'PIC Training', 'pax', 'hari', 'active', 0000000001, '2016-10-07 09:28:19', NULL, NULL),
(8, 5, 'Trainer', 'pax', 'hari', 'active', 0000000001, '2016-10-07 09:28:19', NULL, NULL),
(9, 5, 'Laundry', 'pax', 'hari', 'active', 0000000001, '2016-10-07 09:28:19', NULL, NULL),
(10, 5, 'Konsumsi Lain-lain', 'pax', 'hari', 'active', 0000000001, '2016-10-07 09:28:19', NULL, NULL),
(11, 5, 'Ruang Meeting', 'unit', 'hari', 'active', 0000000001, '2016-10-07 09:28:19', NULL, NULL),
(12, 5, 'Hotel', 'unit', 'hari', 'active', 0000000001, '2016-10-07 09:28:19', NULL, NULL),
(13, NULL, 'Transportasi', '', '', 'active', 0000000001, '2016-10-07 09:28:19', NULL, NULL),
(14, 13, 'SPD Peserta', 'pax', '', 'active', 0000000001, '2016-10-07 09:28:19', NULL, NULL),
(15, 13, 'SPD PIC dan Trainer', 'pcs', '', 'active', 0000000001, '2016-10-07 09:28:19', NULL, NULL),
(16, 13, 'Tiket PP', 'pcs', '', 'active', 0000000001, '2016-10-07 09:28:19', NULL, NULL),
(17, 13, 'Transportasi Utama', 'unit', '', 'active', 0000000001, '2016-10-07 09:28:19', NULL, NULL),
(18, NULL, 'Perlengkapan', '', '', 'active', 0000000001, '2016-10-07 09:28:19', NULL, NULL),
(19, 18, 'Fotocopy Materi', 'pax', 'kali', 'active', 0000000001, '2016-10-07 09:28:19', NULL, NULL),
(20, 18, 'Spanduk/Banner', 'pcs', 'kali', 'active', 0000000001, '2016-10-07 09:28:19', NULL, NULL),
(21, 18, 'ATK/Training Kit', 'pcs', 'kali', 'active', 0000000001, '2016-10-07 09:28:19', NULL, NULL),
(22, 18, 'Bus', 'unit', 'kali', 'active', 0000000001, '2016-10-07 09:28:19', NULL, NULL),
(23, 18, 'Kaos', 'pcs', 'kali', 'active', 0000000001, '2016-10-07 09:28:19', NULL, NULL),
(24, 18, 'Obat-obatan', 'pcs', 'kali', 'active', 0000000001, '2016-10-07 09:28:19', NULL, NULL),
(25, 18, 'Extra Bed', 'unit', 'hari', 'active', 0000000001, '2016-10-07 09:28:19', NULL, NULL),
(26, NULL, 'Uang Muka', '', '', 'deleted', 0000000001, '2016-10-07 09:28:19', NULL, '2016-10-21 11:30:52'),
(27, NULL, 'test kategori rab', '', '', 'deleted', 0000000011, '2016-10-18 16:07:17', NULL, '2016-10-21 13:38:10'),
(28, 27, 'test child dari test kategori awal', '', '', 'deleted', 0000000011, '2016-10-18 16:08:34', NULL, '2016-10-21 13:38:10');

-- --------------------------------------------------------

--
-- Struktur dari tabel `em_kategori_tempat`
--

CREATE TABLE `em_kategori_tempat` (
  `id` int(11) NOT NULL,
  `kategori_tempat` varchar(256) NOT NULL,
  `created_by` int(11) NOT NULL,
  `created_date` datetime NOT NULL,
  `modified_by` int(11) UNSIGNED ZEROFILL DEFAULT NULL,
  `modified_date` datetime DEFAULT NULL,
  `is_active` enum('active','disabled','deleted') NOT NULL
) ENGINE=InnoDB DEFAULT CHARSET=latin1;

--
-- Dumping data untuk tabel `em_kategori_tempat`
--

INSERT INTO `em_kategori_tempat` (`id`, `kategori_tempat`, `created_by`, `created_date`, `modified_by`, `modified_date`, `is_active`) VALUES
(2, 'Hotel', 99450915, '2016-10-11 19:27:18', NULL, NULL, 'active'),
(3, 'Villa', 99450915, '2016-10-11 19:27:52', NULL, NULL, 'active'),
(4, 'coba tempat kategori a', 99450915, '2016-10-11 19:29:42', 00000000002, '2016-10-12 18:31:26', 'deleted'),
(5, 'coba lagi a', 99450915, '2016-10-11 19:30:46', 00000000002, '2016-10-12 18:31:15', 'deleted'),
(6, 'coba tempat kategor sadi', 2, '2016-10-12 16:55:55', 00000000002, '2016-10-12 17:00:00', 'deleted'),
(7, '', 2, '2016-10-12 17:01:12', 00000000002, '2016-10-12 17:03:14', 'deleted'),
(8, 'coba tempat kategori', 2, '2016-10-12 17:02:39', 00000000002, '2016-10-12 18:31:30', 'deleted'),
(9, 'asd sda', 2, '2016-10-12 17:03:21', 00000000002, '2016-10-12 18:31:10', 'deleted'),
(10, '', 2, '2016-10-12 17:04:05', 00000000002, '2016-10-12 17:07:00', 'deleted'),
(11, 'coba tempat kategori asdasdsa', 2, '2016-10-12 17:07:12', 00000000002, '2016-10-12 18:31:03', 'deleted'),
(12, '', 2, '2016-10-12 17:07:18', 00000000011, '2016-10-12 17:11:20', 'deleted'),
(13, 'coba tempat kategor sadi', 11, '2016-10-12 17:11:27', 00000000002, '2016-10-12 18:31:33', 'deleted'),
(14, 'coba tempat kategor sadi hgfjgjh', 11, '2016-10-12 17:13:03', 00000000002, '2016-10-12 18:31:13', 'deleted'),
(15, '', 11, '2016-10-12 17:13:09', 00000000011, '2016-10-12 17:19:41', 'deleted'),
(16, 'hahaha', 11, '2016-10-12 17:20:08', 00000000002, '2016-10-12 18:31:18', 'deleted'),
(17, 'coba html', 2, '2016-10-12 17:23:37', 00000000002, '2016-10-12 18:31:07', 'deleted'),
(18, 'kategori magrib', 2, '2016-10-12 17:53:35', 00000000002, '2016-10-12 18:31:37', 'deleted');

-- --------------------------------------------------------

--
-- Struktur dari tabel `em_klasifikasimateri`
--

CREATE TABLE `em_klasifikasimateri` (
  `id` int(10) UNSIGNED ZEROFILL NOT NULL,
  `nama_klasifikasi` varchar(256) NOT NULL,
  `is_active` enum('active','disabled','deleted') NOT NULL,
  `created_by` int(11) UNSIGNED ZEROFILL NOT NULL,
  `created_date` datetime NOT NULL,
  `modified_by` int(11) UNSIGNED ZEROFILL DEFAULT NULL,
  `modified_date` datetime DEFAULT NULL
) ENGINE=InnoDB DEFAULT CHARSET=latin1;

--
-- Dumping data untuk tabel `em_klasifikasimateri`
--

INSERT INTO `em_klasifikasimateri` (`id`, `nama_klasifikasi`, `is_active`, `created_by`, `created_date`, `modified_by`, `modified_date`) VALUES
(0000000001, 'materi pengantar', 'active', 00000000001, '2016-10-05 00:00:00', NULL, NULL),
(0000000002, 'materi pokok', 'active', 00000000001, '2016-10-05 00:00:00', NULL, NULL),
(0000000003, 'Materi Public Speaking 1', 'disabled', 00000890600, '2016-10-07 14:10:27', 00000890600, '2016-10-07 14:10:56'),
(0000000004, 'Materi Untuk Dihapus', 'deleted', 00000890600, '2016-10-07 14:11:11', 00000890600, '2016-10-07 14:11:18');

-- --------------------------------------------------------

--
-- Struktur dari tabel `em_listpersetujuan`
--

CREATE TABLE `em_listpersetujuan` (
  `id` int(10) UNSIGNED ZEROFILL NOT NULL,
  `id_tipepelatihan` varchar(256) DEFAULT NULL COMMENT 'Kumpulan id tipe pelatihan yg digunakan untuk list tsb',
  `idsdm` varchar(256) NOT NULL,
  `nip` varchar(256) NOT NULL,
  `nama_lengkap` varchar(256) NOT NULL,
  `unit_kerja` varchar(256) NOT NULL,
  `posisi` varchar(256) NOT NULL,
  `biaya_minimum` bigint(20) DEFAULT NULL,
  `biaya_maksimum` bigint(20) DEFAULT NULL,
  `is_active` enum('active','disabled','deleted') NOT NULL,
  `created_by` int(11) UNSIGNED ZEROFILL NOT NULL,
  `created_date` datetime NOT NULL,
  `modified_by` int(11) UNSIGNED ZEROFILL DEFAULT NULL,
  `modified_date` datetime DEFAULT NULL
) ENGINE=InnoDB DEFAULT CHARSET=latin1;

--
-- Dumping data untuk tabel `em_listpersetujuan`
--

INSERT INTO `em_listpersetujuan` (`id`, `id_tipepelatihan`, `idsdm`, `nip`, `nama_lengkap`, `unit_kerja`, `posisi`, `biaya_minimum`, `biaya_maksimum`, `is_active`, `created_by`, `created_date`, `modified_by`, `modified_date`) VALUES
(0000000001, NULL, '0039B63EF8FA2E62FFFEE1B2D9D97A90', 'D074.09.15', 'Morrison Hendrik Riwu Kore', 'Divisi Pengembangan Portofolio Wilayah Unit Bisnis MEKAAR', 'Strategic Advisory Pembiayaan Kelompok Miskin Ekonomi', 434343, 121212, 'active', 00000000011, '2016-11-03 10:24:32', 00000000011, '2016-11-03 14:21:25'),
(0000000002, NULL, '000332C969AF5D5B1FFA121AFFB26C52', '1895.10.12.M', 'Dewi Wulan Apriani', 'Cabang Bekasi - ULaMM Cikarang', 'Operasional Unit', NULL, NULL, 'deleted', 00000000011, '2016-11-03 10:26:28', 00000000011, '2016-11-03 11:47:42'),
(0000000004, NULL, '3AFF60BB7B7BC0776978B0B084B0A142', '545.07.08', 'Ahmad Nur Muharram', 'Divisi Pusat Pendidikan dan Pelatihan', 'Sr. Spesialis', 100000000, 200000000, 'active', 00000000011, '2016-11-03 10:44:37', NULL, NULL);

-- --------------------------------------------------------

--
-- Struktur dari tabel `em_listpersetujuan_alt`
--

CREATE TABLE `em_listpersetujuan_alt` (
  `id` int(10) UNSIGNED ZEROFILL NOT NULL,
  `id_listpersetujuan` int(10) UNSIGNED ZEROFILL NOT NULL,
  `idsdm` varchar(256) NOT NULL,
  `nip` varchar(256) NOT NULL,
  `nama_lengkap` varchar(256) NOT NULL,
  `unit_kerja` varchar(256) NOT NULL,
  `posisi` varchar(256) NOT NULL,
  `is_active` enum('active','disabled','deleted') NOT NULL,
  `created_by` int(11) UNSIGNED ZEROFILL NOT NULL,
  `created_date` datetime NOT NULL,
  `modified_by` int(11) UNSIGNED ZEROFILL DEFAULT NULL,
  `modified_date` datetime DEFAULT NULL
) ENGINE=InnoDB DEFAULT CHARSET=latin1;

--
-- Dumping data untuk tabel `em_listpersetujuan_alt`
--

INSERT INTO `em_listpersetujuan_alt` (`id`, `id_listpersetujuan`, `idsdm`, `nip`, `nama_lengkap`, `unit_kerja`, `posisi`, `is_active`, `created_by`, `created_date`, `modified_by`, `modified_date`) VALUES
(0000000001, 0000000001, '000B5D413523F7C13BAA91F30C70D050', '927.07.11', 'Ani Andriani', 'Divisi Operasi', 'Officer Layanan Operasi', 'active', 00000000011, '2016-11-03 13:04:53', 00000000011, '2016-11-03 14:21:25');

-- --------------------------------------------------------

--
-- Struktur dari tabel `em_materi`
--

CREATE TABLE `em_materi` (
  `id` int(11) UNSIGNED ZEROFILL NOT NULL,
  `id_materi` varchar(255) NOT NULL,
  `nama_materi` varchar(255) NOT NULL,
  `id_klasifikasi_materi` int(11) UNSIGNED ZEROFILL NOT NULL,
  `is_active` enum('active','disabled','deleted') NOT NULL,
  `created_by` int(11) UNSIGNED ZEROFILL NOT NULL,
  `created_date` datetime NOT NULL,
  `modified_by` int(11) UNSIGNED ZEROFILL DEFAULT NULL,
  `modified_date` datetime DEFAULT NULL
) ENGINE=InnoDB DEFAULT CHARSET=latin1;

--
-- Dumping data untuk tabel `em_materi`
--

INSERT INTO `em_materi` (`id`, `id_materi`, `nama_materi`, `id_klasifikasi_materi`, `is_active`, `created_by`, `created_date`, `modified_by`, `modified_date`) VALUES
(00000000001, 'md2a-23', 'Materi Pengantar Seminar', 00000000001, 'disabled', 00000890600, '2016-10-07 14:38:48', 00000890600, '2016-10-07 14:57:29'),
(00000000002, 'aa9x-23', 'Contoh Materi', 00000000002, 'active', 00000890600, '2016-10-07 14:52:26', 00000890600, '2016-10-07 14:59:35'),
(00000000003, 'ss9c-00', 'Inner Beauty', 00000000002, 'deleted', 00000890600, '2016-10-07 14:52:55', 00000890600, '2016-10-07 15:05:27'),
(00000000004, 'AB1C-20', 'Materi Nama', 00000000001, 'active', 00000000011, '2016-10-28 14:38:46', NULL, NULL);

-- --------------------------------------------------------

--
-- Struktur dari tabel `em_navigationmenu`
--

CREATE TABLE `em_navigationmenu` (
  `id` int(11) NOT NULL,
  `id_parent` int(11) DEFAULT NULL COMMENT 'Jika di merupakan sub-menu dari menu lain. Jika bukan, kosongkan',
  `id_systemactive` int(11) NOT NULL COMMENT 'Penanda menubar aktif di sistem yang mana (relasi ke DB em_systemactive)',
  `icon_menu` varchar(255) DEFAULT NULL COMMENT 'Class untuk icon yang digunakan di menu parent dan di munculkan di menubar',
  `nama_menu` varchar(255) NOT NULL,
  `nama_modul` varchar(255) DEFAULT NULL COMMENT 'link tujuan',
  `modul_homepage` tinyint(4) NOT NULL COMMENT '1=link redirect to home ; 0=link to modul',
  `is_displayed` tinyint(4) NOT NULL COMMENT '1=muncul di user group matrix; 0=tidak muncul',
  `sort_parent` tinyint(4) DEFAULT NULL COMMENT 'Urutan parent menu',
  `sort_child` tinyint(4) DEFAULT NULL COMMENT 'Urutan sub-menu (dan jika ada ada sub dari sub-menu tsb, dst.)',
  `is_active` enum('active','disabled','deleted') NOT NULL,
  `created_by` int(11) UNSIGNED ZEROFILL NOT NULL,
  `created_date` datetime NOT NULL,
  `modified_by` int(11) UNSIGNED ZEROFILL DEFAULT NULL,
  `modified_date` datetime DEFAULT NULL
) ENGINE=InnoDB DEFAULT CHARSET=latin1;

--
-- Dumping data untuk tabel `em_navigationmenu`
--

INSERT INTO `em_navigationmenu` (`id`, `id_parent`, `id_systemactive`, `icon_menu`, `nama_menu`, `nama_modul`, `modul_homepage`, `is_displayed`, `sort_parent`, `sort_child`, `is_active`, `created_by`, `created_date`, `modified_by`, `modified_date`) VALUES
(1, NULL, 1, 'zmdi zmdi-view-dashboard', 'Dashboard', NULL, 1, 0, 1, NULL, 'active', 00000000001, '2016-10-07 09:28:19', NULL, NULL),
(2, NULL, 1, 'zmdi zmdi-collection-text', 'Privilege', NULL, 0, 1, 2, NULL, 'active', 00000000001, '2016-10-07 09:28:19', NULL, NULL),
(3, 2, 1, NULL, 'User', 'users', 0, 1, NULL, 1, 'active', 00000000001, '2016-10-07 09:28:19', NULL, NULL),
(4, 2, 1, NULL, 'User Group', 'user-group', 0, 1, NULL, 2, 'active', 00000000001, '2016-10-07 09:28:40', NULL, NULL),
(5, NULL, 1, 'zmdi zmdi-collection-text', 'Master Data', NULL, 0, 1, 3, NULL, 'active', 00000000001, '2016-10-07 09:28:19', NULL, NULL),
(6, 5, 1, NULL, 'Matriks Program & Anggaran', 'matriks-program-anggaran', 0, 1, NULL, 1, 'active', 00000000001, '2016-10-07 09:29:06', NULL, NULL),
(7, 5, 1, NULL, 'Trainer', 'trainer', 0, 1, NULL, 2, 'active', 00000000001, '2016-10-07 09:29:24', 00000000001, '2016-10-07 09:47:44'),
(8, 5, 1, NULL, 'Materi', 'materi', 0, 1, NULL, 5, 'active', 00000000001, '2016-10-07 09:29:53', NULL, NULL),
(9, 5, 1, NULL, 'Kategori Event', 'kategori-event', 0, 1, NULL, 6, 'active', 00000000001, '2016-10-07 09:30:08', NULL, NULL),
(10, 5, 1, NULL, 'Tipe Pelatihan', 'tipe-pelatihan', 0, 1, NULL, 10, 'active', 00000000001, '2016-10-07 09:30:28', NULL, NULL),
(11, 5, 1, NULL, 'Cabang', 'cabang', 0, 0, NULL, 12, 'disabled', 00000000001, '2016-10-07 09:30:40', NULL, NULL),
(12, 5, 1, NULL, 'Divisi', 'divisi', 0, 0, NULL, 13, 'disabled', 00000000001, '2016-10-07 09:31:00', NULL, NULL),
(13, 5, 1, NULL, 'Klasifikasi Materi', 'klasifikasi-materi', 0, 1, NULL, 4, 'active', 00000000001, '2016-10-07 09:35:31', 00000000001, '2016-10-07 09:54:00'),
(14, NULL, 1, 'zmdi zmdi-collection-text', 'Event', NULL, 0, 1, 4, NULL, 'active', 00000000001, '2016-10-07 09:31:22', NULL, NULL),
(15, 14, 1, NULL, 'Pengajuan Event', 'pengajuan-event', 0, 1, NULL, 1, 'active', 00000000001, '2016-10-07 09:31:22', NULL, NULL),
(16, 14, 1, NULL, 'Persetujuan Memo Event', 'pengajuan-event/list-approval-atasan', 0, 1, NULL, 2, 'active', 00000000001, '2016-10-07 09:31:44', NULL, NULL),
(17, 14, 1, NULL, 'Data Validasi & Persetujuan Event', 'pengajuan-event/list-approval-pusat', 0, 1, NULL, 3, 'active', 00000000001, '2016-10-07 09:32:08', NULL, NULL),
(18, NULL, 1, 'zmdi zmdi-format-list-bulleted', 'Realisasi', NULL, 0, 1, 5, NULL, 'active', 00000000001, '2016-10-07 09:32:08', NULL, NULL),
(19, 18, 1, NULL, 'Realisasi Event', 'realisasi/list', 0, 1, NULL, 1, 'active', 00000000001, '2016-10-07 09:32:28', NULL, NULL),
(20, 18, 1, NULL, 'Persetujuan Pertanggung Jawaban', 'persetujuan-pertanggungjawaban', 0, 1, NULL, 2, 'active', 00000000001, '2016-10-07 09:32:56', NULL, NULL),
(21, 18, 1, NULL, 'Verifikasi Pertanggung Jawaban', 'verifikasi-pertanggungjawaban', 0, 1, NULL, 3, 'active', 00000000001, '2016-10-07 09:33:23', NULL, NULL),
(22, NULL, 1, 'zmdi zmdi-chart', 'Feedback', NULL, 0, 1, 6, NULL, 'active', 00000000001, '2016-10-07 09:33:23', NULL, NULL),
(23, 22, 1, NULL, 'Kirim Feedback', 'kirim-feedback', 0, 1, NULL, 1, 'active', 00000000001, '2016-10-07 09:33:51', NULL, NULL),
(24, 22, 1, NULL, 'List Feedback', 'list-feedback', 0, 1, NULL, 2, 'active', 00000000001, '2016-10-07 09:34:50', NULL, NULL),
(27, NULL, 1, 'zmdi zmdi-collection-item', 'Audit Trail', 'audit-trail', 0, 0, 7, NULL, 'active', 00000000001, '2016-10-07 09:35:31', NULL, NULL),
(28, NULL, 2, 'zmdi zmdi-collection-text', 'Registrasi Event', 'registrasi-event', 1, 1, 0, NULL, 'active', 00000000001, '2016-10-07 09:35:31', NULL, NULL),
(29, 5, 1, NULL, 'Tipe Exam', 'tipe-exam', 0, 1, NULL, 9, 'active', 00000000001, '2016-10-14 09:45:45', NULL, NULL),
(30, 5, 1, NULL, 'Kategori Tempat Event', 'kategori-tempat', 0, 1, NULL, 7, 'active', 00000000001, '2016-10-14 11:33:49', NULL, NULL),
(31, 5, 1, NULL, 'Trainer Eksternal', 'trainer-eksternal', 0, 1, NULL, 3, 'active', 00000000001, '2016-10-07 09:29:24', 00000000001, '2016-10-07 09:47:44'),
(32, 14, 1, NULL, 'List Event', 'event', 0, 1, NULL, 4, 'active', 00000000001, '2016-10-07 09:31:22', NULL, NULL),
(33, 5, 1, NULL, 'Kategori RAB', 'kategori-rab', 0, 1, NULL, 8, 'active', 00000000001, '2016-10-07 09:29:24', 00000000001, '2016-10-07 09:47:44'),
(35, NULL, 2, 'zmdi zmdi-collection-item', 'List Peserta Event', 'list-peserta-event', 0, 0, 2, NULL, 'active', 00000000001, '2016-10-07 09:35:31', NULL, NULL),
(36, 5, 1, NULL, 'Bisnis Unit & Jabatan', 'bisnis-unit-jabatan', 0, 1, NULL, 11, 'active', 00000000001, '2016-10-07 09:30:28', NULL, NULL);

-- --------------------------------------------------------

--
-- Struktur dari tabel `em_program_anggaran`
--

CREATE TABLE `em_program_anggaran` (
  `id` int(11) NOT NULL,
  `id_root` int(11) DEFAULT NULL COMMENT 'Its parent root ID, if NULL then it is a root',
  `id_parent` int(11) DEFAULT NULL COMMENT 'Jika NULL, maka dia root nya (setelah RKAP)',
  `level` int(11) NOT NULL COMMENT '1=bisnis unit;2=kategori program;3=program',
  `deskripsi` varchar(256) NOT NULL,
  `budget` bigint(20) DEFAULT NULL,
  `is_active` enum('active','disabled','deleted') NOT NULL,
  `created_by` int(10) UNSIGNED ZEROFILL NOT NULL,
  `created_date` datetime NOT NULL,
  `modified_by` int(10) UNSIGNED ZEROFILL DEFAULT NULL,
  `modified_date` datetime DEFAULT NULL
) ENGINE=InnoDB DEFAULT CHARSET=latin1;

--
-- Dumping data untuk tabel `em_program_anggaran`
--

INSERT INTO `em_program_anggaran` (`id`, `id_root`, `id_parent`, `level`, `deskripsi`, `budget`, `is_active`, `created_by`, `created_date`, `modified_by`, `modified_date`) VALUES
(1, NULL, NULL, 1, 'Test Parent 1aa', 1314, 'active', 0000000011, '2016-10-27 20:04:23', 0000000011, '2016-10-28 06:58:35'),
(2, 8, 8, 2, 'Test Child 1.1aaaa', 25445, 'deleted', 0000000011, '2016-10-27 20:04:55', 0000000011, '2016-10-28 08:39:27'),
(3, 1, 7, 3, 'Test Child 1.1.1 bbbbb', NULL, 'active', 0000000011, '2016-10-27 20:05:11', 0000000011, '2016-10-28 08:39:10'),
(7, 1, 1, 2, 'Test Child 1.2', NULL, 'active', 0000000011, '2016-10-27 20:04:55', NULL, NULL),
(8, NULL, NULL, 1, 'Test Parent 2', 23131232, 'deleted', 0000000011, '2016-10-28 01:56:33', 0000000011, '2016-10-28 08:39:27'),
(9, NULL, 8, 2, 'Test Child 2.1', 35234324, 'active', 0000000011, '2016-10-28 01:59:52', NULL, NULL),
(10, 8, 8, 2, 'Test Child 2.2', NULL, 'deleted', 0000000011, '2016-10-28 02:02:06', 0000000011, '2016-10-28 08:39:27'),
(11, 1, 2, 3, 'Test Child 1.1.1', NULL, 'deleted', 0000000011, '2016-10-28 02:03:13', 0000000011, '2016-10-28 08:39:19'),
(12, 8, 9, 3, 'Test Child 2.1.1', NULL, 'deleted', 0000000011, '2016-10-28 02:03:54', 0000000011, '2016-10-28 08:39:27'),
(13, NULL, NULL, 1, 'Test Parent 3', 7654363, 'active', 0000000011, '2016-10-28 14:39:31', NULL, NULL),
(14, NULL, NULL, 1, 'bisnis unit level 1', 300000000, 'active', 0000000013, '2016-10-28 15:58:31', NULL, NULL),
(15, 14, 14, 2, 'bisnis unit level 2 (dari level 1)', NULL, 'active', 0000000013, '2016-10-28 15:59:10', NULL, NULL),
(16, 14, 14, 2, 'bisnis unit level 1.1', 121212, 'active', 0000000011, '2016-11-01 16:07:24', 0000000011, '2016-11-01 16:31:23'),
(17, 14, 14, 2, 'bisnis unit level 1.2', 123123123, 'active', 0000000011, '2016-11-01 16:31:40', NULL, NULL),
(18, 14, 14, 2, 'bisnis unit level 1.3', 23232323, 'active', 0000000011, '2016-11-01 16:32:43', NULL, NULL);

-- --------------------------------------------------------

--
-- Struktur dari tabel `em_realisasi`
--

CREATE TABLE `em_realisasi` (
  `id` int(10) UNSIGNED ZEROFILL NOT NULL,
  `id_event` varchar(256) NOT NULL,
  `id_realisasi` varchar(255) NOT NULL,
  `memo_pertanggungjawaban` varchar(255) DEFAULT NULL,
  `nomor_memo_pengajuan` varchar(256) NOT NULL,
  `nama_event` varchar(256) NOT NULL,
  `topik_event` varchar(256) NOT NULL,
  `lokasi_kerja` varchar(256) DEFAULT NULL,
  `mulai_tanggal_pelaksanaan` date NOT NULL,
  `selesai_tanggal_pelaksanaan` date NOT NULL,
  `id_kategori_tempat_pelaksanaan` int(10) UNSIGNED ZEROFILL NOT NULL COMMENT 'kategori tempat pelaksanaannya. seperti hotel, dsb.',
  `nama_tempat` text NOT NULL COMMENT 'nama tempat pelaksanaannya',
  `gambaran_kegiatan` text NOT NULL,
  `id_program_anggaran` int(10) UNSIGNED ZEROFILL NOT NULL,
  `latitude` varchar(256) DEFAULT NULL,
  `longitude` varchar(256) DEFAULT NULL,
  `target_sasaran` varchar(256) NOT NULL,
  `id_kategori_event` int(10) UNSIGNED ZEROFILL NOT NULL COMMENT 'jenis event yang ingin diajukan. contoh : exam/training/dsb.',
  `id_tipe_pelatihan` int(10) UNSIGNED ZEROFILL DEFAULT NULL COMMENT 'tipe pelatihan apabila memilih event kategori training',
  `dengan_exam` varchar(10) DEFAULT NULL COMMENT 'jika memilih event training, menggunakan exam atau tidak',
  `jumlah_peserta_realisasi` int(11) NOT NULL,
  `uang_muka` bigint(20) DEFAULT NULL,
  `realisasi_rab` bigint(20) NOT NULL,
  `is_active` enum('active','deleted') NOT NULL,
  `created_by` int(11) NOT NULL,
  `created_date` datetime NOT NULL,
  `modified_by` int(11) DEFAULT NULL,
  `modified_date` datetime DEFAULT NULL,
  `status_realisasi` enum('belum realisasi','submitted','cancelled by user','approved_atasan','aprroved_valid','approved_pusat','rejected_atasan','rejected_valid','rejected_pusat') NOT NULL
) ENGINE=InnoDB DEFAULT CHARSET=latin1;

--
-- Dumping data untuk tabel `em_realisasi`
--

INSERT INTO `em_realisasi` (`id`, `id_event`, `id_realisasi`, `memo_pertanggungjawaban`, `nomor_memo_pengajuan`, `nama_event`, `topik_event`, `lokasi_kerja`, `mulai_tanggal_pelaksanaan`, `selesai_tanggal_pelaksanaan`, `id_kategori_tempat_pelaksanaan`, `nama_tempat`, `gambaran_kegiatan`, `id_program_anggaran`, `latitude`, `longitude`, `target_sasaran`, `id_kategori_event`, `id_tipe_pelatihan`, `dengan_exam`, `jumlah_peserta_realisasi`, `uang_muka`, `realisasi_rab`, `is_active`, `created_by`, `created_date`, `modified_by`, `modified_date`, `status_realisasi`) VALUES
(0000000001, 'PZWHEVNBLK1478106000', 'REA-6UHKW7EVER1478192400', NULL, '', '', '', NULL, '0000-00-00', '0000-00-00', 0000000000, '', '', 0000000000, NULL, NULL, '', 0000000000, NULL, NULL, 0, NULL, 0, 'active', 0, '0000-00-00 00:00:00', NULL, NULL, 'belum realisasi');

-- --------------------------------------------------------

--
-- Struktur dari tabel `em_realisasi_approval`
--

CREATE TABLE `em_realisasi_approval` (
  `id` int(11) NOT NULL,
  `id_approval` varchar(255) DEFAULT NULL,
  `id_event` varchar(255) NOT NULL,
  `id_realisasi` varchar(255) NOT NULL,
  `tingkat_approval` enum('atasan','pusat') NOT NULL,
  `rab_disetujui` bigint(20) DEFAULT NULL,
  `catatan` text NOT NULL,
  `persetujuan` enum('approved','rejected') NOT NULL,
  `is_active` enum('active','disabled','deleted') NOT NULL,
  `created_by` int(10) UNSIGNED ZEROFILL NOT NULL,
  `created_date` datetime NOT NULL,
  `modified_by` int(10) UNSIGNED ZEROFILL DEFAULT NULL,
  `modified_date` datetime DEFAULT NULL
) ENGINE=InnoDB DEFAULT CHARSET=latin1;

-- --------------------------------------------------------

--
-- Struktur dari tabel `em_realisasi_approval_files`
--

CREATE TABLE `em_realisasi_approval_files` (
  `id` int(11) NOT NULL,
  `id_realisasi_approval` varchar(255) NOT NULL,
  `nama_file` varchar(255) NOT NULL,
  `jenis_file` varchar(100) NOT NULL,
  `created_by` int(10) UNSIGNED ZEROFILL NOT NULL,
  `created_date` datetime NOT NULL,
  `modified_by` int(10) UNSIGNED ZEROFILL DEFAULT NULL,
  `modified_date` datetime DEFAULT NULL,
  `is_active` enum('active','disabled','deleted') NOT NULL
) ENGINE=InnoDB DEFAULT CHARSET=latin1;

-- --------------------------------------------------------

--
-- Struktur dari tabel `em_realisasi_bukti_transaksi`
--

CREATE TABLE `em_realisasi_bukti_transaksi` (
  `id` int(11) NOT NULL,
  `id_event` varchar(255) NOT NULL,
  `id_realisasi` varchar(255) NOT NULL,
  `nama_file` varchar(255) NOT NULL,
  `tipe_file` varchar(255) NOT NULL,
  `is_active` enum('active','disabled','deleted') NOT NULL,
  `created_by` int(11) NOT NULL,
  `created_date` datetime NOT NULL,
  `modified_by` int(11) DEFAULT NULL,
  `modified_date` datetime DEFAULT NULL
) ENGINE=InnoDB DEFAULT CHARSET=latin1;

-- --------------------------------------------------------

--
-- Struktur dari tabel `em_realisasi_dokumentasi`
--

CREATE TABLE `em_realisasi_dokumentasi` (
  `id` int(11) NOT NULL,
  `id_event` varchar(255) NOT NULL,
  `id_realisasi` varchar(255) NOT NULL,
  `nama_file` varchar(255) NOT NULL,
  `tipe_file` varchar(255) NOT NULL,
  `created_by` int(11) NOT NULL,
  `created_date` datetime NOT NULL,
  `modified_by` int(11) DEFAULT NULL,
  `modified_date` datetime DEFAULT NULL,
  `is_active` enum('active','disabled','deleted') NOT NULL
) ENGINE=InnoDB DEFAULT CHARSET=latin1;

-- --------------------------------------------------------

--
-- Struktur dari tabel `em_realisasi_evaluasitrainer`
--

CREATE TABLE `em_realisasi_evaluasitrainer` (
  `id` int(11) NOT NULL,
  `id_realisasi` int(11) NOT NULL,
  `id_event` int(11) NOT NULL,
  `nama_file` int(11) NOT NULL,
  `tipe_file` int(11) NOT NULL,
  `is_active` enum('active','disabled','deleted') NOT NULL,
  `created_date` datetime NOT NULL,
  `created_by` int(11) NOT NULL,
  `modified_date` datetime DEFAULT NULL,
  `modified_by` int(11) DEFAULT NULL
) ENGINE=InnoDB DEFAULT CHARSET=latin1;

-- --------------------------------------------------------

--
-- Struktur dari tabel `em_realisasi_exam`
--

CREATE TABLE `em_realisasi_exam` (
  `id` int(11) NOT NULL,
  `id_event` varchar(255) NOT NULL,
  `id_realisasi` varchar(255) NOT NULL,
  `id_exam` int(11) NOT NULL,
  `tipe_exam` varchar(100) DEFAULT NULL,
  `id_jadwal_exam` int(11) NOT NULL,
  `judul_exam` varchar(255) NOT NULL,
  `kategori_exam` varchar(255) NOT NULL,
  `is_active` enum('active','disabled','deleted') NOT NULL,
  `created_by` int(11) NOT NULL,
  `created_date` datetime NOT NULL,
  `modified_by` int(11) DEFAULT NULL,
  `modified_date` datetime DEFAULT NULL
) ENGINE=InnoDB DEFAULT CHARSET=latin1;

-- --------------------------------------------------------

--
-- Struktur dari tabel `em_realisasi_listpeserta`
--

CREATE TABLE `em_realisasi_listpeserta` (
  `id` int(10) UNSIGNED ZEROFILL NOT NULL,
  `id_event` varchar(256) NOT NULL,
  `id_realisasi` varchar(255) NOT NULL,
  `idsdm` varchar(256) NOT NULL,
  `nik` varchar(256) NOT NULL,
  `nama` varchar(256) NOT NULL,
  `posisi` varchar(256) NOT NULL,
  `nilai` float DEFAULT NULL,
  `nilai_pretest` float DEFAULT NULL,
  `nilai_posttest` float DEFAULT NULL,
  `created_by` int(10) UNSIGNED ZEROFILL NOT NULL,
  `created_date` date NOT NULL,
  `modified_by` int(10) UNSIGNED ZEROFILL DEFAULT NULL,
  `modified_date` date DEFAULT NULL,
  `is_active` enum('active','disabled','deleted') NOT NULL
) ENGINE=InnoDB DEFAULT CHARSET=latin1;

-- --------------------------------------------------------

--
-- Struktur dari tabel `em_realisasi_materikm`
--

CREATE TABLE `em_realisasi_materikm` (
  `id` int(11) NOT NULL,
  `id_event` varchar(256) NOT NULL,
  `id_realisasi` varchar(255) NOT NULL,
  `nama_file` varchar(256) NOT NULL,
  `tipe_file` varchar(50) NOT NULL,
  `is_active` enum('active','disabled','deleted') NOT NULL,
  `created_by` int(10) UNSIGNED ZEROFILL NOT NULL,
  `created_date` datetime NOT NULL,
  `modified_by` int(10) UNSIGNED ZEROFILL DEFAULT NULL,
  `modified_date` datetime DEFAULT NULL
) ENGINE=InnoDB DEFAULT CHARSET=latin1;

-- --------------------------------------------------------

--
-- Struktur dari tabel `em_realisasi_pic`
--

CREATE TABLE `em_realisasi_pic` (
  `id` int(11) NOT NULL,
  `id_event` varchar(255) NOT NULL,
  `id_realisasi` varchar(255) NOT NULL,
  `id_karyawan` varchar(255) DEFAULT NULL,
  `nama_pic` varchar(255) NOT NULL,
  `created_by` int(10) UNSIGNED ZEROFILL NOT NULL,
  `created_date` datetime NOT NULL,
  `modified_by` int(11) DEFAULT NULL,
  `modified_date` int(11) DEFAULT NULL,
  `is_active` enum('active','disabled','deleted') NOT NULL
) ENGINE=InnoDB DEFAULT CHARSET=latin1;

-- --------------------------------------------------------

--
-- Struktur dari tabel `em_realisasi_rab`
--

CREATE TABLE `em_realisasi_rab` (
  `id` int(11) NOT NULL,
  `id_event` varchar(256) NOT NULL,
  `id_realisasi` varchar(255) NOT NULL,
  `id_rab` int(11) NOT NULL,
  `id_rab_parent` int(11) DEFAULT NULL,
  `jumlah` bigint(20) DEFAULT NULL,
  `qty` int(11) DEFAULT NULL,
  `unit_cost` bigint(20) DEFAULT NULL,
  `total` bigint(20) DEFAULT NULL,
  `created_by` int(11) NOT NULL,
  `created_date` datetime NOT NULL,
  `modified_by` int(11) DEFAULT NULL,
  `modified_date` datetime DEFAULT NULL,
  `is_active` enum('active','disabled','deleted') NOT NULL
) ENGINE=InnoDB DEFAULT CHARSET=latin1;

-- --------------------------------------------------------

--
-- Struktur dari tabel `em_realisasi_rundown`
--

CREATE TABLE `em_realisasi_rundown` (
  `id` int(11) NOT NULL,
  `id_event` varchar(256) NOT NULL,
  `id_realisasi` varchar(255) NOT NULL,
  `nama_file` varchar(256) NOT NULL,
  `tipe_file` varchar(50) NOT NULL,
  `is_active` enum('active','disabled','deleted') NOT NULL,
  `created_by` int(10) UNSIGNED ZEROFILL NOT NULL,
  `created_date` datetime NOT NULL,
  `modified_by` int(10) UNSIGNED ZEROFILL DEFAULT NULL,
  `modified_date` datetime DEFAULT NULL
) ENGINE=InnoDB DEFAULT CHARSET=latin1;

-- --------------------------------------------------------

--
-- Struktur dari tabel `em_realisasi_trainer`
--

CREATE TABLE `em_realisasi_trainer` (
  `id` int(11) NOT NULL,
  `id_event` varchar(255) NOT NULL,
  `id_realisasi` varchar(255) NOT NULL,
  `materi` varchar(256) DEFAULT NULL,
  `durasi` int(11) DEFAULT NULL,
  `nilai_evaluasi` int(11) DEFAULT NULL,
  `kategori_trainer` enum('internal','eksternal') NOT NULL,
  `id_kategori_trainer` int(11) NOT NULL,
  `is_active` enum('active','disabled','deleted') NOT NULL,
  `created_by` int(11) NOT NULL,
  `created_date` datetime NOT NULL,
  `modified_by` int(11) DEFAULT NULL,
  `modified_date` datetime DEFAULT NULL
) ENGINE=InnoDB DEFAULT CHARSET=latin1;

-- --------------------------------------------------------

--
-- Struktur dari tabel `em_registrasi`
--

CREATE TABLE `em_registrasi` (
  `id` int(10) UNSIGNED ZEROFILL NOT NULL,
  `id_event` varchar(256) NOT NULL,
  `idsdm` varchar(256) NOT NULL,
  `nip` varchar(256) NOT NULL,
  `nama` varchar(256) NOT NULL,
  `posisi` varchar(256) NOT NULL,
  `email` varchar(256) NOT NULL,
  `idsdm_replaced` varchar(256) DEFAULT NULL,
  `nip_replaced` varchar(256) DEFAULT NULL,
  `nama_replaced` varchar(256) DEFAULT NULL,
  `posisi_replaced` varchar(256) DEFAULT NULL,
  `email_replaced` varchar(256) DEFAULT NULL,
  `alasan_replaced` text,
  `is_active` enum('active','disabled','deleted') NOT NULL,
  `created_by` int(10) UNSIGNED ZEROFILL NOT NULL,
  `created_date` datetime NOT NULL,
  `modified_by` int(10) UNSIGNED ZEROFILL DEFAULT NULL,
  `modified_date` datetime DEFAULT NULL
) ENGINE=InnoDB DEFAULT CHARSET=latin1;

-- --------------------------------------------------------

--
-- Struktur dari tabel `em_settings`
--

CREATE TABLE `em_settings` (
  `id` int(11) NOT NULL,
  `tipe` enum('email_from_address','email_from_description') NOT NULL,
  `konten` text NOT NULL,
  `is_active` enum('active','disabled','deleted') NOT NULL,
  `created_by` int(11) UNSIGNED ZEROFILL NOT NULL,
  `created_date` datetime NOT NULL,
  `modified_by` int(11) UNSIGNED ZEROFILL DEFAULT NULL,
  `modified_date` datetime DEFAULT NULL
) ENGINE=InnoDB DEFAULT CHARSET=latin1;

--
-- Dumping data untuk tabel `em_settings`
--

INSERT INTO `em_settings` (`id`, `tipe`, `konten`, `is_active`, `created_by`, `created_date`, `modified_by`, `modified_date`) VALUES
(1, 'email_from_address', 'no-reply@pnm.co.id', 'active', 00000000001, '2016-10-22 03:07:07', NULL, NULL),
(2, 'email_from_description', 'PNM Event Management System', 'active', 00000000001, '2016-10-22 04:10:10', NULL, NULL);

-- --------------------------------------------------------

--
-- Struktur dari tabel `em_systemactive`
--

CREATE TABLE `em_systemactive` (
  `id` int(11) NOT NULL,
  `definisi` varchar(255) NOT NULL,
  `sort` tinyint(4) NOT NULL,
  `login_only` tinyint(4) NOT NULL COMMENT '1=hanya akses login(tidak ada CRUD di usergroup privilege);0=ada CRUD di usergroup privilege',
  `is_displayed` tinyint(4) NOT NULL COMMENT '1=ditampilkan di usergroup privilege;0=tidak ditampilkan',
  `is_active` enum('active','disabled','deleted') NOT NULL,
  `created_by` int(10) UNSIGNED ZEROFILL NOT NULL,
  `created_date` datetime NOT NULL,
  `modified_by` int(10) UNSIGNED ZEROFILL DEFAULT NULL,
  `modified_date` datetime DEFAULT NULL
) ENGINE=InnoDB DEFAULT CHARSET=latin1;

--
-- Dumping data untuk tabel `em_systemactive`
--

INSERT INTO `em_systemactive` (`id`, `definisi`, `sort`, `login_only`, `is_displayed`, `is_active`, `created_by`, `created_date`, `modified_by`, `modified_date`) VALUES
(1, 'Sistem Utama', 1, 0, 1, 'active', 0000000001, '2016-10-12 10:00:00', NULL, NULL),
(2, 'Sistem Registrasi Event', 2, 1, 1, 'active', 0000000001, '2016-10-12 10:00:00', NULL, NULL),
(3, 'Sistem Registrasi User', 3, 1, 0, 'active', 0000000001, '2016-10-12 10:00:00', NULL, NULL);

-- --------------------------------------------------------

--
-- Struktur dari tabel `em_tipepelatihan`
--

CREATE TABLE `em_tipepelatihan` (
  `id` int(10) UNSIGNED ZEROFILL NOT NULL,
  `tipe_pelatihan` varchar(255) NOT NULL,
  `inisial_pelatihan` varchar(20) NOT NULL,
  `deskripsi` text NOT NULL,
  `is_active` enum('active','disabled','deleted') NOT NULL,
  `created_by` int(11) UNSIGNED ZEROFILL NOT NULL,
  `created_date` datetime NOT NULL,
  `modified_by` int(11) UNSIGNED ZEROFILL DEFAULT NULL,
  `modified_date` datetime DEFAULT NULL
) ENGINE=InnoDB DEFAULT CHARSET=latin1;

--
-- Dumping data untuk tabel `em_tipepelatihan`
--

INSERT INTO `em_tipepelatihan` (`id`, `tipe_pelatihan`, `inisial_pelatihan`, `deskripsi`, `is_active`, `created_by`, `created_date`, `modified_by`, `modified_date`) VALUES
(0000000001, 'External Training', 'External Cabang', 'Pelatihan dari pihak external', 'active', 00000890600, '2016-10-07 15:37:56', NULL, NULL),
(0000000002, 'Pelatihan Mekar', 'Mekar', 'Mekar', 'active', 00000890600, '2016-10-07 15:45:56', NULL, NULL),
(0000000003, 'sertifikasi', 'sertifikasi', 'penjelasan mengenai sertifikasi', 'disabled', 00000890600, '2016-10-07 15:46:17', NULL, NULL),
(0000000004, 'Knowledge Sharing', 'KS Kantor Pusat', 'penjelasan KS Kantor Pusat 1', 'active', 00000890600, '2016-10-07 15:46:45', 00000890600, '2016-10-07 15:48:16'),
(0000000005, 'Sembarang', 'Sembarang Berita', 'Penjelsan mengenai sembarang berita', 'deleted', 00000890600, '2016-10-07 15:48:48', 00000890600, '2016-10-07 15:49:05'),
(0000000006, 'Percobaan', 'percobaan Inisial', 'sedang dicoba', 'deleted', 00000890600, '2016-10-07 15:49:54', 00000890600, '2016-10-07 15:50:03'),
(0000000007, 'coba tipe pelatihan', 'CTP', 'desckripsi', 'deleted', 00083521114, '2016-10-07 18:56:14', 00083521114, '2016-10-07 18:56:27'),
(0000000008, 'On Class Training Call Center', 'OCT - CC', 'Pelatihan kelas Call Center', 'active', 00093190615, '2016-10-07 21:50:58', NULL, NULL);

-- --------------------------------------------------------

--
-- Struktur dari tabel `em_tipe_exam`
--

CREATE TABLE `em_tipe_exam` (
  `id` int(10) UNSIGNED ZEROFILL NOT NULL,
  `tipe_exam` varchar(256) NOT NULL,
  `created_by` int(10) UNSIGNED ZEROFILL NOT NULL,
  `created_date` datetime NOT NULL,
  `modified_by` int(10) UNSIGNED ZEROFILL DEFAULT NULL,
  `modified_date` datetime DEFAULT NULL,
  `is_active` enum('active','disabled','deleted') NOT NULL
) ENGINE=InnoDB DEFAULT CHARSET=latin1;

--
-- Dumping data untuk tabel `em_tipe_exam`
--

INSERT INTO `em_tipe_exam` (`id`, `tipe_exam`, `created_by`, `created_date`, `modified_by`, `modified_date`, `is_active`) VALUES
(0000000001, 'pre test', 0000000001, '2016-10-12 00:00:00', 0000000002, '2016-10-12 18:10:16', 'active'),
(0000000002, 'post test', 0000000002, '2016-10-12 18:08:48', 0000000002, '2016-10-12 18:14:12', 'active');

-- --------------------------------------------------------

--
-- Struktur dari tabel `em_trainer`
--

CREATE TABLE `em_trainer` (
  `id` int(11) NOT NULL,
  `nik` varchar(255) NOT NULL,
  `nama_pemateri` varchar(255) NOT NULL,
  `posisi` varchar(255) NOT NULL,
  `unit_kerja` varchar(256) DEFAULT NULL,
  `is_active` enum('active','disabled','deleted') NOT NULL,
  `created_by` int(11) UNSIGNED ZEROFILL NOT NULL,
  `created_date` datetime NOT NULL,
  `modified_by` int(11) UNSIGNED ZEROFILL DEFAULT NULL,
  `modified_date` datetime DEFAULT NULL
) ENGINE=InnoDB DEFAULT CHARSET=latin1;

--
-- Dumping data untuk tabel `em_trainer`
--

INSERT INTO `em_trainer` (`id`, `nik`, `nama_pemateri`, `posisi`, `unit_kerja`, `is_active`, `created_by`, `created_date`, `modified_by`, `modified_date`) VALUES
(1, '012.07.99', 'Achmad Barlian', 'Wakil Pemimpin Cabang', 'Cabang Madiun', 'active', 00000000002, '2016-10-26 14:49:54', NULL, NULL),
(6, '017.08.99', 'Farida', 'Pj. Pemimpin Cabang', 'Cabang Magelang', 'deleted', 00000000002, '2016-10-26 13:52:03', 00000000002, '2016-10-26 14:00:00'),
(7, '10009.09.15', 'Damar Wicaksana', 'Kolektor Unit', 'Cabang Madiun - ULaMM Madiun Caruban', 'active', 00000000002, '2016-10-26 13:59:44', NULL, NULL),
(8, 'MKR3548.09.16', 'LIDYA FEBRIANINGSIH', 'Account Officer Mekaar', 'Cabang Ciracas', 'active', 00000000002, '2016-10-26 14:04:20', NULL, NULL);

-- --------------------------------------------------------

--
-- Struktur dari tabel `em_trainereksternal`
--

CREATE TABLE `em_trainereksternal` (
  `id` int(10) UNSIGNED ZEROFILL NOT NULL,
  `nama_pemateri` varchar(255) NOT NULL,
  `nama_perusahaan` varchar(255) NOT NULL,
  `is_active` enum('active','disabled','deleted') NOT NULL,
  `created_by` int(11) UNSIGNED ZEROFILL NOT NULL,
  `created_date` datetime NOT NULL,
  `modified_by` int(11) UNSIGNED ZEROFILL DEFAULT NULL,
  `modified_date` datetime DEFAULT NULL
) ENGINE=InnoDB DEFAULT CHARSET=latin1;

--
-- Dumping data untuk tabel `em_trainereksternal`
--

INSERT INTO `em_trainereksternal` (`id`, `nama_pemateri`, `nama_perusahaan`, `is_active`, `created_by`, `created_date`, `modified_by`, `modified_date`) VALUES
(0000000001, 'naama baru 213', 'nama baru 7586', 'active', 00000000011, '2016-10-17 20:43:36', NULL, '2016-10-24 16:00:05'),
(0000000003, 'nama baru pemateri', 'nama baru perusahaan', 'deleted', 00000000011, '2016-10-18 11:10:03', 00000000011, '2016-10-18 12:00:22');

-- --------------------------------------------------------

--
-- Struktur dari tabel `em_trainereksternal_files`
--

CREATE TABLE `em_trainereksternal_files` (
  `id` int(11) NOT NULL,
  `id_pemateri` int(10) UNSIGNED ZEROFILL NOT NULL,
  `nama_file` varchar(255) NOT NULL,
  `tipe_file` varchar(50) NOT NULL,
  `is_active` enum('active','deleted') NOT NULL,
  `created_by` int(11) UNSIGNED ZEROFILL NOT NULL,
  `created_date` datetime NOT NULL,
  `modified_by` int(11) UNSIGNED ZEROFILL DEFAULT NULL,
  `modified_date` datetime DEFAULT NULL
) ENGINE=InnoDB DEFAULT CHARSET=latin1;

--
-- Dumping data untuk tabel `em_trainereksternal_files`
--

INSERT INTO `em_trainereksternal_files` (`id`, `id_pemateri`, `nama_file`, `tipe_file`, `is_active`, `created_by`, `created_date`, `modified_by`, `modified_date`) VALUES
(1, 0000000001, '1_20161017at204336_c608480b5bf700081f77ab6930b1c64d.jpg', 'image/jpeg', 'deleted', 00000000011, '2016-10-17 20:43:36', 00000000011, '2016-10-18 11:57:49'),
(2, 0000000001, '1_20161017at204336_Quotation-308081602_MajalahAGRINA.pdf', 'application/pdf', 'deleted', 00000000011, '2016-10-17 20:43:36', 00000000011, '2016-10-18 11:57:49'),
(3, 0000000001, '0000000001_20161018at120040_ScreenShot2016-10-18at10.23.01AM.png', 'image/png', 'deleted', 00000000011, '2016-10-18 12:00:40', 00000000011, '2016-10-18 12:01:16'),
(4, 0000000001, '0000000001_20161018at140912_Program-Management-PNM.pdf', 'application/pdf', 'deleted', 00000000011, '2016-10-18 14:09:12', 00000000011, '2016-10-18 14:09:33'),
(5, 0000000001, '0000000001_20161018at140933_Program-Management-PNM.png', 'image/png', 'active', 00000000011, '2016-10-18 14:09:33', NULL, NULL);

-- --------------------------------------------------------

--
-- Struktur dari tabel `em_url_host`
--

CREATE TABLE `em_url_host` (
  `id` int(11) NOT NULL,
  `url` varchar(256) NOT NULL
) ENGINE=InnoDB DEFAULT CHARSET=latin1;

--
-- Dumping data untuk tabel `em_url_host`
--

INSERT INTO `em_url_host` (`id`, `url`) VALUES
(1, 'http://182.23.52.249/Dummy/SSO_WebService/login.php');

-- --------------------------------------------------------

--
-- Struktur dari tabel `em_user`
--

CREATE TABLE `em_user` (
  `id` int(11) UNSIGNED ZEROFILL NOT NULL,
  `idsdm` varchar(255) DEFAULT NULL,
  `nik` varchar(255) DEFAULT NULL,
  `id_user_group` int(11) UNSIGNED ZEROFILL DEFAULT NULL,
  `username` varchar(256) NOT NULL,
  `fullname` varchar(256) NOT NULL,
  `email` varchar(256) NOT NULL,
  `organisasi_name` varchar(256) DEFAULT NULL,
  `organisasi_desc` varchar(256) DEFAULT NULL,
  `reset_password` varchar(11) DEFAULT NULL,
  `forgot_pass_code` int(11) DEFAULT NULL,
  `forgot_pass_date` datetime DEFAULT NULL,
  `is_administrator` tinyint(4) NOT NULL COMMENT '1=main administrator punya privilege apus dari DB;0=bukan main administrator',
  `is_active` enum('active','disabled','deleted') NOT NULL,
  `finger_print` varchar(256) DEFAULT NULL,
  `created_by` int(11) UNSIGNED ZEROFILL NOT NULL,
  `created_date` datetime NOT NULL,
  `modified_by` int(11) UNSIGNED ZEROFILL DEFAULT NULL,
  `modified_date` datetime DEFAULT NULL
) ENGINE=InnoDB DEFAULT CHARSET=latin1;

--
-- Dumping data untuk tabel `em_user`
--

INSERT INTO `em_user` (`id`, `idsdm`, `nik`, `id_user_group`, `username`, `fullname`, `email`, `organisasi_name`, `organisasi_desc`, `reset_password`, `forgot_pass_code`, `forgot_pass_date`, `is_administrator`, `is_active`, `finger_print`, `created_by`, `created_date`, `modified_by`, `modified_date`) VALUES
(00000000001, NULL, NULL, NULL, 'administrator', 'ADMINISTRATOR', 'admin@admin.co.id', NULL, NULL, NULL, NULL, NULL, 1, 'active', NULL, 00000000001, '2016-10-06 22:39:42', NULL, NULL),
(00000000002, 'ECD2FD56BAAA7D522748DB3BA18CB79B                ', '93190615', 00000000000, 'IHidayat0808', 'Ilham Hidayat', 'ilham_ild@pnm.co.id', NULL, NULL, NULL, NULL, NULL, 0, 'deleted', NULL, 00000000001, '2016-10-06 22:39:42', 00000000002, '2016-10-26 14:51:53'),
(00000000011, '00A15C24F05EEAA69C2E701F365741F0', '99450915', 00000000001, 'HNAWicaksono0909', 'Hario Nur Agung Wicaksono', 'hario0987@pnm.co.id', '', '', NULL, NULL, NULL, 0, 'active', NULL, 00000000002, '2016-10-14 09:57:23', NULL, NULL),
(00000000012, 'ECD2FD56BAAA7D522748DB3BA18CB79B', '93190615', 00000000001, 'IHidayat0808', 'Ilham Hidayat', 'ilham_ild@pnm.co.id', 'itd', 'it strategic development', NULL, NULL, NULL, 0, 'deleted', NULL, 00000000011, '2016-10-14 09:58:10', 00000000002, '2016-10-26 14:51:53'),
(00000000013, '', '93190615', 00000000001, 'IHidayat0808', 'Ilham Hidayat', 'ilham_ild@pnm.co.id', 'itd', 'it strategic development', NULL, NULL, NULL, 0, 'active', NULL, 00000000002, '2016-10-26 14:52:07', NULL, NULL);

-- --------------------------------------------------------

--
-- Struktur dari tabel `em_usergroup`
--

CREATE TABLE `em_usergroup` (
  `id` int(11) UNSIGNED ZEROFILL NOT NULL,
  `definisi` varchar(256) NOT NULL,
  `is_active` enum('active','disabled','deleted') NOT NULL,
  `created_by` int(11) UNSIGNED ZEROFILL NOT NULL,
  `created_date` datetime NOT NULL,
  `modified_by` int(11) UNSIGNED ZEROFILL DEFAULT NULL,
  `modified_date` datetime DEFAULT NULL
) ENGINE=InnoDB DEFAULT CHARSET=latin1;

--
-- Dumping data untuk tabel `em_usergroup`
--

INSERT INTO `em_usergroup` (`id`, `definisi`, `is_active`, `created_by`, `created_date`, `modified_by`, `modified_date`) VALUES
(00000000001, 'administrator', 'active', 00000000001, '2016-10-03 00:00:00', NULL, NULL),
(00000000002, 'admin_pusat', 'active', 00000000001, '2016-10-03 00:00:00', NULL, NULL),
(00000000003, 'admin_cabang', 'active', 00000000001, '2016-10-05 00:00:00', NULL, NULL),
(00000000004, 'admin_divisi', 'active', 00000000001, '2016-10-05 00:00:00', NULL, NULL),
(00000000005, 'kepala_cabang', 'active', 00000000001, '2016-10-05 00:00:00', NULL, NULL),
(00000000006, 'kepala_divisi', 'active', 00000000001, '2016-10-05 00:00:00', 00000000002, '2016-10-13 18:04:05'),
(00000000014, 'test user group matrix1', 'disabled', 00000000002, '2016-10-13 15:08:16', 00000000002, '2016-10-13 18:06:55'),
(00000000015, 'test untuk hapus', 'deleted', 00000000002, '2016-10-13 17:16:44', NULL, NULL),
(00000000016, 'test ug2', 'active', 00000000011, '2016-10-14 15:24:29', NULL, NULL);

-- --------------------------------------------------------

--
-- Struktur dari tabel `em_usergroup_matrix`
--

CREATE TABLE `em_usergroup_matrix` (
  `id` int(11) NOT NULL,
  `id_usergroup` int(10) UNSIGNED ZEROFILL NOT NULL,
  `id_menu` int(11) NOT NULL,
  `action_create` tinyint(4) NOT NULL COMMENT '1=active;0=inactive',
  `action_read` tinyint(4) NOT NULL COMMENT '1=active;0=inactive',
  `action_update` tinyint(4) NOT NULL COMMENT '1=active;0=inactive',
  `action_delete` tinyint(4) NOT NULL COMMENT '1=active;0=inactive',
  `action_login` tinyint(4) NOT NULL COMMENT 'Hak akses login (tidak ada CRUD), sesuai flag login_only di em_navigationmenu'
) ENGINE=InnoDB DEFAULT CHARSET=latin1;

--
-- Dumping data untuk tabel `em_usergroup_matrix`
--

INSERT INTO `em_usergroup_matrix` (`id`, `id_usergroup`, `id_menu`, `action_create`, `action_read`, `action_update`, `action_delete`, `action_login`) VALUES
(1, 0000000014, 3, 0, 0, 0, 0, 0),
(2, 0000000014, 4, 0, 0, 0, 0, 0),
(3, 0000000014, 6, 0, 1, 0, 0, 0),
(4, 0000000014, 7, 0, 0, 0, 0, 0),
(5, 0000000014, 13, 0, 0, 0, 0, 0),
(6, 0000000014, 8, 0, 0, 0, 0, 0),
(7, 0000000014, 9, 0, 0, 0, 0, 0),
(8, 0000000014, 10, 0, 0, 0, 0, 0),
(9, 0000000014, 11, 0, 0, 0, 0, 0),
(10, 0000000014, 12, 0, 0, 1, 0, 0),
(11, 0000000014, 15, 0, 0, 0, 0, 0),
(12, 0000000014, 16, 0, 0, 0, 0, 0),
(13, 0000000014, 17, 0, 0, 0, 0, 0),
(14, 0000000014, 19, 0, 0, 0, 0, 0),
(15, 0000000014, 20, 0, 0, 0, 0, 0),
(16, 0000000014, 21, 0, 0, 0, 0, 0),
(17, 0000000014, 23, 0, 0, 0, 0, 0),
(18, 0000000014, 24, 0, 0, 0, 0, 0),
(19, 0000000014, 25, 0, 0, 0, 0, 0),
(20, 0000000014, 26, 0, 0, 0, 0, 0),
(21, 0000000014, 28, 0, 0, 0, 0, 1),
(22, 0000000015, 3, 0, 0, 0, 0, 0),
(23, 0000000015, 4, 0, 0, 0, 0, 0),
(24, 0000000015, 6, 0, 0, 0, 0, 0),
(25, 0000000015, 7, 0, 0, 0, 0, 0),
(26, 0000000015, 13, 0, 0, 0, 0, 0),
(27, 0000000015, 8, 0, 0, 0, 0, 0),
(28, 0000000015, 9, 0, 0, 0, 0, 0),
(29, 0000000015, 10, 0, 0, 0, 0, 0),
(30, 0000000015, 11, 0, 0, 0, 0, 0),
(31, 0000000015, 12, 0, 0, 0, 0, 0),
(32, 0000000015, 15, 0, 0, 0, 0, 0),
(33, 0000000015, 16, 0, 0, 0, 0, 0),
(34, 0000000015, 17, 0, 0, 0, 0, 0),
(35, 0000000015, 19, 0, 0, 0, 0, 0),
(36, 0000000015, 20, 0, 0, 0, 0, 0),
(37, 0000000015, 21, 0, 0, 0, 0, 0),
(38, 0000000015, 23, 0, 0, 0, 0, 0),
(39, 0000000015, 24, 0, 0, 0, 0, 0),
(40, 0000000015, 25, 0, 0, 0, 0, 0),
(41, 0000000015, 26, 0, 0, 0, 0, 0),
(42, 0000000015, 28, 0, 0, 0, 0, 0),
(43, 0000000006, 3, 1, 0, 0, 1, 0),
(44, 0000000006, 4, 1, 1, 1, 1, 0),
(45, 0000000006, 6, 1, 1, 1, 1, 0),
(46, 0000000006, 7, 1, 1, 1, 1, 0),
(47, 0000000006, 13, 1, 1, 1, 1, 0),
(48, 0000000006, 8, 1, 1, 1, 1, 0),
(49, 0000000006, 9, 1, 1, 1, 1, 0),
(50, 0000000006, 10, 1, 1, 1, 1, 0),
(51, 0000000006, 11, 1, 1, 1, 1, 0),
(52, 0000000006, 12, 1, 1, 1, 1, 0),
(53, 0000000006, 15, 1, 1, 0, 1, 0),
(54, 0000000006, 16, 1, 0, 0, 1, 0),
(55, 0000000006, 17, 1, 1, 1, 1, 0),
(56, 0000000006, 19, 1, 1, 1, 1, 0),
(57, 0000000006, 20, 1, 1, 1, 1, 0),
(58, 0000000006, 21, 1, 1, 1, 1, 0),
(59, 0000000006, 23, 1, 1, 1, 1, 0),
(60, 0000000006, 24, 1, 1, 1, 1, 0),
(61, 0000000006, 25, 1, 1, 1, 1, 0),
(62, 0000000006, 26, 1, 1, 1, 1, 0),
(63, 0000000006, 28, 0, 0, 0, 0, 0),
(64, 0000000016, 3, 1, 1, 1, 1, 0),
(65, 0000000016, 4, 1, 1, 0, 1, 0),
(66, 0000000016, 6, 1, 1, 0, 1, 0),
(67, 0000000016, 7, 1, 1, 1, 1, 0),
(68, 0000000016, 31, 1, 0, 1, 1, 0),
(69, 0000000016, 13, 1, 1, 1, 1, 0),
(70, 0000000016, 8, 1, 0, 1, 1, 0),
(71, 0000000016, 9, 1, 1, 1, 1, 0),
(72, 0000000016, 10, 1, 1, 1, 1, 0),
(73, 0000000016, 29, 1, 1, 1, 1, 0),
(74, 0000000016, 30, 1, 1, 1, 1, 0),
(75, 0000000016, 15, 1, 1, 1, 1, 0),
(76, 0000000016, 16, 1, 1, 1, 1, 0),
(77, 0000000016, 17, 1, 1, 0, 1, 0),
(78, 0000000016, 32, 1, 1, 1, 1, 0),
(79, 0000000016, 19, 1, 1, 1, 1, 0),
(80, 0000000016, 20, 1, 1, 1, 1, 0),
(81, 0000000016, 21, 1, 1, 1, 1, 0),
(82, 0000000016, 23, 1, 1, 1, 1, 0),
(83, 0000000016, 24, 1, 1, 1, 1, 0),
(84, 0000000016, 25, 1, 1, 1, 1, 0),
(85, 0000000016, 26, 1, 1, 1, 1, 0),
(86, 0000000016, 28, 0, 0, 0, 0, 1);

--
-- Indexes for dumped tables
--

--
-- Indexes for table `ci_sessions`
--
ALTER TABLE `ci_sessions`
  ADD KEY `ci_sessions_timestamp` (`timestamp`);

--
-- Indexes for table `em_activitiesuser`
--
ALTER TABLE `em_activitiesuser`
  ADD PRIMARY KEY (`id`);

--
-- Indexes for table `em_bisnis_unit`
--
ALTER TABLE `em_bisnis_unit`
  ADD PRIMARY KEY (`id`);

--
-- Indexes for table `em_bisnis_unit_jabatan`
--
ALTER TABLE `em_bisnis_unit_jabatan`
  ADD PRIMARY KEY (`id`);

--
-- Indexes for table `em_cabang`
--
ALTER TABLE `em_cabang`
  ADD PRIMARY KEY (`id`);

--
-- Indexes for table `em_divisi`
--
ALTER TABLE `em_divisi`
  ADD PRIMARY KEY (`id`);

--
-- Indexes for table `em_email_template`
--
ALTER TABLE `em_email_template`
  ADD PRIMARY KEY (`id`);

--
-- Indexes for table `em_event`
--
ALTER TABLE `em_event`
  ADD PRIMARY KEY (`id`);

--
-- Indexes for table `em_event_approval`
--
ALTER TABLE `em_event_approval`
  ADD PRIMARY KEY (`id`);

--
-- Indexes for table `em_event_approval_files`
--
ALTER TABLE `em_event_approval_files`
  ADD PRIMARY KEY (`id`);

--
-- Indexes for table `em_event_changedate`
--
ALTER TABLE `em_event_changedate`
  ADD PRIMARY KEY (`id`);

--
-- Indexes for table `em_event_exam`
--
ALTER TABLE `em_event_exam`
  ADD PRIMARY KEY (`id`);

--
-- Indexes for table `em_event_listpeserta`
--
ALTER TABLE `em_event_listpeserta`
  ADD PRIMARY KEY (`id`);

--
-- Indexes for table `em_event_materikm`
--
ALTER TABLE `em_event_materikm`
  ADD PRIMARY KEY (`id`);

--
-- Indexes for table `em_event_pic`
--
ALTER TABLE `em_event_pic`
  ADD PRIMARY KEY (`id`);

--
-- Indexes for table `em_event_rab`
--
ALTER TABLE `em_event_rab`
  ADD PRIMARY KEY (`id`);

--
-- Indexes for table `em_event_rundown`
--
ALTER TABLE `em_event_rundown`
  ADD PRIMARY KEY (`id`);

--
-- Indexes for table `em_event_trainer`
--
ALTER TABLE `em_event_trainer`
  ADD PRIMARY KEY (`id`);

--
-- Indexes for table `em_feedback`
--
ALTER TABLE `em_feedback`
  ADD PRIMARY KEY (`id`);

--
-- Indexes for table `em_feedback_detail`
--
ALTER TABLE `em_feedback_detail`
  ADD PRIMARY KEY (`id`);

--
-- Indexes for table `em_kategori_event`
--
ALTER TABLE `em_kategori_event`
  ADD PRIMARY KEY (`id`);

--
-- Indexes for table `em_kategori_rab`
--
ALTER TABLE `em_kategori_rab`
  ADD PRIMARY KEY (`id`);

--
-- Indexes for table `em_kategori_tempat`
--
ALTER TABLE `em_kategori_tempat`
  ADD PRIMARY KEY (`id`);

--
-- Indexes for table `em_klasifikasimateri`
--
ALTER TABLE `em_klasifikasimateri`
  ADD PRIMARY KEY (`id`);

--
-- Indexes for table `em_listpersetujuan`
--
ALTER TABLE `em_listpersetujuan`
  ADD PRIMARY KEY (`id`);

--
-- Indexes for table `em_listpersetujuan_alt`
--
ALTER TABLE `em_listpersetujuan_alt`
  ADD PRIMARY KEY (`id`);

--
-- Indexes for table `em_materi`
--
ALTER TABLE `em_materi`
  ADD PRIMARY KEY (`id`);

--
-- Indexes for table `em_navigationmenu`
--
ALTER TABLE `em_navigationmenu`
  ADD PRIMARY KEY (`id`);

--
-- Indexes for table `em_program_anggaran`
--
ALTER TABLE `em_program_anggaran`
  ADD PRIMARY KEY (`id`);

--
-- Indexes for table `em_realisasi`
--
ALTER TABLE `em_realisasi`
  ADD PRIMARY KEY (`id`);

--
-- Indexes for table `em_realisasi_bukti_transaksi`
--
ALTER TABLE `em_realisasi_bukti_transaksi`
  ADD PRIMARY KEY (`id`);

--
-- Indexes for table `em_realisasi_dokumentasi`
--
ALTER TABLE `em_realisasi_dokumentasi`
  ADD PRIMARY KEY (`id`);

--
-- Indexes for table `em_realisasi_evaluasitrainer`
--
ALTER TABLE `em_realisasi_evaluasitrainer`
  ADD PRIMARY KEY (`id`);

--
-- Indexes for table `em_registrasi`
--
ALTER TABLE `em_registrasi`
  ADD PRIMARY KEY (`id`);

--
-- Indexes for table `em_settings`
--
ALTER TABLE `em_settings`
  ADD PRIMARY KEY (`id`);

--
-- Indexes for table `em_systemactive`
--
ALTER TABLE `em_systemactive`
  ADD PRIMARY KEY (`id`);

--
-- Indexes for table `em_tipepelatihan`
--
ALTER TABLE `em_tipepelatihan`
  ADD PRIMARY KEY (`id`);

--
-- Indexes for table `em_tipe_exam`
--
ALTER TABLE `em_tipe_exam`
  ADD PRIMARY KEY (`id`);

--
-- Indexes for table `em_trainer`
--
ALTER TABLE `em_trainer`
  ADD PRIMARY KEY (`id`);

--
-- Indexes for table `em_trainereksternal`
--
ALTER TABLE `em_trainereksternal`
  ADD PRIMARY KEY (`id`);

--
-- Indexes for table `em_trainereksternal_files`
--
ALTER TABLE `em_trainereksternal_files`
  ADD PRIMARY KEY (`id`);

--
-- Indexes for table `em_url_host`
--
ALTER TABLE `em_url_host`
  ADD PRIMARY KEY (`id`);

--
-- Indexes for table `em_user`
--
ALTER TABLE `em_user`
  ADD PRIMARY KEY (`id`);

--
-- Indexes for table `em_usergroup`
--
ALTER TABLE `em_usergroup`
  ADD PRIMARY KEY (`id`);

--
-- Indexes for table `em_usergroup_matrix`
--
ALTER TABLE `em_usergroup_matrix`
  ADD PRIMARY KEY (`id`);

--
-- AUTO_INCREMENT for dumped tables
--

--
-- AUTO_INCREMENT for table `em_activitiesuser`
--
ALTER TABLE `em_activitiesuser`
  MODIFY `id` int(11) NOT NULL AUTO_INCREMENT, AUTO_INCREMENT=531;
--
-- AUTO_INCREMENT for table `em_bisnis_unit`
--
ALTER TABLE `em_bisnis_unit`
  MODIFY `id` int(11) UNSIGNED ZEROFILL NOT NULL AUTO_INCREMENT, AUTO_INCREMENT=4;
--
-- AUTO_INCREMENT for table `em_bisnis_unit_jabatan`
--
ALTER TABLE `em_bisnis_unit_jabatan`
  MODIFY `id` int(11) NOT NULL AUTO_INCREMENT, AUTO_INCREMENT=6;
--
-- AUTO_INCREMENT for table `em_cabang`
--
ALTER TABLE `em_cabang`
  MODIFY `id` int(10) UNSIGNED ZEROFILL NOT NULL AUTO_INCREMENT, AUTO_INCREMENT=17;
--
-- AUTO_INCREMENT for table `em_divisi`
--
ALTER TABLE `em_divisi`
  MODIFY `id` int(11) NOT NULL AUTO_INCREMENT, AUTO_INCREMENT=7;
--
-- AUTO_INCREMENT for table `em_email_template`
--
ALTER TABLE `em_email_template`
  MODIFY `id` int(11) NOT NULL AUTO_INCREMENT, AUTO_INCREMENT=2;
--
-- AUTO_INCREMENT for table `em_event`
--
ALTER TABLE `em_event`
  MODIFY `id` int(10) UNSIGNED ZEROFILL NOT NULL AUTO_INCREMENT, AUTO_INCREMENT=11;
--
-- AUTO_INCREMENT for table `em_event_approval`
--
ALTER TABLE `em_event_approval`
  MODIFY `id` int(11) NOT NULL AUTO_INCREMENT, AUTO_INCREMENT=6;
--
-- AUTO_INCREMENT for table `em_event_approval_files`
--
ALTER TABLE `em_event_approval_files`
  MODIFY `id` int(11) NOT NULL AUTO_INCREMENT, AUTO_INCREMENT=3;
--
-- AUTO_INCREMENT for table `em_event_changedate`
--
ALTER TABLE `em_event_changedate`
  MODIFY `id` int(11) NOT NULL AUTO_INCREMENT, AUTO_INCREMENT=2;
--
-- AUTO_INCREMENT for table `em_event_exam`
--
ALTER TABLE `em_event_exam`
  MODIFY `id` int(11) NOT NULL AUTO_INCREMENT, AUTO_INCREMENT=32;
--
-- AUTO_INCREMENT for table `em_event_listpeserta`
--
ALTER TABLE `em_event_listpeserta`
  MODIFY `id` int(10) UNSIGNED ZEROFILL NOT NULL AUTO_INCREMENT, AUTO_INCREMENT=590;
--
-- AUTO_INCREMENT for table `em_event_materikm`
--
ALTER TABLE `em_event_materikm`
  MODIFY `id` int(11) NOT NULL AUTO_INCREMENT, AUTO_INCREMENT=4;
--
-- AUTO_INCREMENT for table `em_event_pic`
--
ALTER TABLE `em_event_pic`
  MODIFY `id` int(11) NOT NULL AUTO_INCREMENT, AUTO_INCREMENT=65;
--
-- AUTO_INCREMENT for table `em_event_rab`
--
ALTER TABLE `em_event_rab`
  MODIFY `id` int(11) NOT NULL AUTO_INCREMENT, AUTO_INCREMENT=51;
--
-- AUTO_INCREMENT for table `em_event_rundown`
--
ALTER TABLE `em_event_rundown`
  MODIFY `id` int(11) NOT NULL AUTO_INCREMENT, AUTO_INCREMENT=8;
--
-- AUTO_INCREMENT for table `em_event_trainer`
--
ALTER TABLE `em_event_trainer`
  MODIFY `id` int(11) NOT NULL AUTO_INCREMENT, AUTO_INCREMENT=21;
--
-- AUTO_INCREMENT for table `em_feedback`
--
ALTER TABLE `em_feedback`
  MODIFY `id` int(11) NOT NULL AUTO_INCREMENT, AUTO_INCREMENT=6;
--
-- AUTO_INCREMENT for table `em_feedback_detail`
--
ALTER TABLE `em_feedback_detail`
  MODIFY `id` int(11) NOT NULL AUTO_INCREMENT, AUTO_INCREMENT=22;
--
-- AUTO_INCREMENT for table `em_kategori_event`
--
ALTER TABLE `em_kategori_event`
  MODIFY `id` int(10) UNSIGNED ZEROFILL NOT NULL AUTO_INCREMENT, AUTO_INCREMENT=15;
--
-- AUTO_INCREMENT for table `em_kategori_rab`
--
ALTER TABLE `em_kategori_rab`
  MODIFY `id` int(11) NOT NULL AUTO_INCREMENT, AUTO_INCREMENT=29;
--
-- AUTO_INCREMENT for table `em_kategori_tempat`
--
ALTER TABLE `em_kategori_tempat`
  MODIFY `id` int(11) NOT NULL AUTO_INCREMENT, AUTO_INCREMENT=19;
--
-- AUTO_INCREMENT for table `em_klasifikasimateri`
--
ALTER TABLE `em_klasifikasimateri`
  MODIFY `id` int(10) UNSIGNED ZEROFILL NOT NULL AUTO_INCREMENT, AUTO_INCREMENT=5;
--
-- AUTO_INCREMENT for table `em_listpersetujuan`
--
ALTER TABLE `em_listpersetujuan`
  MODIFY `id` int(10) UNSIGNED ZEROFILL NOT NULL AUTO_INCREMENT, AUTO_INCREMENT=5;
--
-- AUTO_INCREMENT for table `em_listpersetujuan_alt`
--
ALTER TABLE `em_listpersetujuan_alt`
  MODIFY `id` int(10) UNSIGNED ZEROFILL NOT NULL AUTO_INCREMENT, AUTO_INCREMENT=2;
--
-- AUTO_INCREMENT for table `em_materi`
--
ALTER TABLE `em_materi`
  MODIFY `id` int(11) UNSIGNED ZEROFILL NOT NULL AUTO_INCREMENT, AUTO_INCREMENT=5;
--
-- AUTO_INCREMENT for table `em_navigationmenu`
--
ALTER TABLE `em_navigationmenu`
  MODIFY `id` int(11) NOT NULL AUTO_INCREMENT, AUTO_INCREMENT=37;
--
-- AUTO_INCREMENT for table `em_program_anggaran`
--
ALTER TABLE `em_program_anggaran`
  MODIFY `id` int(11) NOT NULL AUTO_INCREMENT, AUTO_INCREMENT=19;
--
-- AUTO_INCREMENT for table `em_realisasi`
--
ALTER TABLE `em_realisasi`
  MODIFY `id` int(10) UNSIGNED ZEROFILL NOT NULL AUTO_INCREMENT, AUTO_INCREMENT=2;
--
-- AUTO_INCREMENT for table `em_realisasi_bukti_transaksi`
--
ALTER TABLE `em_realisasi_bukti_transaksi`
  MODIFY `id` int(11) NOT NULL AUTO_INCREMENT;
--
-- AUTO_INCREMENT for table `em_realisasi_dokumentasi`
--
ALTER TABLE `em_realisasi_dokumentasi`
  MODIFY `id` int(11) NOT NULL AUTO_INCREMENT;
--
-- AUTO_INCREMENT for table `em_realisasi_evaluasitrainer`
--
ALTER TABLE `em_realisasi_evaluasitrainer`
  MODIFY `id` int(11) NOT NULL AUTO_INCREMENT;
--
-- AUTO_INCREMENT for table `em_registrasi`
--
ALTER TABLE `em_registrasi`
  MODIFY `id` int(10) UNSIGNED ZEROFILL NOT NULL AUTO_INCREMENT, AUTO_INCREMENT=18;
--
-- AUTO_INCREMENT for table `em_settings`
--
ALTER TABLE `em_settings`
  MODIFY `id` int(11) NOT NULL AUTO_INCREMENT, AUTO_INCREMENT=3;
--
-- AUTO_INCREMENT for table `em_systemactive`
--
ALTER TABLE `em_systemactive`
  MODIFY `id` int(11) NOT NULL AUTO_INCREMENT, AUTO_INCREMENT=4;
--
-- AUTO_INCREMENT for table `em_tipepelatihan`
--
ALTER TABLE `em_tipepelatihan`
  MODIFY `id` int(10) UNSIGNED ZEROFILL NOT NULL AUTO_INCREMENT, AUTO_INCREMENT=9;
--
-- AUTO_INCREMENT for table `em_tipe_exam`
--
ALTER TABLE `em_tipe_exam`
  MODIFY `id` int(10) UNSIGNED ZEROFILL NOT NULL AUTO_INCREMENT, AUTO_INCREMENT=3;
--
-- AUTO_INCREMENT for table `em_trainer`
--
ALTER TABLE `em_trainer`
  MODIFY `id` int(11) NOT NULL AUTO_INCREMENT, AUTO_INCREMENT=9;
--
-- AUTO_INCREMENT for table `em_trainereksternal`
--
ALTER TABLE `em_trainereksternal`
  MODIFY `id` int(10) UNSIGNED ZEROFILL NOT NULL AUTO_INCREMENT, AUTO_INCREMENT=4;
--
-- AUTO_INCREMENT for table `em_trainereksternal_files`
--
ALTER TABLE `em_trainereksternal_files`
  MODIFY `id` int(11) NOT NULL AUTO_INCREMENT, AUTO_INCREMENT=6;
--
-- AUTO_INCREMENT for table `em_url_host`
--
ALTER TABLE `em_url_host`
  MODIFY `id` int(11) NOT NULL AUTO_INCREMENT, AUTO_INCREMENT=2;
--
-- AUTO_INCREMENT for table `em_user`
--
ALTER TABLE `em_user`
  MODIFY `id` int(11) UNSIGNED ZEROFILL NOT NULL AUTO_INCREMENT, AUTO_INCREMENT=14;
--
-- AUTO_INCREMENT for table `em_usergroup`
--
ALTER TABLE `em_usergroup`
  MODIFY `id` int(11) UNSIGNED ZEROFILL NOT NULL AUTO_INCREMENT, AUTO_INCREMENT=17;
--
-- AUTO_INCREMENT for table `em_usergroup_matrix`
--
ALTER TABLE `em_usergroup_matrix`
  MODIFY `id` int(11) NOT NULL AUTO_INCREMENT, AUTO_INCREMENT=87;
/*!40101 SET CHARACTER_SET_CLIENT=@OLD_CHARACTER_SET_CLIENT */;
/*!40101 SET CHARACTER_SET_RESULTS=@OLD_CHARACTER_SET_RESULTS */;
/*!40101 SET COLLATION_CONNECTION=@OLD_COLLATION_CONNECTION */;
